solid OpenSCAD_Model
  facet normal 0.995181 0.0980503 0
    outer loop
      vertex 73.4203 -28.3433 9.525
      vertex 73.4036 -28.1738 0
      vertex 73.4036 -28.1738 9.525
    endloop
  endfacet
  facet normal 0.995181 0.0980503 0
    outer loop
      vertex 73.4036 -28.1738 0
      vertex 73.4203 -28.3433 9.525
      vertex 73.4203 -28.3433 0
    endloop
  endfacet
  facet normal 0.986599 0.163162 0
    outer loop
      vertex 73.4481 -28.5114 9.525
      vertex 73.4203 -28.3433 0
      vertex 73.4203 -28.3433 9.525
    endloop
  endfacet
  facet normal 0.986599 0.163162 0
    outer loop
      vertex 73.4203 -28.3433 0
      vertex 73.4481 -28.5114 9.525
      vertex 73.4481 -28.5114 0
    endloop
  endfacet
  facet normal 0.99946 0.0328654 0
    outer loop
      vertex 73.4036 -28.1738 9.525
      vertex 73.398 -28.0035 0
      vertex 73.398 -28.0035 9.525
    endloop
  endfacet
  facet normal 0.99946 0.0328654 0
    outer loop
      vertex 73.398 -28.0035 0
      vertex 73.4036 -28.1738 9.525
      vertex 73.4036 -28.1738 0
    endloop
  endfacet
  facet normal -1 0 0
    outer loop
      vertex 78.6051 -28.0035 0
      vertex 78.6051 28.0035 9.525
      vertex 78.6051 28.0035 0
    endloop
  endfacet
  facet normal -1 -0 0
    outer loop
      vertex 78.6051 28.0035 9.525
      vertex 78.6051 -28.0035 0
      vertex 78.6051 -28.0035 9.525
    endloop
  endfacet
  facet normal -0.99946 0.0328654 0
    outer loop
      vertex 78.5995 -28.1738 0
      vertex 78.6051 -28.0035 9.525
      vertex 78.6051 -28.0035 0
    endloop
  endfacet
  facet normal -0.99946 0.0328654 0
    outer loop
      vertex 78.6051 -28.0035 9.525
      vertex 78.5995 -28.1738 0
      vertex 78.5995 -28.1738 9.525
    endloop
  endfacet
  facet normal 0.99946 -0.0328654 0
    outer loop
      vertex 73.398 28.0035 9.525
      vertex 73.4036 28.1738 0
      vertex 73.4036 28.1738 9.525
    endloop
  endfacet
  facet normal 0.99946 -0.0328654 0
    outer loop
      vertex 73.4036 28.1738 0
      vertex 73.398 28.0035 9.525
      vertex 73.398 28.0035 0
    endloop
  endfacet
  facet normal -0.995181 -0.0980503 0
    outer loop
      vertex 78.5995 28.1738 0
      vertex 78.5828 28.3433 9.525
      vertex 78.5828 28.3433 0
    endloop
  endfacet
  facet normal -0.995181 -0.0980503 0
    outer loop
      vertex 78.5828 28.3433 9.525
      vertex 78.5995 28.1738 0
      vertex 78.5995 28.1738 9.525
    endloop
  endfacet
  facet normal -0.99946 -0.0328654 0
    outer loop
      vertex 78.6051 28.0035 0
      vertex 78.5995 28.1738 9.525
      vertex 78.5995 28.1738 0
    endloop
  endfacet
  facet normal -0.99946 -0.0328654 0
    outer loop
      vertex 78.5995 28.1738 9.525
      vertex 78.6051 28.0035 0
      vertex 78.6051 28.0035 9.525
    endloop
  endfacet
  facet normal 1 -0 0
    outer loop
      vertex 73.398 -28.0035 9.525
      vertex 73.398 28.0035 0
      vertex 73.398 28.0035 9.525
    endloop
  endfacet
  facet normal 1 0 0
    outer loop
      vertex 73.398 28.0035 0
      vertex 73.398 -28.0035 9.525
      vertex 73.398 -28.0035 0
    endloop
  endfacet
  facet normal 0.16259 -0.986694 0
    outer loop
      vertex 75.4936 30.557 0
      vertex 75.6617 30.5847 9.525
      vertex 75.4936 30.557 9.525
    endloop
  endfacet
  facet normal 0.16259 -0.986694 0
    outer loop
      vertex 75.6617 30.5847 9.525
      vertex 75.4936 30.557 0
      vertex 75.6617 30.5847 0
    endloop
  endfacet
  facet normal 0.935894 0.352281 0
    outer loop
      vertex 73.5962 -28.9998 9.525
      vertex 73.5362 -28.8404 0
      vertex 73.5362 -28.8404 9.525
    endloop
  endfacet
  facet normal 0.935894 0.352281 0
    outer loop
      vertex 73.5362 -28.8404 0
      vertex 73.5962 -28.9998 9.525
      vertex 73.5962 -28.9998 0
    endloop
  endfacet
  facet normal -0.812701 -0.58268 0
    outer loop
      vertex 78.1663 29.4499 0
      vertex 78.067 29.5884 9.525
      vertex 78.067 29.5884 0
    endloop
  endfacet
  facet normal -0.812701 -0.58268 0
    outer loop
      vertex 78.067 29.5884 9.525
      vertex 78.1663 29.4499 0
      vertex 78.1663 29.4499 9.525
    endloop
  endfacet
  facet normal 0.729629 -0.683843 0
    outer loop
      vertex 74.0441 29.7201 9.525
      vertex 74.1606 29.8444 0
      vertex 74.1606 29.8444 9.525
    endloop
  endfacet
  facet normal 0.729629 -0.683843 0
    outer loop
      vertex 74.1606 29.8444 0
      vertex 74.0441 29.7201 9.525
      vertex 74.0441 29.7201 0
    endloop
  endfacet
  facet normal -0.0328847 -0.999459 0
    outer loop
      vertex 76.0016 30.607 0
      vertex 76.1718 30.6014 9.525
      vertex 76.0016 30.607 9.525
    endloop
  endfacet
  facet normal -0.0328847 -0.999459 -0
    outer loop
      vertex 76.1718 30.6014 9.525
      vertex 76.0016 30.607 0
      vertex 76.1718 30.6014 0
    endloop
  endfacet
  facet normal -0.0979931 -0.995187 0
    outer loop
      vertex 76.1718 30.6014 0
      vertex 76.3414 30.5847 9.525
      vertex 76.1718 30.6014 9.525
    endloop
  endfacet
  facet normal -0.0979931 -0.995187 -0
    outer loop
      vertex 76.3414 30.5847 9.525
      vertex 76.1718 30.6014 0
      vertex 76.3414 30.5847 0
    endloop
  endfacet
  facet normal -0.16259 -0.986694 0
    outer loop
      vertex 76.3414 30.5847 0
      vertex 76.5095 30.557 9.525
      vertex 76.3414 30.5847 9.525
    endloop
  endfacet
  facet normal -0.16259 -0.986694 -0
    outer loop
      vertex 76.5095 30.557 9.525
      vertex 76.3414 30.5847 0
      vertex 76.5095 30.557 0
    endloop
  endfacet
  facet normal -0.528151 -0.84915 0
    outer loop
      vertex 77.3033 30.2582 0
      vertex 77.448 30.1682 9.525
      vertex 77.3033 30.2582 9.525
    endloop
  endfacet
  facet normal -0.528151 -0.84915 -0
    outer loop
      vertex 77.448 30.1682 9.525
      vertex 77.3033 30.2582 0
      vertex 77.448 30.1682 0
    endloop
  endfacet
  facet normal -0.910908 -0.412609 0
    outer loop
      vertex 78.4069 28.9998 0
      vertex 78.3366 29.155 9.525
      vertex 78.3366 29.155 0
    endloop
  endfacet
  facet normal -0.910908 -0.412609 0
    outer loop
      vertex 78.3366 29.155 9.525
      vertex 78.4069 28.9998 0
      vertex 78.4069 28.9998 9.525
    endloop
  endfacet
  facet normal -0.957064 -0.289877 0
    outer loop
      vertex 78.5163 28.6773 0
      vertex 78.4669 28.8404 9.525
      vertex 78.4669 28.8404 0
    endloop
  endfacet
  facet normal -0.957064 -0.289877 0
    outer loop
      vertex 78.4669 28.8404 9.525
      vertex 78.5163 28.6773 0
      vertex 78.5163 28.6773 9.525
    endloop
  endfacet
  facet normal 0.352088 -0.935967 0
    outer loop
      vertex 75.0052 30.4088 0
      vertex 75.1647 30.4688 9.525
      vertex 75.0052 30.4088 9.525
    endloop
  endfacet
  facet normal 0.352088 -0.935967 0
    outer loop
      vertex 75.1647 30.4688 9.525
      vertex 75.0052 30.4088 0
      vertex 75.1647 30.4688 0
    endloop
  endfacet
  facet normal 0.881637 -0.471928 0
    outer loop
      vertex 73.6665 29.155 9.525
      vertex 73.7469 29.3052 0
      vertex 73.7469 29.3052 9.525
    endloop
  endfacet
  facet normal 0.881637 -0.471928 0
    outer loop
      vertex 73.7469 29.3052 0
      vertex 73.6665 29.155 9.525
      vertex 73.6665 29.155 0
    endloop
  endfacet
  facet normal 0.957064 -0.289877 0
    outer loop
      vertex 73.4868 28.6773 9.525
      vertex 73.5362 28.8404 0
      vertex 73.5362 28.8404 9.525
    endloop
  endfacet
  facet normal 0.957064 -0.289877 0
    outer loop
      vertex 73.5362 28.8404 0
      vertex 73.4868 28.6773 9.525
      vertex 73.4868 28.6773 0
    endloop
  endfacet
  facet normal 0.995181 -0.0980503 0
    outer loop
      vertex 73.4036 28.1738 9.525
      vertex 73.4203 28.3433 0
      vertex 73.4203 28.3433 9.525
    endloop
  endfacet
  facet normal 0.995181 -0.0980503 0
    outer loop
      vertex 73.4203 28.3433 0
      vertex 73.4036 28.1738 9.525
      vertex 73.4036 28.1738 0
    endloop
  endfacet
  facet normal -0.729629 0.683843 0
    outer loop
      vertex 77.8425 -29.8444 0
      vertex 77.959 -29.7201 9.525
      vertex 77.959 -29.7201 0
    endloop
  endfacet
  facet normal -0.729629 0.683843 0
    outer loop
      vertex 77.959 -29.7201 9.525
      vertex 77.8425 -29.8444 0
      vertex 77.8425 -29.8444 9.525
    endloop
  endfacet
  facet normal -0.910908 0.412609 0
    outer loop
      vertex 78.3366 -29.155 0
      vertex 78.4069 -28.9998 9.525
      vertex 78.4069 -28.9998 0
    endloop
  endfacet
  facet normal -0.910908 0.412609 0
    outer loop
      vertex 78.4069 -28.9998 9.525
      vertex 78.3366 -29.155 0
      vertex 78.3366 -29.155 9.525
    endloop
  endfacet
  facet normal 0.973854 0.227174 0
    outer loop
      vertex 73.4868 -28.6773 9.525
      vertex 73.4481 -28.5114 0
      vertex 73.4481 -28.5114 9.525
    endloop
  endfacet
  facet normal 0.973854 0.227174 0
    outer loop
      vertex 73.4481 -28.5114 0
      vertex 73.4868 -28.6773 9.525
      vertex 73.4868 -28.6773 0
    endloop
  endfacet
  facet normal -0.352088 -0.935967 0
    outer loop
      vertex 76.8384 30.4688 0
      vertex 76.9979 30.4088 9.525
      vertex 76.8384 30.4688 9.525
    endloop
  endfacet
  facet normal -0.352088 -0.935967 -0
    outer loop
      vertex 76.9979 30.4088 9.525
      vertex 76.8384 30.4688 0
      vertex 76.9979 30.4088 0
    endloop
  endfacet
  facet normal -0.471228 -0.882012 0
    outer loop
      vertex 77.153 30.3385 0
      vertex 77.3033 30.2582 9.525
      vertex 77.153 30.3385 9.525
    endloop
  endfacet
  facet normal -0.471228 -0.882012 -0
    outer loop
      vertex 77.3033 30.2582 9.525
      vertex 77.153 30.3385 0
      vertex 77.3033 30.2582 0
    endloop
  endfacet
  facet normal -0.683551 -0.729903 0
    outer loop
      vertex 77.7181 29.9609 0
      vertex 77.8425 29.8444 9.525
      vertex 77.7181 29.9609 9.525
    endloop
  endfacet
  facet normal -0.683551 -0.729903 -0
    outer loop
      vertex 77.8425 29.8444 9.525
      vertex 77.7181 29.9609 0
      vertex 77.8425 29.8444 0
    endloop
  endfacet
  facet normal -0.935894 -0.352281 0
    outer loop
      vertex 78.4669 28.8404 0
      vertex 78.4069 28.9998 9.525
      vertex 78.4069 28.9998 0
    endloop
  endfacet
  facet normal -0.935894 -0.352281 0
    outer loop
      vertex 78.4069 28.9998 9.525
      vertex 78.4669 28.8404 0
      vertex 78.4669 28.8404 9.525
    endloop
  endfacet
  facet normal -0.986599 -0.163162 0
    outer loop
      vertex 78.5828 28.3433 0
      vertex 78.555 28.5114 9.525
      vertex 78.555 28.5114 0
    endloop
  endfacet
  facet normal -0.986599 -0.163162 0
    outer loop
      vertex 78.555 28.5114 9.525
      vertex 78.5828 28.3433 0
      vertex 78.5828 28.3433 9.525
    endloop
  endfacet
  facet normal 0.683551 -0.729903 0
    outer loop
      vertex 74.1606 29.8444 0
      vertex 74.285 29.9609 9.525
      vertex 74.1606 29.8444 9.525
    endloop
  endfacet
  facet normal 0.683551 -0.729903 0
    outer loop
      vertex 74.285 29.9609 9.525
      vertex 74.1606 29.8444 0
      vertex 74.285 29.9609 0
    endloop
  endfacet
  facet normal 0.412829 -0.910808 0
    outer loop
      vertex 74.8501 30.3385 0
      vertex 75.0052 30.4088 9.525
      vertex 74.8501 30.3385 9.525
    endloop
  endfacet
  facet normal 0.412829 -0.910808 0
    outer loop
      vertex 75.0052 30.4088 9.525
      vertex 74.8501 30.3385 0
      vertex 75.0052 30.4088 0
    endloop
  endfacet
  facet normal 0.528151 -0.84915 0
    outer loop
      vertex 74.5551 30.1682 0
      vertex 74.6998 30.2582 9.525
      vertex 74.5551 30.1682 9.525
    endloop
  endfacet
  facet normal 0.528151 -0.84915 0
    outer loop
      vertex 74.6998 30.2582 9.525
      vertex 74.5551 30.1682 0
      vertex 74.6998 30.2582 0
    endloop
  endfacet
  facet normal 0.812701 -0.58268 0
    outer loop
      vertex 73.8368 29.4499 9.525
      vertex 73.9361 29.5884 0
      vertex 73.9361 29.5884 9.525
    endloop
  endfacet
  facet normal 0.812701 -0.58268 0
    outer loop
      vertex 73.9361 29.5884 0
      vertex 73.8368 29.4499 9.525
      vertex 73.8368 29.4499 0
    endloop
  endfacet
  facet normal 0.849413 -0.527728 0
    outer loop
      vertex 73.7469 29.3052 9.525
      vertex 73.8368 29.4499 0
      vertex 73.8368 29.4499 9.525
    endloop
  endfacet
  facet normal 0.849413 -0.527728 0
    outer loop
      vertex 73.8368 29.4499 0
      vertex 73.7469 29.3052 9.525
      vertex 73.7469 29.3052 0
    endloop
  endfacet
  facet normal -0.957064 0.289877 0
    outer loop
      vertex 78.4669 -28.8404 0
      vertex 78.5163 -28.6773 9.525
      vertex 78.5163 -28.6773 0
    endloop
  endfacet
  facet normal -0.957064 0.289877 0
    outer loop
      vertex 78.5163 -28.6773 9.525
      vertex 78.4669 -28.8404 0
      vertex 78.4669 -28.8404 9.525
    endloop
  endfacet
  facet normal -0.881637 0.471928 0
    outer loop
      vertex 78.2562 -29.3052 0
      vertex 78.3366 -29.155 9.525
      vertex 78.3366 -29.155 0
    endloop
  endfacet
  facet normal -0.881637 0.471928 0
    outer loop
      vertex 78.3366 -29.155 9.525
      vertex 78.2562 -29.3052 0
      vertex 78.2562 -29.3052 9.525
    endloop
  endfacet
  facet normal -0.849413 0.527728 0
    outer loop
      vertex 78.1663 -29.4499 0
      vertex 78.2562 -29.3052 9.525
      vertex 78.2562 -29.3052 0
    endloop
  endfacet
  facet normal -0.849413 0.527728 0
    outer loop
      vertex 78.2562 -29.3052 9.525
      vertex 78.1663 -29.4499 0
      vertex 78.1663 -29.4499 9.525
    endloop
  endfacet
  facet normal 0.0328654 0.99946 -0
    outer loop
      vertex 76.0016 -30.607 0
      vertex 75.8313 -30.6014 9.525
      vertex 76.0016 -30.607 9.525
    endloop
  endfacet
  facet normal 0.0328654 0.99946 0
    outer loop
      vertex 75.8313 -30.6014 9.525
      vertex 76.0016 -30.607 0
      vertex 75.8313 -30.6014 0
    endloop
  endfacet
  facet normal 0.471228 0.882012 -0
    outer loop
      vertex 74.8501 -30.3385 0
      vertex 74.6998 -30.2582 9.525
      vertex 74.8501 -30.3385 9.525
    endloop
  endfacet
  facet normal 0.471228 0.882012 0
    outer loop
      vertex 74.6998 -30.2582 9.525
      vertex 74.8501 -30.3385 0
      vertex 74.6998 -30.2582 0
    endloop
  endfacet
  facet normal -0.227174 -0.973854 0
    outer loop
      vertex 76.5095 30.557 0
      vertex 76.6754 30.5183 9.525
      vertex 76.5095 30.557 9.525
    endloop
  endfacet
  facet normal -0.227174 -0.973854 -0
    outer loop
      vertex 76.6754 30.5183 9.525
      vertex 76.5095 30.557 0
      vertex 76.6754 30.5183 0
    endloop
  endfacet
  facet normal -0.290578 -0.956851 0
    outer loop
      vertex 76.6754 30.5183 0
      vertex 76.8384 30.4688 9.525
      vertex 76.6754 30.5183 9.525
    endloop
  endfacet
  facet normal -0.290578 -0.956851 -0
    outer loop
      vertex 76.8384 30.4688 9.525
      vertex 76.6754 30.5183 0
      vertex 76.8384 30.4688 0
    endloop
  endfacet
  facet normal -0.582293 -0.812979 0
    outer loop
      vertex 77.448 30.1682 0
      vertex 77.5865 30.069 9.525
      vertex 77.448 30.1682 9.525
    endloop
  endfacet
  facet normal -0.582293 -0.812979 -0
    outer loop
      vertex 77.5865 30.069 9.525
      vertex 77.448 30.1682 0
      vertex 77.5865 30.069 0
    endloop
  endfacet
  facet normal -0.634739 -0.772726 0
    outer loop
      vertex 77.5865 30.069 0
      vertex 77.7181 29.9609 9.525
      vertex 77.5865 30.069 9.525
    endloop
  endfacet
  facet normal -0.634739 -0.772726 -0
    outer loop
      vertex 77.7181 29.9609 9.525
      vertex 77.5865 30.069 0
      vertex 77.7181 29.9609 0
    endloop
  endfacet
  facet normal -0.412829 -0.910808 0
    outer loop
      vertex 76.9979 30.4088 0
      vertex 77.153 30.3385 9.525
      vertex 76.9979 30.4088 9.525
    endloop
  endfacet
  facet normal -0.412829 -0.910808 -0
    outer loop
      vertex 77.153 30.3385 9.525
      vertex 76.9979 30.4088 0
      vertex 77.153 30.3385 0
    endloop
  endfacet
  facet normal -0.729629 -0.683843 0
    outer loop
      vertex 77.959 29.7201 0
      vertex 77.8425 29.8444 9.525
      vertex 77.8425 29.8444 0
    endloop
  endfacet
  facet normal -0.729629 -0.683843 0
    outer loop
      vertex 77.8425 29.8444 9.525
      vertex 77.959 29.7201 0
      vertex 77.959 29.7201 9.525
    endloop
  endfacet
  facet normal -0.773251 -0.634101 0
    outer loop
      vertex 78.067 29.5884 0
      vertex 77.959 29.7201 9.525
      vertex 77.959 29.7201 0
    endloop
  endfacet
  facet normal -0.773251 -0.634101 0
    outer loop
      vertex 77.959 29.7201 9.525
      vertex 78.067 29.5884 0
      vertex 78.067 29.5884 9.525
    endloop
  endfacet
  facet normal -0.849413 -0.527728 0
    outer loop
      vertex 78.2562 29.3052 0
      vertex 78.1663 29.4499 9.525
      vertex 78.1663 29.4499 0
    endloop
  endfacet
  facet normal -0.849413 -0.527728 0
    outer loop
      vertex 78.1663 29.4499 9.525
      vertex 78.2562 29.3052 0
      vertex 78.2562 29.3052 9.525
    endloop
  endfacet
  facet normal -0.881637 -0.471928 0
    outer loop
      vertex 78.3366 29.155 0
      vertex 78.2562 29.3052 9.525
      vertex 78.2562 29.3052 0
    endloop
  endfacet
  facet normal -0.881637 -0.471928 0
    outer loop
      vertex 78.2562 29.3052 9.525
      vertex 78.3366 29.155 0
      vertex 78.3366 29.155 9.525
    endloop
  endfacet
  facet normal -0.973854 -0.227174 0
    outer loop
      vertex 78.555 28.5114 0
      vertex 78.5163 28.6773 9.525
      vertex 78.5163 28.6773 0
    endloop
  endfacet
  facet normal -0.973854 -0.227174 0
    outer loop
      vertex 78.5163 28.6773 9.525
      vertex 78.555 28.5114 0
      vertex 78.555 28.5114 9.525
    endloop
  endfacet
  facet normal 0.0979931 -0.995187 0
    outer loop
      vertex 75.6617 30.5847 0
      vertex 75.8313 30.6014 9.525
      vertex 75.6617 30.5847 9.525
    endloop
  endfacet
  facet normal 0.0979931 -0.995187 0
    outer loop
      vertex 75.8313 30.6014 9.525
      vertex 75.6617 30.5847 0
      vertex 75.8313 30.6014 0
    endloop
  endfacet
  facet normal 0.0328654 -0.99946 0
    outer loop
      vertex 75.8313 30.6014 0
      vertex 76.0016 30.607 9.525
      vertex 75.8313 30.6014 9.525
    endloop
  endfacet
  facet normal 0.0328654 -0.99946 0
    outer loop
      vertex 76.0016 30.607 9.525
      vertex 75.8313 30.6014 0
      vertex 76.0016 30.607 0
    endloop
  endfacet
  facet normal 0.634739 -0.772726 0
    outer loop
      vertex 74.285 29.9609 0
      vertex 74.4166 30.069 9.525
      vertex 74.285 29.9609 9.525
    endloop
  endfacet
  facet normal 0.634739 -0.772726 0
    outer loop
      vertex 74.4166 30.069 9.525
      vertex 74.285 29.9609 0
      vertex 74.4166 30.069 0
    endloop
  endfacet
  facet normal 0.582293 -0.812979 0
    outer loop
      vertex 74.4166 30.069 0
      vertex 74.5551 30.1682 9.525
      vertex 74.4166 30.069 9.525
    endloop
  endfacet
  facet normal 0.582293 -0.812979 0
    outer loop
      vertex 74.5551 30.1682 9.525
      vertex 74.4166 30.069 0
      vertex 74.5551 30.1682 0
    endloop
  endfacet
  facet normal 0.471228 -0.882012 0
    outer loop
      vertex 74.6998 30.2582 0
      vertex 74.8501 30.3385 9.525
      vertex 74.6998 30.2582 9.525
    endloop
  endfacet
  facet normal 0.471228 -0.882012 0
    outer loop
      vertex 74.8501 30.3385 9.525
      vertex 74.6998 30.2582 0
      vertex 74.8501 30.3385 0
    endloop
  endfacet
  facet normal 0.290578 -0.956851 0
    outer loop
      vertex 75.1647 30.4688 0
      vertex 75.3277 30.5183 9.525
      vertex 75.1647 30.4688 9.525
    endloop
  endfacet
  facet normal 0.290578 -0.956851 0
    outer loop
      vertex 75.3277 30.5183 9.525
      vertex 75.1647 30.4688 0
      vertex 75.3277 30.5183 0
    endloop
  endfacet
  facet normal 0.227174 -0.973854 0
    outer loop
      vertex 75.3277 30.5183 0
      vertex 75.4936 30.557 9.525
      vertex 75.3277 30.5183 9.525
    endloop
  endfacet
  facet normal 0.227174 -0.973854 0
    outer loop
      vertex 75.4936 30.557 9.525
      vertex 75.3277 30.5183 0
      vertex 75.4936 30.557 0
    endloop
  endfacet
  facet normal 0.773251 -0.634101 0
    outer loop
      vertex 73.9361 29.5884 9.525
      vertex 74.0441 29.7201 0
      vertex 74.0441 29.7201 9.525
    endloop
  endfacet
  facet normal 0.773251 -0.634101 0
    outer loop
      vertex 74.0441 29.7201 0
      vertex 73.9361 29.5884 9.525
      vertex 73.9361 29.5884 0
    endloop
  endfacet
  facet normal 0.935894 -0.352281 0
    outer loop
      vertex 73.5362 28.8404 9.525
      vertex 73.5962 28.9998 0
      vertex 73.5962 28.9998 9.525
    endloop
  endfacet
  facet normal 0.935894 -0.352281 0
    outer loop
      vertex 73.5962 28.9998 0
      vertex 73.5362 28.8404 9.525
      vertex 73.5362 28.8404 0
    endloop
  endfacet
  facet normal 0.910908 -0.412609 0
    outer loop
      vertex 73.5962 28.9998 9.525
      vertex 73.6665 29.155 0
      vertex 73.6665 29.155 9.525
    endloop
  endfacet
  facet normal 0.910908 -0.412609 0
    outer loop
      vertex 73.6665 29.155 0
      vertex 73.5962 28.9998 9.525
      vertex 73.5962 28.9998 0
    endloop
  endfacet
  facet normal 0.986599 -0.163162 0
    outer loop
      vertex 73.4203 28.3433 9.525
      vertex 73.4481 28.5114 0
      vertex 73.4481 28.5114 9.525
    endloop
  endfacet
  facet normal 0.986599 -0.163162 0
    outer loop
      vertex 73.4481 28.5114 0
      vertex 73.4203 28.3433 9.525
      vertex 73.4203 28.3433 0
    endloop
  endfacet
  facet normal 0.973854 -0.227174 0
    outer loop
      vertex 73.4481 28.5114 9.525
      vertex 73.4868 28.6773 0
      vertex 73.4868 28.6773 9.525
    endloop
  endfacet
  facet normal 0.973854 -0.227174 0
    outer loop
      vertex 73.4868 28.6773 0
      vertex 73.4481 28.5114 9.525
      vertex 73.4481 28.5114 0
    endloop
  endfacet
  facet normal -0.935894 0.352281 0
    outer loop
      vertex 78.4069 -28.9998 0
      vertex 78.4669 -28.8404 9.525
      vertex 78.4669 -28.8404 0
    endloop
  endfacet
  facet normal -0.935894 0.352281 0
    outer loop
      vertex 78.4669 -28.8404 9.525
      vertex 78.4069 -28.9998 0
      vertex 78.4069 -28.9998 9.525
    endloop
  endfacet
  facet normal -0.986599 0.163162 0
    outer loop
      vertex 78.555 -28.5114 0
      vertex 78.5828 -28.3433 9.525
      vertex 78.5828 -28.3433 0
    endloop
  endfacet
  facet normal -0.986599 0.163162 0
    outer loop
      vertex 78.5828 -28.3433 9.525
      vertex 78.555 -28.5114 0
      vertex 78.555 -28.5114 9.525
    endloop
  endfacet
  facet normal -0.973854 0.227174 0
    outer loop
      vertex 78.5163 -28.6773 0
      vertex 78.555 -28.5114 9.525
      vertex 78.555 -28.5114 0
    endloop
  endfacet
  facet normal -0.973854 0.227174 0
    outer loop
      vertex 78.555 -28.5114 9.525
      vertex 78.5163 -28.6773 0
      vertex 78.5163 -28.6773 9.525
    endloop
  endfacet
  facet normal -0.995181 0.0980503 0
    outer loop
      vertex 78.5828 -28.3433 0
      vertex 78.5995 -28.1738 9.525
      vertex 78.5995 -28.1738 0
    endloop
  endfacet
  facet normal -0.995181 0.0980503 0
    outer loop
      vertex 78.5995 -28.1738 9.525
      vertex 78.5828 -28.3433 0
      vertex 78.5828 -28.3433 9.525
    endloop
  endfacet
  facet normal -0.773251 0.634101 0
    outer loop
      vertex 77.959 -29.7201 0
      vertex 78.067 -29.5884 9.525
      vertex 78.067 -29.5884 0
    endloop
  endfacet
  facet normal -0.773251 0.634101 0
    outer loop
      vertex 78.067 -29.5884 9.525
      vertex 77.959 -29.7201 0
      vertex 77.959 -29.7201 9.525
    endloop
  endfacet
  facet normal -0.812701 0.58268 0
    outer loop
      vertex 78.067 -29.5884 0
      vertex 78.1663 -29.4499 9.525
      vertex 78.1663 -29.4499 0
    endloop
  endfacet
  facet normal -0.812701 0.58268 0
    outer loop
      vertex 78.1663 -29.4499 9.525
      vertex 78.067 -29.5884 0
      vertex 78.067 -29.5884 9.525
    endloop
  endfacet
  facet normal -0.528151 0.84915 0
    outer loop
      vertex 77.448 -30.1682 0
      vertex 77.3033 -30.2582 9.525
      vertex 77.448 -30.1682 9.525
    endloop
  endfacet
  facet normal -0.528151 0.84915 0
    outer loop
      vertex 77.3033 -30.2582 9.525
      vertex 77.448 -30.1682 0
      vertex 77.3033 -30.2582 0
    endloop
  endfacet
  facet normal -0.412829 0.910808 0
    outer loop
      vertex 77.153 -30.3385 0
      vertex 76.9979 -30.4088 9.525
      vertex 77.153 -30.3385 9.525
    endloop
  endfacet
  facet normal -0.412829 0.910808 0
    outer loop
      vertex 76.9979 -30.4088 9.525
      vertex 77.153 -30.3385 0
      vertex 76.9979 -30.4088 0
    endloop
  endfacet
  facet normal -0.352088 0.935967 0
    outer loop
      vertex 76.9979 -30.4088 0
      vertex 76.8384 -30.4688 9.525
      vertex 76.9979 -30.4088 9.525
    endloop
  endfacet
  facet normal -0.352088 0.935967 0
    outer loop
      vertex 76.8384 -30.4688 9.525
      vertex 76.9979 -30.4088 0
      vertex 76.8384 -30.4688 0
    endloop
  endfacet
  facet normal 0.0979931 0.995187 -0
    outer loop
      vertex 75.8313 -30.6014 0
      vertex 75.6617 -30.5847 9.525
      vertex 75.8313 -30.6014 9.525
    endloop
  endfacet
  facet normal 0.0979931 0.995187 0
    outer loop
      vertex 75.6617 -30.5847 9.525
      vertex 75.8313 -30.6014 0
      vertex 75.6617 -30.5847 0
    endloop
  endfacet
  facet normal 0.16259 0.986694 -0
    outer loop
      vertex 75.6617 -30.5847 0
      vertex 75.4936 -30.557 9.525
      vertex 75.6617 -30.5847 9.525
    endloop
  endfacet
  facet normal 0.16259 0.986694 0
    outer loop
      vertex 75.4936 -30.557 9.525
      vertex 75.6617 -30.5847 0
      vertex 75.4936 -30.557 0
    endloop
  endfacet
  facet normal -0.582293 0.812979 0
    outer loop
      vertex 77.5865 -30.069 0
      vertex 77.448 -30.1682 9.525
      vertex 77.5865 -30.069 9.525
    endloop
  endfacet
  facet normal -0.582293 0.812979 0
    outer loop
      vertex 77.448 -30.1682 9.525
      vertex 77.5865 -30.069 0
      vertex 77.448 -30.1682 0
    endloop
  endfacet
  facet normal -0.683551 0.729903 0
    outer loop
      vertex 77.8425 -29.8444 0
      vertex 77.7181 -29.9609 9.525
      vertex 77.8425 -29.8444 9.525
    endloop
  endfacet
  facet normal -0.683551 0.729903 0
    outer loop
      vertex 77.7181 -29.9609 9.525
      vertex 77.8425 -29.8444 0
      vertex 77.7181 -29.9609 0
    endloop
  endfacet
  facet normal -0.471228 0.882012 0
    outer loop
      vertex 77.3033 -30.2582 0
      vertex 77.153 -30.3385 9.525
      vertex 77.3033 -30.2582 9.525
    endloop
  endfacet
  facet normal -0.471228 0.882012 0
    outer loop
      vertex 77.153 -30.3385 9.525
      vertex 77.3033 -30.2582 0
      vertex 77.153 -30.3385 0
    endloop
  endfacet
  facet normal -0.0328847 0.999459 0
    outer loop
      vertex 76.1718 -30.6014 0
      vertex 76.0016 -30.607 9.525
      vertex 76.1718 -30.6014 9.525
    endloop
  endfacet
  facet normal -0.0328847 0.999459 0
    outer loop
      vertex 76.0016 -30.607 9.525
      vertex 76.1718 -30.6014 0
      vertex 76.0016 -30.607 0
    endloop
  endfacet
  facet normal -0.16259 0.986694 0
    outer loop
      vertex 76.5095 -30.557 0
      vertex 76.3414 -30.5847 9.525
      vertex 76.5095 -30.557 9.525
    endloop
  endfacet
  facet normal -0.16259 0.986694 0
    outer loop
      vertex 76.3414 -30.5847 9.525
      vertex 76.5095 -30.557 0
      vertex 76.3414 -30.5847 0
    endloop
  endfacet
  facet normal 0.227174 0.973854 -0
    outer loop
      vertex 75.4936 -30.557 0
      vertex 75.3277 -30.5183 9.525
      vertex 75.4936 -30.557 9.525
    endloop
  endfacet
  facet normal 0.227174 0.973854 0
    outer loop
      vertex 75.3277 -30.5183 9.525
      vertex 75.4936 -30.557 0
      vertex 75.3277 -30.5183 0
    endloop
  endfacet
  facet normal 0.290578 0.956851 -0
    outer loop
      vertex 75.3277 -30.5183 0
      vertex 75.1647 -30.4688 9.525
      vertex 75.3277 -30.5183 9.525
    endloop
  endfacet
  facet normal 0.290578 0.956851 0
    outer loop
      vertex 75.1647 -30.4688 9.525
      vertex 75.3277 -30.5183 0
      vertex 75.1647 -30.4688 0
    endloop
  endfacet
  facet normal 0.412829 0.910808 -0
    outer loop
      vertex 75.0052 -30.4088 0
      vertex 74.8501 -30.3385 9.525
      vertex 75.0052 -30.4088 9.525
    endloop
  endfacet
  facet normal 0.412829 0.910808 0
    outer loop
      vertex 74.8501 -30.3385 9.525
      vertex 75.0052 -30.4088 0
      vertex 74.8501 -30.3385 0
    endloop
  endfacet
  facet normal 0.634739 0.772726 -0
    outer loop
      vertex 74.4166 -30.069 0
      vertex 74.285 -29.9609 9.525
      vertex 74.4166 -30.069 9.525
    endloop
  endfacet
  facet normal 0.634739 0.772726 0
    outer loop
      vertex 74.285 -29.9609 9.525
      vertex 74.4166 -30.069 0
      vertex 74.285 -29.9609 0
    endloop
  endfacet
  facet normal -0.634739 0.772726 0
    outer loop
      vertex 77.7181 -29.9609 0
      vertex 77.5865 -30.069 9.525
      vertex 77.7181 -29.9609 9.525
    endloop
  endfacet
  facet normal -0.634739 0.772726 0
    outer loop
      vertex 77.5865 -30.069 9.525
      vertex 77.7181 -29.9609 0
      vertex 77.5865 -30.069 0
    endloop
  endfacet
  facet normal -0.290578 0.956851 0
    outer loop
      vertex 76.8384 -30.4688 0
      vertex 76.6754 -30.5183 9.525
      vertex 76.8384 -30.4688 9.525
    endloop
  endfacet
  facet normal -0.290578 0.956851 0
    outer loop
      vertex 76.6754 -30.5183 9.525
      vertex 76.8384 -30.4688 0
      vertex 76.6754 -30.5183 0
    endloop
  endfacet
  facet normal -0.227174 0.973854 0
    outer loop
      vertex 76.6754 -30.5183 0
      vertex 76.5095 -30.557 9.525
      vertex 76.6754 -30.5183 9.525
    endloop
  endfacet
  facet normal -0.227174 0.973854 0
    outer loop
      vertex 76.5095 -30.557 9.525
      vertex 76.6754 -30.5183 0
      vertex 76.5095 -30.557 0
    endloop
  endfacet
  facet normal 0.352088 0.935967 -0
    outer loop
      vertex 75.1647 -30.4688 0
      vertex 75.0052 -30.4088 9.525
      vertex 75.1647 -30.4688 9.525
    endloop
  endfacet
  facet normal 0.352088 0.935967 0
    outer loop
      vertex 75.0052 -30.4088 9.525
      vertex 75.1647 -30.4688 0
      vertex 75.0052 -30.4088 0
    endloop
  endfacet
  facet normal 0.683551 0.729903 -0
    outer loop
      vertex 74.285 -29.9609 0
      vertex 74.1606 -29.8444 9.525
      vertex 74.285 -29.9609 9.525
    endloop
  endfacet
  facet normal 0.683551 0.729903 0
    outer loop
      vertex 74.1606 -29.8444 9.525
      vertex 74.285 -29.9609 0
      vertex 74.1606 -29.8444 0
    endloop
  endfacet
  facet normal -0.0979931 0.995187 0
    outer loop
      vertex 76.3414 -30.5847 0
      vertex 76.1718 -30.6014 9.525
      vertex 76.3414 -30.5847 9.525
    endloop
  endfacet
  facet normal -0.0979931 0.995187 0
    outer loop
      vertex 76.1718 -30.6014 9.525
      vertex 76.3414 -30.5847 0
      vertex 76.1718 -30.6014 0
    endloop
  endfacet
  facet normal 0.528151 0.84915 -0
    outer loop
      vertex 74.6998 -30.2582 0
      vertex 74.5551 -30.1682 9.525
      vertex 74.6998 -30.2582 9.525
    endloop
  endfacet
  facet normal 0.528151 0.84915 0
    outer loop
      vertex 74.5551 -30.1682 9.525
      vertex 74.6998 -30.2582 0
      vertex 74.5551 -30.1682 0
    endloop
  endfacet
  facet normal 0.582293 0.812979 -0
    outer loop
      vertex 74.5551 -30.1682 0
      vertex 74.4166 -30.069 9.525
      vertex 74.5551 -30.1682 9.525
    endloop
  endfacet
  facet normal 0.582293 0.812979 0
    outer loop
      vertex 74.4166 -30.069 9.525
      vertex 74.5551 -30.1682 0
      vertex 74.4166 -30.069 0
    endloop
  endfacet
  facet normal 0.729629 0.683843 0
    outer loop
      vertex 74.1606 -29.8444 9.525
      vertex 74.0441 -29.7201 0
      vertex 74.0441 -29.7201 9.525
    endloop
  endfacet
  facet normal 0.729629 0.683843 0
    outer loop
      vertex 74.0441 -29.7201 0
      vertex 74.1606 -29.8444 9.525
      vertex 74.1606 -29.8444 0
    endloop
  endfacet
  facet normal 0.773251 0.634101 0
    outer loop
      vertex 74.0441 -29.7201 9.525
      vertex 73.9361 -29.5884 0
      vertex 73.9361 -29.5884 9.525
    endloop
  endfacet
  facet normal 0.773251 0.634101 0
    outer loop
      vertex 73.9361 -29.5884 0
      vertex 74.0441 -29.7201 9.525
      vertex 74.0441 -29.7201 0
    endloop
  endfacet
  facet normal 0.812701 0.58268 0
    outer loop
      vertex 73.9361 -29.5884 9.525
      vertex 73.8368 -29.4499 0
      vertex 73.8368 -29.4499 9.525
    endloop
  endfacet
  facet normal 0.812701 0.58268 0
    outer loop
      vertex 73.8368 -29.4499 0
      vertex 73.9361 -29.5884 9.525
      vertex 73.9361 -29.5884 0
    endloop
  endfacet
  facet normal 0.849413 0.527728 0
    outer loop
      vertex 73.8368 -29.4499 9.525
      vertex 73.7469 -29.3052 0
      vertex 73.7469 -29.3052 9.525
    endloop
  endfacet
  facet normal 0.849413 0.527728 0
    outer loop
      vertex 73.7469 -29.3052 0
      vertex 73.8368 -29.4499 9.525
      vertex 73.8368 -29.4499 0
    endloop
  endfacet
  facet normal 0.881637 0.471928 0
    outer loop
      vertex 73.7469 -29.3052 9.525
      vertex 73.6665 -29.155 0
      vertex 73.6665 -29.155 9.525
    endloop
  endfacet
  facet normal 0.881637 0.471928 0
    outer loop
      vertex 73.6665 -29.155 0
      vertex 73.7469 -29.3052 9.525
      vertex 73.7469 -29.3052 0
    endloop
  endfacet
  facet normal 0.910908 0.412609 0
    outer loop
      vertex 73.6665 -29.155 9.525
      vertex 73.5962 -28.9998 0
      vertex 73.5962 -28.9998 9.525
    endloop
  endfacet
  facet normal 0.910908 0.412609 0
    outer loop
      vertex 73.5962 -28.9998 0
      vertex 73.6665 -29.155 9.525
      vertex 73.6665 -29.155 0
    endloop
  endfacet
  facet normal 0.957064 0.289877 0
    outer loop
      vertex 73.5362 -28.8404 9.525
      vertex 73.4868 -28.6773 0
      vertex 73.4868 -28.6773 9.525
    endloop
  endfacet
  facet normal 0.957064 0.289877 0
    outer loop
      vertex 73.4868 -28.6773 0
      vertex 73.5362 -28.8404 9.525
      vertex 73.5362 -28.8404 0
    endloop
  endfacet
  facet normal 0.995183 0.0980388 0
    outer loop
      vertex 69.1393 -28.9069 15.875
      vertex 69.0949 -28.4562 9.525
      vertex 69.0949 -28.4562 15.875
    endloop
  endfacet
  facet normal 0.995183 0.0980388 0
    outer loop
      vertex 69.0949 -28.4562 9.525
      vertex 69.1393 -28.9069 15.875
      vertex 69.1393 -28.9069 9.525
    endloop
  endfacet
  facet normal 0.986637 0.162931 0
    outer loop
      vertex 69.2131 -29.3538 15.875
      vertex 69.1393 -28.9069 9.525
      vertex 69.1393 -28.9069 15.875
    endloop
  endfacet
  facet normal 0.986637 0.162931 0
    outer loop
      vertex 69.1393 -28.9069 9.525
      vertex 69.2131 -29.3538 15.875
      vertex 69.2131 -29.3538 9.525
    endloop
  endfacet
  facet normal 0.999466 0.0326753 0
    outer loop
      vertex 69.0949 -28.4562 15.875
      vertex 69.0801 -28.0035 9.525
      vertex 69.0801 -28.0035 15.875
    endloop
  endfacet
  facet normal 0.999466 0.0326753 0
    outer loop
      vertex 69.0801 -28.0035 9.525
      vertex 69.0949 -28.4562 15.875
      vertex 69.0949 -28.4562 9.525
    endloop
  endfacet
  facet normal 0.471425 0.881906 -0
    outer loop
      vertex 72.9402 -34.2112 9.525
      vertex 72.5408 -33.9977 15.875
      vertex 72.9402 -34.2112 15.875
    endloop
  endfacet
  facet normal 0.471425 0.881906 0
    outer loop
      vertex 72.5408 -33.9977 15.875
      vertex 72.9402 -34.2112 9.525
      vertex 72.5408 -33.9977 9.525
    endloop
  endfacet
  facet normal -1 0 0
    outer loop
      vertex 82.923 -28.0035 9.525
      vertex 82.923 28.0035 15.875
      vertex 82.923 28.0035 9.525
    endloop
  endfacet
  facet normal -1 -0 0
    outer loop
      vertex 82.923 28.0035 15.875
      vertex 82.923 -28.0035 9.525
      vertex 82.923 -28.0035 15.875
    endloop
  endfacet
  facet normal 0.849323 0.527874 0
    outer loop
      vertex 70.2465 -31.8489 15.875
      vertex 70.0074 -31.4642 9.525
      vertex 70.0074 -31.4642 15.875
    endloop
  endfacet
  facet normal 0.849323 0.527874 0
    outer loop
      vertex 70.0074 -31.4642 9.525
      vertex 70.2465 -31.8489 15.875
      vertex 70.2465 -31.8489 9.525
    endloop
  endfacet
  facet normal 1 -0 0
    outer loop
      vertex 69.0801 -28.0035 15.875
      vertex 69.0801 28.0035 9.525
      vertex 69.0801 28.0035 15.875
    endloop
  endfacet
  facet normal 1 0 0
    outer loop
      vertex 69.0801 28.0035 9.525
      vertex 69.0801 -28.0035 15.875
      vertex 69.0801 -28.0035 9.525
    endloop
  endfacet
  facet normal 0 0 1
    outer loop
      vertex 78.6051 28.0035 9.525
      vertex 82.923 28.0035 9.525
      vertex 82.9082 28.4562 9.525
    endloop
  endfacet
  facet normal 0 0 1
    outer loop
      vertex 82.923 28.0035 9.525
      vertex 78.6051 28.0035 9.525
      vertex 82.923 -28.0035 9.525
    endloop
  endfacet
  facet normal 0 0 1
    outer loop
      vertex 78.5995 28.1738 9.525
      vertex 82.9082 28.4562 9.525
      vertex 82.8638 28.9069 9.525
    endloop
  endfacet
  facet normal 0 0 1
    outer loop
      vertex 78.6051 -28.0035 9.525
      vertex 82.923 -28.0035 9.525
      vertex 78.6051 28.0035 9.525
    endloop
  endfacet
  facet normal 0 0 1
    outer loop
      vertex 78.5828 28.3433 9.525
      vertex 82.8638 28.9069 9.525
      vertex 82.7901 29.3538 9.525
    endloop
  endfacet
  facet normal 0 0 1
    outer loop
      vertex 82.923 -28.0035 9.525
      vertex 78.6051 -28.0035 9.525
      vertex 82.9082 -28.4562 9.525
    endloop
  endfacet
  facet normal 0 0 1
    outer loop
      vertex 78.555 28.5114 9.525
      vertex 82.7901 29.3538 9.525
      vertex 82.6872 29.7949 9.525
    endloop
  endfacet
  facet normal -0 0 1
    outer loop
      vertex 78.5995 -28.1738 9.525
      vertex 82.9082 -28.4562 9.525
      vertex 78.6051 -28.0035 9.525
    endloop
  endfacet
  facet normal 0 0 1
    outer loop
      vertex 78.5163 28.6773 9.525
      vertex 82.6872 29.7949 9.525
      vertex 82.5557 30.2283 9.525
    endloop
  endfacet
  facet normal 0 0 1
    outer loop
      vertex 82.9082 -28.4562 9.525
      vertex 78.5995 -28.1738 9.525
      vertex 82.8638 -28.9069 9.525
    endloop
  endfacet
  facet normal 0 0 1
    outer loop
      vertex 78.4669 28.8404 9.525
      vertex 82.5557 30.2283 9.525
      vertex 82.3962 30.6522 9.525
    endloop
  endfacet
  facet normal -0 0 1
    outer loop
      vertex 78.5828 -28.3433 9.525
      vertex 82.8638 -28.9069 9.525
      vertex 78.5995 -28.1738 9.525
    endloop
  endfacet
  facet normal 0 0 1
    outer loop
      vertex 78.4069 28.9998 9.525
      vertex 82.3962 30.6522 9.525
      vertex 82.2093 31.0648 9.525
    endloop
  endfacet
  facet normal 0 0 1
    outer loop
      vertex 82.8638 -28.9069 9.525
      vertex 78.5828 -28.3433 9.525
      vertex 82.7901 -29.3538 9.525
    endloop
  endfacet
  facet normal 0 0 1
    outer loop
      vertex 78.3366 29.155 9.525
      vertex 82.2093 31.0648 9.525
      vertex 81.9957 31.4642 9.525
    endloop
  endfacet
  facet normal -0 0 1
    outer loop
      vertex 78.555 -28.5114 9.525
      vertex 82.7901 -29.3538 9.525
      vertex 78.5828 -28.3433 9.525
    endloop
  endfacet
  facet normal 0 0 1
    outer loop
      vertex 78.2562 29.3052 9.525
      vertex 81.9957 31.4642 9.525
      vertex 81.7566 31.8489 9.525
    endloop
  endfacet
  facet normal 0 0 1
    outer loop
      vertex 82.7901 -29.3538 9.525
      vertex 78.555 -28.5114 9.525
      vertex 82.6872 -29.7949 9.525
    endloop
  endfacet
  facet normal 0 0 1
    outer loop
      vertex 78.1663 29.4499 9.525
      vertex 81.7566 31.8489 9.525
      vertex 81.4928 32.217 9.525
    endloop
  endfacet
  facet normal -0 0 1
    outer loop
      vertex 78.5163 -28.6773 9.525
      vertex 82.6872 -29.7949 9.525
      vertex 78.555 -28.5114 9.525
    endloop
  endfacet
  facet normal 0 0 1
    outer loop
      vertex 78.067 29.5884 9.525
      vertex 81.4928 32.217 9.525
      vertex 81.2054 32.5672 9.525
    endloop
  endfacet
  facet normal 0 0 1
    outer loop
      vertex 82.6872 -29.7949 9.525
      vertex 78.5163 -28.6773 9.525
      vertex 82.5557 -30.2283 9.525
    endloop
  endfacet
  facet normal 0 0 1
    outer loop
      vertex 77.959 29.7201 9.525
      vertex 81.2054 32.5672 9.525
      vertex 80.8958 32.8977 9.525
    endloop
  endfacet
  facet normal -0 0 1
    outer loop
      vertex 78.4669 -28.8404 9.525
      vertex 82.5557 -30.2283 9.525
      vertex 78.5163 -28.6773 9.525
    endloop
  endfacet
  facet normal 0 0 1
    outer loop
      vertex 77.8425 29.8444 9.525
      vertex 80.8958 32.8977 9.525
      vertex 80.5652 33.2073 9.525
    endloop
  endfacet
  facet normal 0 0 1
    outer loop
      vertex 82.5557 -30.2283 9.525
      vertex 78.4669 -28.8404 9.525
      vertex 82.3962 -30.6522 9.525
    endloop
  endfacet
  facet normal 0 0 1
    outer loop
      vertex 77.7181 29.9609 9.525
      vertex 80.5652 33.2073 9.525
      vertex 80.2151 33.4947 9.525
    endloop
  endfacet
  facet normal -0 0 1
    outer loop
      vertex 78.4069 -28.9998 9.525
      vertex 82.3962 -30.6522 9.525
      vertex 78.4669 -28.8404 9.525
    endloop
  endfacet
  facet normal 0 0 1
    outer loop
      vertex 77.5865 30.069 9.525
      vertex 80.2151 33.4947 9.525
      vertex 79.8469 33.7585 9.525
    endloop
  endfacet
  facet normal 0 0 1
    outer loop
      vertex 82.3962 -30.6522 9.525
      vertex 78.4069 -28.9998 9.525
      vertex 82.2093 -31.0648 9.525
    endloop
  endfacet
  facet normal 0 0 1
    outer loop
      vertex 77.448 30.1682 9.525
      vertex 79.8469 33.7585 9.525
      vertex 79.4623 33.9977 9.525
    endloop
  endfacet
  facet normal -0 0 1
    outer loop
      vertex 78.3366 -29.155 9.525
      vertex 82.2093 -31.0648 9.525
      vertex 78.4069 -28.9998 9.525
    endloop
  endfacet
  facet normal 0 0 1
    outer loop
      vertex 77.3033 30.2582 9.525
      vertex 79.4623 33.9977 9.525
      vertex 79.0629 34.2112 9.525
    endloop
  endfacet
  facet normal 0 0 1
    outer loop
      vertex 82.2093 -31.0648 9.525
      vertex 78.3366 -29.155 9.525
      vertex 81.9957 -31.4642 9.525
    endloop
  endfacet
  facet normal 0 0 1
    outer loop
      vertex 77.153 30.3385 9.525
      vertex 79.0629 34.2112 9.525
      vertex 78.6503 34.3981 9.525
    endloop
  endfacet
  facet normal -0 0 1
    outer loop
      vertex 78.2562 -29.3052 9.525
      vertex 81.9957 -31.4642 9.525
      vertex 78.3366 -29.155 9.525
    endloop
  endfacet
  facet normal 0 0 1
    outer loop
      vertex 81.9957 -31.4642 9.525
      vertex 78.2562 -29.3052 9.525
      vertex 81.7566 -31.8489 9.525
    endloop
  endfacet
  facet normal 0 0 1
    outer loop
      vertex 82.9082 28.4562 9.525
      vertex 78.5995 28.1738 9.525
      vertex 78.6051 28.0035 9.525
    endloop
  endfacet
  facet normal 0 0 1
    outer loop
      vertex 82.8638 28.9069 9.525
      vertex 78.5828 28.3433 9.525
      vertex 78.5995 28.1738 9.525
    endloop
  endfacet
  facet normal 0 0 1
    outer loop
      vertex 82.7901 29.3538 9.525
      vertex 78.555 28.5114 9.525
      vertex 78.5828 28.3433 9.525
    endloop
  endfacet
  facet normal 0 0 1
    outer loop
      vertex 82.6872 29.7949 9.525
      vertex 78.5163 28.6773 9.525
      vertex 78.555 28.5114 9.525
    endloop
  endfacet
  facet normal 0 0 1
    outer loop
      vertex 82.5557 30.2283 9.525
      vertex 78.4669 28.8404 9.525
      vertex 78.5163 28.6773 9.525
    endloop
  endfacet
  facet normal 0 0 1
    outer loop
      vertex 82.3962 30.6522 9.525
      vertex 78.4069 28.9998 9.525
      vertex 78.4669 28.8404 9.525
    endloop
  endfacet
  facet normal 0 0 1
    outer loop
      vertex 82.2093 31.0648 9.525
      vertex 78.3366 29.155 9.525
      vertex 78.4069 28.9998 9.525
    endloop
  endfacet
  facet normal 0 0 1
    outer loop
      vertex 81.9957 31.4642 9.525
      vertex 78.2562 29.3052 9.525
      vertex 78.3366 29.155 9.525
    endloop
  endfacet
  facet normal 0 0 1
    outer loop
      vertex 76.9979 30.4088 9.525
      vertex 78.6503 34.3981 9.525
      vertex 78.2264 34.5577 9.525
    endloop
  endfacet
  facet normal 0 0 1
    outer loop
      vertex 81.7566 31.8489 9.525
      vertex 78.1663 29.4499 9.525
      vertex 78.2562 29.3052 9.525
    endloop
  endfacet
  facet normal 0 0 1
    outer loop
      vertex 81.4928 32.217 9.525
      vertex 78.067 29.5884 9.525
      vertex 78.1663 29.4499 9.525
    endloop
  endfacet
  facet normal 0 0 1
    outer loop
      vertex 81.2054 32.5672 9.525
      vertex 77.959 29.7201 9.525
      vertex 78.067 29.5884 9.525
    endloop
  endfacet
  facet normal 0 0 1
    outer loop
      vertex 80.8958 32.8977 9.525
      vertex 77.8425 29.8444 9.525
      vertex 77.959 29.7201 9.525
    endloop
  endfacet
  facet normal 0 0 1
    outer loop
      vertex 76.8384 30.4688 9.525
      vertex 78.2264 34.5577 9.525
      vertex 77.793 34.6891 9.525
    endloop
  endfacet
  facet normal 0 0 1
    outer loop
      vertex 80.5652 33.2073 9.525
      vertex 77.7181 29.9609 9.525
      vertex 77.8425 29.8444 9.525
    endloop
  endfacet
  facet normal 0 0 1
    outer loop
      vertex 80.2151 33.4947 9.525
      vertex 77.5865 30.069 9.525
      vertex 77.7181 29.9609 9.525
    endloop
  endfacet
  facet normal 0 0 1
    outer loop
      vertex 79.8469 33.7585 9.525
      vertex 77.448 30.1682 9.525
      vertex 77.5865 30.069 9.525
    endloop
  endfacet
  facet normal 0 0 1
    outer loop
      vertex 76.6754 30.5183 9.525
      vertex 77.793 34.6891 9.525
      vertex 77.3519 34.792 9.525
    endloop
  endfacet
  facet normal 0 0 1
    outer loop
      vertex 79.4623 33.9977 9.525
      vertex 77.3033 30.2582 9.525
      vertex 77.448 30.1682 9.525
    endloop
  endfacet
  facet normal 0 0 1
    outer loop
      vertex 79.0629 34.2112 9.525
      vertex 77.153 30.3385 9.525
      vertex 77.3033 30.2582 9.525
    endloop
  endfacet
  facet normal 0 0 1
    outer loop
      vertex 78.6503 34.3981 9.525
      vertex 76.9979 30.4088 9.525
      vertex 77.153 30.3385 9.525
    endloop
  endfacet
  facet normal 0 0 1
    outer loop
      vertex 76.5095 30.557 9.525
      vertex 77.3519 34.792 9.525
      vertex 76.905 34.8658 9.525
    endloop
  endfacet
  facet normal 0 0 1
    outer loop
      vertex 78.2264 34.5577 9.525
      vertex 76.8384 30.4688 9.525
      vertex 76.9979 30.4088 9.525
    endloop
  endfacet
  facet normal 0 0 1
    outer loop
      vertex 77.793 34.6891 9.525
      vertex 76.6754 30.5183 9.525
      vertex 76.8384 30.4688 9.525
    endloop
  endfacet
  facet normal 0 0 1
    outer loop
      vertex 77.3519 34.792 9.525
      vertex 76.5095 30.557 9.525
      vertex 76.6754 30.5183 9.525
    endloop
  endfacet
  facet normal 0 0 1
    outer loop
      vertex 76.3414 30.5847 9.525
      vertex 76.905 34.8658 9.525
      vertex 76.4542 34.9102 9.525
    endloop
  endfacet
  facet normal 0 0 1
    outer loop
      vertex 76.905 34.8658 9.525
      vertex 76.3414 30.5847 9.525
      vertex 76.5095 30.557 9.525
    endloop
  endfacet
  facet normal 0 0 1
    outer loop
      vertex 76.4542 34.9102 9.525
      vertex 76.1718 30.6014 9.525
      vertex 76.3414 30.5847 9.525
    endloop
  endfacet
  facet normal 0 0 1
    outer loop
      vertex 76.0016 34.925 9.525
      vertex 76.1718 30.6014 9.525
      vertex 76.4542 34.9102 9.525
    endloop
  endfacet
  facet normal 0 0 1
    outer loop
      vertex 76.0016 34.925 9.525
      vertex 76.0016 30.607 9.525
      vertex 76.1718 30.6014 9.525
    endloop
  endfacet
  facet normal 0 0 1
    outer loop
      vertex 76.0016 34.925 9.525
      vertex 75.8313 30.6014 9.525
      vertex 76.0016 30.607 9.525
    endloop
  endfacet
  facet normal -0 0 1
    outer loop
      vertex 75.5489 34.9102 9.525
      vertex 75.8313 30.6014 9.525
      vertex 76.0016 34.925 9.525
    endloop
  endfacet
  facet normal 0 0 1
    outer loop
      vertex 75.8313 30.6014 9.525
      vertex 75.5489 34.9102 9.525
      vertex 75.6617 30.5847 9.525
    endloop
  endfacet
  facet normal -0 0 1
    outer loop
      vertex 75.0981 34.8658 9.525
      vertex 75.6617 30.5847 9.525
      vertex 75.5489 34.9102 9.525
    endloop
  endfacet
  facet normal 0 0 1
    outer loop
      vertex 75.6617 30.5847 9.525
      vertex 75.0981 34.8658 9.525
      vertex 75.4936 30.557 9.525
    endloop
  endfacet
  facet normal -0 0 1
    outer loop
      vertex 74.6512 34.792 9.525
      vertex 75.4936 30.557 9.525
      vertex 75.0981 34.8658 9.525
    endloop
  endfacet
  facet normal 0 0 1
    outer loop
      vertex 75.4936 30.557 9.525
      vertex 74.6512 34.792 9.525
      vertex 75.3277 30.5183 9.525
    endloop
  endfacet
  facet normal -0 0 1
    outer loop
      vertex 74.2101 34.6891 9.525
      vertex 75.3277 30.5183 9.525
      vertex 74.6512 34.792 9.525
    endloop
  endfacet
  facet normal 0 0 1
    outer loop
      vertex 75.3277 30.5183 9.525
      vertex 74.2101 34.6891 9.525
      vertex 75.1647 30.4688 9.525
    endloop
  endfacet
  facet normal -0 0 1
    outer loop
      vertex 73.7767 34.5577 9.525
      vertex 75.1647 30.4688 9.525
      vertex 74.2101 34.6891 9.525
    endloop
  endfacet
  facet normal 0 0 1
    outer loop
      vertex 75.1647 30.4688 9.525
      vertex 73.7767 34.5577 9.525
      vertex 75.0052 30.4088 9.525
    endloop
  endfacet
  facet normal -0 0 1
    outer loop
      vertex 73.3528 34.3981 9.525
      vertex 75.0052 30.4088 9.525
      vertex 73.7767 34.5577 9.525
    endloop
  endfacet
  facet normal 0 0 1
    outer loop
      vertex 75.0052 30.4088 9.525
      vertex 73.3528 34.3981 9.525
      vertex 74.8501 30.3385 9.525
    endloop
  endfacet
  facet normal -0 0 1
    outer loop
      vertex 72.9402 34.2112 9.525
      vertex 74.8501 30.3385 9.525
      vertex 73.3528 34.3981 9.525
    endloop
  endfacet
  facet normal 0 0 1
    outer loop
      vertex 74.8501 30.3385 9.525
      vertex 72.9402 34.2112 9.525
      vertex 74.6998 30.2582 9.525
    endloop
  endfacet
  facet normal -0 0 1
    outer loop
      vertex 72.5408 33.9977 9.525
      vertex 74.6998 30.2582 9.525
      vertex 72.9402 34.2112 9.525
    endloop
  endfacet
  facet normal 0 0 1
    outer loop
      vertex 74.6998 30.2582 9.525
      vertex 72.5408 33.9977 9.525
      vertex 74.5551 30.1682 9.525
    endloop
  endfacet
  facet normal -0 0 1
    outer loop
      vertex 72.1562 33.7585 9.525
      vertex 74.5551 30.1682 9.525
      vertex 72.5408 33.9977 9.525
    endloop
  endfacet
  facet normal 0 0 1
    outer loop
      vertex 74.5551 30.1682 9.525
      vertex 72.1562 33.7585 9.525
      vertex 74.4166 30.069 9.525
    endloop
  endfacet
  facet normal -0 0 1
    outer loop
      vertex 71.788 33.4947 9.525
      vertex 74.4166 30.069 9.525
      vertex 72.1562 33.7585 9.525
    endloop
  endfacet
  facet normal 0 0 1
    outer loop
      vertex 74.4166 30.069 9.525
      vertex 71.788 33.4947 9.525
      vertex 74.285 29.9609 9.525
    endloop
  endfacet
  facet normal -0 0 1
    outer loop
      vertex 71.4379 33.2073 9.525
      vertex 74.285 29.9609 9.525
      vertex 71.788 33.4947 9.525
    endloop
  endfacet
  facet normal 0 0 1
    outer loop
      vertex 74.285 29.9609 9.525
      vertex 71.4379 33.2073 9.525
      vertex 74.1606 29.8444 9.525
    endloop
  endfacet
  facet normal -0 0 1
    outer loop
      vertex 71.1073 32.8977 9.525
      vertex 74.1606 29.8444 9.525
      vertex 71.4379 33.2073 9.525
    endloop
  endfacet
  facet normal 0 0 1
    outer loop
      vertex 74.1606 29.8444 9.525
      vertex 71.1073 32.8977 9.525
      vertex 74.0441 29.7201 9.525
    endloop
  endfacet
  facet normal -0 0 1
    outer loop
      vertex 70.7977 32.5672 9.525
      vertex 74.0441 29.7201 9.525
      vertex 71.1073 32.8977 9.525
    endloop
  endfacet
  facet normal 0 0 1
    outer loop
      vertex 74.0441 29.7201 9.525
      vertex 70.7977 32.5672 9.525
      vertex 73.9361 29.5884 9.525
    endloop
  endfacet
  facet normal -0 0 1
    outer loop
      vertex 70.5104 32.217 9.525
      vertex 73.9361 29.5884 9.525
      vertex 70.7977 32.5672 9.525
    endloop
  endfacet
  facet normal 0 0 1
    outer loop
      vertex 73.8368 29.4499 9.525
      vertex 70.2465 31.8489 9.525
      vertex 73.7469 29.3052 9.525
    endloop
  endfacet
  facet normal -0 0 1
    outer loop
      vertex 70.2465 31.8489 9.525
      vertex 73.8368 29.4499 9.525
      vertex 70.5104 32.217 9.525
    endloop
  endfacet
  facet normal 0 0 1
    outer loop
      vertex 73.9361 29.5884 9.525
      vertex 70.5104 32.217 9.525
      vertex 73.8368 29.4499 9.525
    endloop
  endfacet
  facet normal -0 0 1
    outer loop
      vertex 78.1663 -29.4499 9.525
      vertex 81.7566 -31.8489 9.525
      vertex 78.2562 -29.3052 9.525
    endloop
  endfacet
  facet normal 0 0 1
    outer loop
      vertex 81.7566 -31.8489 9.525
      vertex 78.1663 -29.4499 9.525
      vertex 81.4928 -32.217 9.525
    endloop
  endfacet
  facet normal -0 0 1
    outer loop
      vertex 78.067 -29.5884 9.525
      vertex 81.4928 -32.217 9.525
      vertex 78.1663 -29.4499 9.525
    endloop
  endfacet
  facet normal 0 0 1
    outer loop
      vertex 81.4928 -32.217 9.525
      vertex 78.067 -29.5884 9.525
      vertex 81.2054 -32.5672 9.525
    endloop
  endfacet
  facet normal -0 0 1
    outer loop
      vertex 77.959 -29.7201 9.525
      vertex 81.2054 -32.5672 9.525
      vertex 78.067 -29.5884 9.525
    endloop
  endfacet
  facet normal 0 0 1
    outer loop
      vertex 81.2054 -32.5672 9.525
      vertex 77.959 -29.7201 9.525
      vertex 80.8958 -32.8977 9.525
    endloop
  endfacet
  facet normal -0 0 1
    outer loop
      vertex 77.8425 -29.8444 9.525
      vertex 80.8958 -32.8977 9.525
      vertex 77.959 -29.7201 9.525
    endloop
  endfacet
  facet normal 0 0 1
    outer loop
      vertex 80.8958 -32.8977 9.525
      vertex 77.8425 -29.8444 9.525
      vertex 80.5652 -33.2073 9.525
    endloop
  endfacet
  facet normal -0 0 1
    outer loop
      vertex 77.7181 -29.9609 9.525
      vertex 80.5652 -33.2073 9.525
      vertex 77.8425 -29.8444 9.525
    endloop
  endfacet
  facet normal 0 0 1
    outer loop
      vertex 80.5652 -33.2073 9.525
      vertex 77.7181 -29.9609 9.525
      vertex 80.2151 -33.4947 9.525
    endloop
  endfacet
  facet normal -0 0 1
    outer loop
      vertex 77.5865 -30.069 9.525
      vertex 80.2151 -33.4947 9.525
      vertex 77.7181 -29.9609 9.525
    endloop
  endfacet
  facet normal 0 0 1
    outer loop
      vertex 80.2151 -33.4947 9.525
      vertex 77.5865 -30.069 9.525
      vertex 79.8469 -33.7585 9.525
    endloop
  endfacet
  facet normal -0 0 1
    outer loop
      vertex 77.448 -30.1682 9.525
      vertex 79.8469 -33.7585 9.525
      vertex 77.5865 -30.069 9.525
    endloop
  endfacet
  facet normal 0 0 1
    outer loop
      vertex 79.8469 -33.7585 9.525
      vertex 77.448 -30.1682 9.525
      vertex 79.4623 -33.9977 9.525
    endloop
  endfacet
  facet normal -0 0 1
    outer loop
      vertex 77.3033 -30.2582 9.525
      vertex 79.4623 -33.9977 9.525
      vertex 77.448 -30.1682 9.525
    endloop
  endfacet
  facet normal 0 0 1
    outer loop
      vertex 79.4623 -33.9977 9.525
      vertex 77.3033 -30.2582 9.525
      vertex 79.0629 -34.2112 9.525
    endloop
  endfacet
  facet normal -0 0 1
    outer loop
      vertex 77.153 -30.3385 9.525
      vertex 79.0629 -34.2112 9.525
      vertex 77.3033 -30.2582 9.525
    endloop
  endfacet
  facet normal 0 0 1
    outer loop
      vertex 79.0629 -34.2112 9.525
      vertex 77.153 -30.3385 9.525
      vertex 78.6503 -34.3981 9.525
    endloop
  endfacet
  facet normal -0 0 1
    outer loop
      vertex 76.9979 -30.4088 9.525
      vertex 78.6503 -34.3981 9.525
      vertex 77.153 -30.3385 9.525
    endloop
  endfacet
  facet normal 0 0 1
    outer loop
      vertex 78.6503 -34.3981 9.525
      vertex 76.9979 -30.4088 9.525
      vertex 78.2264 -34.5577 9.525
    endloop
  endfacet
  facet normal -0 0 1
    outer loop
      vertex 76.8384 -30.4688 9.525
      vertex 78.2264 -34.5577 9.525
      vertex 76.9979 -30.4088 9.525
    endloop
  endfacet
  facet normal 0 0 1
    outer loop
      vertex 78.2264 -34.5577 9.525
      vertex 76.8384 -30.4688 9.525
      vertex 77.793 -34.6891 9.525
    endloop
  endfacet
  facet normal -0 0 1
    outer loop
      vertex 76.6754 -30.5183 9.525
      vertex 77.793 -34.6891 9.525
      vertex 76.8384 -30.4688 9.525
    endloop
  endfacet
  facet normal 0 0 1
    outer loop
      vertex 77.793 -34.6891 9.525
      vertex 76.6754 -30.5183 9.525
      vertex 77.3519 -34.792 9.525
    endloop
  endfacet
  facet normal -0 0 1
    outer loop
      vertex 76.5095 -30.557 9.525
      vertex 77.3519 -34.792 9.525
      vertex 76.6754 -30.5183 9.525
    endloop
  endfacet
  facet normal 0 0 1
    outer loop
      vertex 77.3519 -34.792 9.525
      vertex 76.5095 -30.557 9.525
      vertex 76.905 -34.8658 9.525
    endloop
  endfacet
  facet normal -0 0 1
    outer loop
      vertex 76.3414 -30.5847 9.525
      vertex 76.905 -34.8658 9.525
      vertex 76.5095 -30.557 9.525
    endloop
  endfacet
  facet normal 0 0 1
    outer loop
      vertex 76.905 -34.8658 9.525
      vertex 76.3414 -30.5847 9.525
      vertex 76.4542 -34.9102 9.525
    endloop
  endfacet
  facet normal -0 0 1
    outer loop
      vertex 76.1718 -30.6014 9.525
      vertex 76.4542 -34.9102 9.525
      vertex 76.3414 -30.5847 9.525
    endloop
  endfacet
  facet normal -0 0 1
    outer loop
      vertex 76.0016 -30.607 9.525
      vertex 76.4542 -34.9102 9.525
      vertex 76.1718 -30.6014 9.525
    endloop
  endfacet
  facet normal 0 0 1
    outer loop
      vertex 76.0016 -30.607 9.525
      vertex 76.0016 -34.925 9.525
      vertex 76.4542 -34.9102 9.525
    endloop
  endfacet
  facet normal 0 0 1
    outer loop
      vertex 75.8313 -30.6014 9.525
      vertex 76.0016 -34.925 9.525
      vertex 76.0016 -30.607 9.525
    endloop
  endfacet
  facet normal 0 0 1
    outer loop
      vertex 75.5489 -34.9102 9.525
      vertex 75.8313 -30.6014 9.525
      vertex 75.6617 -30.5847 9.525
    endloop
  endfacet
  facet normal 0 0 1
    outer loop
      vertex 75.8313 -30.6014 9.525
      vertex 75.5489 -34.9102 9.525
      vertex 76.0016 -34.925 9.525
    endloop
  endfacet
  facet normal 0 0 1
    outer loop
      vertex 75.0981 -34.8658 9.525
      vertex 75.6617 -30.5847 9.525
      vertex 75.4936 -30.557 9.525
    endloop
  endfacet
  facet normal 0 0 1
    outer loop
      vertex 74.6512 -34.792 9.525
      vertex 75.4936 -30.557 9.525
      vertex 75.3277 -30.5183 9.525
    endloop
  endfacet
  facet normal 0 0 1
    outer loop
      vertex 74.2101 -34.6891 9.525
      vertex 75.3277 -30.5183 9.525
      vertex 75.1647 -30.4688 9.525
    endloop
  endfacet
  facet normal 0 0 1
    outer loop
      vertex 75.6617 -30.5847 9.525
      vertex 75.0981 -34.8658 9.525
      vertex 75.5489 -34.9102 9.525
    endloop
  endfacet
  facet normal 0 0 1
    outer loop
      vertex 73.7767 -34.5577 9.525
      vertex 75.1647 -30.4688 9.525
      vertex 75.0052 -30.4088 9.525
    endloop
  endfacet
  facet normal 0 0 1
    outer loop
      vertex 73.3528 -34.3981 9.525
      vertex 75.0052 -30.4088 9.525
      vertex 74.8501 -30.3385 9.525
    endloop
  endfacet
  facet normal 0 0 1
    outer loop
      vertex 72.9402 -34.2112 9.525
      vertex 74.8501 -30.3385 9.525
      vertex 74.6998 -30.2582 9.525
    endloop
  endfacet
  facet normal 0 0 1
    outer loop
      vertex 75.4936 -30.557 9.525
      vertex 74.6512 -34.792 9.525
      vertex 75.0981 -34.8658 9.525
    endloop
  endfacet
  facet normal 0 0 1
    outer loop
      vertex 72.5408 -33.9977 9.525
      vertex 74.6998 -30.2582 9.525
      vertex 74.5551 -30.1682 9.525
    endloop
  endfacet
  facet normal 0 0 1
    outer loop
      vertex 72.1562 -33.7585 9.525
      vertex 74.5551 -30.1682 9.525
      vertex 74.4166 -30.069 9.525
    endloop
  endfacet
  facet normal 0 0 1
    outer loop
      vertex 71.788 -33.4947 9.525
      vertex 74.4166 -30.069 9.525
      vertex 74.285 -29.9609 9.525
    endloop
  endfacet
  facet normal 0 0 1
    outer loop
      vertex 75.3277 -30.5183 9.525
      vertex 74.2101 -34.6891 9.525
      vertex 74.6512 -34.792 9.525
    endloop
  endfacet
  facet normal 0 0 1
    outer loop
      vertex 71.4379 -33.2073 9.525
      vertex 74.285 -29.9609 9.525
      vertex 74.1606 -29.8444 9.525
    endloop
  endfacet
  facet normal 0 0 1
    outer loop
      vertex 71.1073 -32.8977 9.525
      vertex 74.1606 -29.8444 9.525
      vertex 74.0441 -29.7201 9.525
    endloop
  endfacet
  facet normal 0 0 1
    outer loop
      vertex 70.7977 -32.5672 9.525
      vertex 74.0441 -29.7201 9.525
      vertex 73.9361 -29.5884 9.525
    endloop
  endfacet
  facet normal 0 0 1
    outer loop
      vertex 70.5104 -32.217 9.525
      vertex 73.9361 -29.5884 9.525
      vertex 73.8368 -29.4499 9.525
    endloop
  endfacet
  facet normal 0 0 1
    outer loop
      vertex 75.1647 -30.4688 9.525
      vertex 73.7767 -34.5577 9.525
      vertex 74.2101 -34.6891 9.525
    endloop
  endfacet
  facet normal 0 0 1
    outer loop
      vertex 70.2465 -31.8489 9.525
      vertex 73.8368 -29.4499 9.525
      vertex 73.7469 -29.3052 9.525
    endloop
  endfacet
  facet normal 0 0 1
    outer loop
      vertex 70.0074 -31.4642 9.525
      vertex 73.7469 -29.3052 9.525
      vertex 73.6665 -29.155 9.525
    endloop
  endfacet
  facet normal 0 0 1
    outer loop
      vertex 69.7939 -31.0648 9.525
      vertex 73.6665 -29.155 9.525
      vertex 73.5962 -28.9998 9.525
    endloop
  endfacet
  facet normal 0 0 1
    outer loop
      vertex 69.6069 -30.6522 9.525
      vertex 73.5962 -28.9998 9.525
      vertex 73.5362 -28.8404 9.525
    endloop
  endfacet
  facet normal 0 0 1
    outer loop
      vertex 69.4474 -30.2283 9.525
      vertex 73.5362 -28.8404 9.525
      vertex 73.4868 -28.6773 9.525
    endloop
  endfacet
  facet normal 0 0 1
    outer loop
      vertex 69.3159 -29.7949 9.525
      vertex 73.4868 -28.6773 9.525
      vertex 73.4481 -28.5114 9.525
    endloop
  endfacet
  facet normal 0 0 1
    outer loop
      vertex 69.2131 -29.3538 9.525
      vertex 73.4481 -28.5114 9.525
      vertex 73.4203 -28.3433 9.525
    endloop
  endfacet
  facet normal 0 0 1
    outer loop
      vertex 69.1393 -28.9069 9.525
      vertex 73.4203 -28.3433 9.525
      vertex 73.4036 -28.1738 9.525
    endloop
  endfacet
  facet normal 0 0 1
    outer loop
      vertex 75.0052 -30.4088 9.525
      vertex 73.3528 -34.3981 9.525
      vertex 73.7767 -34.5577 9.525
    endloop
  endfacet
  facet normal 0 0 1
    outer loop
      vertex 69.0949 -28.4562 9.525
      vertex 73.4036 -28.1738 9.525
      vertex 73.398 -28.0035 9.525
    endloop
  endfacet
  facet normal 0 0 1
    outer loop
      vertex 73.398 28.0035 9.525
      vertex 69.0801 28.0035 9.525
      vertex 73.398 -28.0035 9.525
    endloop
  endfacet
  facet normal -0 0 1
    outer loop
      vertex 70.0074 31.4642 9.525
      vertex 73.7469 29.3052 9.525
      vertex 70.2465 31.8489 9.525
    endloop
  endfacet
  facet normal 0 0 1
    outer loop
      vertex 69.0801 -28.0035 9.525
      vertex 73.398 -28.0035 9.525
      vertex 69.0801 28.0035 9.525
    endloop
  endfacet
  facet normal 0 0 1
    outer loop
      vertex 73.7469 29.3052 9.525
      vertex 70.0074 31.4642 9.525
      vertex 73.6665 29.155 9.525
    endloop
  endfacet
  facet normal 0 -0 1
    outer loop
      vertex 69.0949 -28.4562 9.525
      vertex 73.398 -28.0035 9.525
      vertex 69.0801 -28.0035 9.525
    endloop
  endfacet
  facet normal -0 0 1
    outer loop
      vertex 69.7939 31.0648 9.525
      vertex 73.6665 29.155 9.525
      vertex 70.0074 31.4642 9.525
    endloop
  endfacet
  facet normal 0 0 1
    outer loop
      vertex 74.8501 -30.3385 9.525
      vertex 72.9402 -34.2112 9.525
      vertex 73.3528 -34.3981 9.525
    endloop
  endfacet
  facet normal 0 0 1
    outer loop
      vertex 73.6665 29.155 9.525
      vertex 69.7939 31.0648 9.525
      vertex 73.5962 28.9998 9.525
    endloop
  endfacet
  facet normal 0 0 1
    outer loop
      vertex 74.6998 -30.2582 9.525
      vertex 72.5408 -33.9977 9.525
      vertex 72.9402 -34.2112 9.525
    endloop
  endfacet
  facet normal -0 0 1
    outer loop
      vertex 69.6069 30.6522 9.525
      vertex 73.5962 28.9998 9.525
      vertex 69.7939 31.0648 9.525
    endloop
  endfacet
  facet normal 0 0 1
    outer loop
      vertex 74.5551 -30.1682 9.525
      vertex 72.1562 -33.7585 9.525
      vertex 72.5408 -33.9977 9.525
    endloop
  endfacet
  facet normal 0 0 1
    outer loop
      vertex 73.5962 28.9998 9.525
      vertex 69.6069 30.6522 9.525
      vertex 73.5362 28.8404 9.525
    endloop
  endfacet
  facet normal 0 0 1
    outer loop
      vertex 74.4166 -30.069 9.525
      vertex 71.788 -33.4947 9.525
      vertex 72.1562 -33.7585 9.525
    endloop
  endfacet
  facet normal -0 0 1
    outer loop
      vertex 69.4474 30.2283 9.525
      vertex 73.5362 28.8404 9.525
      vertex 69.6069 30.6522 9.525
    endloop
  endfacet
  facet normal 0 0 1
    outer loop
      vertex 74.285 -29.9609 9.525
      vertex 71.4379 -33.2073 9.525
      vertex 71.788 -33.4947 9.525
    endloop
  endfacet
  facet normal 0 0 1
    outer loop
      vertex 73.5362 28.8404 9.525
      vertex 69.4474 30.2283 9.525
      vertex 73.4868 28.6773 9.525
    endloop
  endfacet
  facet normal 0 0 1
    outer loop
      vertex 74.1606 -29.8444 9.525
      vertex 71.1073 -32.8977 9.525
      vertex 71.4379 -33.2073 9.525
    endloop
  endfacet
  facet normal -0 0 1
    outer loop
      vertex 69.3159 29.7949 9.525
      vertex 73.4868 28.6773 9.525
      vertex 69.4474 30.2283 9.525
    endloop
  endfacet
  facet normal 0 0 1
    outer loop
      vertex 74.0441 -29.7201 9.525
      vertex 70.7977 -32.5672 9.525
      vertex 71.1073 -32.8977 9.525
    endloop
  endfacet
  facet normal 0 0 1
    outer loop
      vertex 73.4868 28.6773 9.525
      vertex 69.3159 29.7949 9.525
      vertex 73.4481 28.5114 9.525
    endloop
  endfacet
  facet normal 0 0 1
    outer loop
      vertex 73.9361 -29.5884 9.525
      vertex 70.5104 -32.217 9.525
      vertex 70.7977 -32.5672 9.525
    endloop
  endfacet
  facet normal -0 0 1
    outer loop
      vertex 69.2131 29.3538 9.525
      vertex 73.4481 28.5114 9.525
      vertex 69.3159 29.7949 9.525
    endloop
  endfacet
  facet normal 0 0 1
    outer loop
      vertex 73.8368 -29.4499 9.525
      vertex 70.2465 -31.8489 9.525
      vertex 70.5104 -32.217 9.525
    endloop
  endfacet
  facet normal 0 0 1
    outer loop
      vertex 73.4481 28.5114 9.525
      vertex 69.2131 29.3538 9.525
      vertex 73.4203 28.3433 9.525
    endloop
  endfacet
  facet normal 0 0 1
    outer loop
      vertex 73.7469 -29.3052 9.525
      vertex 70.0074 -31.4642 9.525
      vertex 70.2465 -31.8489 9.525
    endloop
  endfacet
  facet normal -0 0 1
    outer loop
      vertex 69.1393 28.9069 9.525
      vertex 73.4203 28.3433 9.525
      vertex 69.2131 29.3538 9.525
    endloop
  endfacet
  facet normal 0 0 1
    outer loop
      vertex 73.6665 -29.155 9.525
      vertex 69.7939 -31.0648 9.525
      vertex 70.0074 -31.4642 9.525
    endloop
  endfacet
  facet normal 0 0 1
    outer loop
      vertex 73.4203 28.3433 9.525
      vertex 69.1393 28.9069 9.525
      vertex 73.4036 28.1738 9.525
    endloop
  endfacet
  facet normal 0 0 1
    outer loop
      vertex 73.5962 -28.9998 9.525
      vertex 69.6069 -30.6522 9.525
      vertex 69.7939 -31.0648 9.525
    endloop
  endfacet
  facet normal -0 0 1
    outer loop
      vertex 69.0949 28.4562 9.525
      vertex 73.4036 28.1738 9.525
      vertex 69.1393 28.9069 9.525
    endloop
  endfacet
  facet normal 0 0 1
    outer loop
      vertex 73.5362 -28.8404 9.525
      vertex 69.4474 -30.2283 9.525
      vertex 69.6069 -30.6522 9.525
    endloop
  endfacet
  facet normal 0 0 1
    outer loop
      vertex 73.4036 28.1738 9.525
      vertex 69.0949 28.4562 9.525
      vertex 73.398 28.0035 9.525
    endloop
  endfacet
  facet normal 0 0 1
    outer loop
      vertex 73.4868 -28.6773 9.525
      vertex 69.3159 -29.7949 9.525
      vertex 69.4474 -30.2283 9.525
    endloop
  endfacet
  facet normal 0 0 1
    outer loop
      vertex 73.398 28.0035 9.525
      vertex 69.0949 28.4562 9.525
      vertex 69.0801 28.0035 9.525
    endloop
  endfacet
  facet normal 0 0 1
    outer loop
      vertex 73.4481 -28.5114 9.525
      vertex 69.2131 -29.3538 9.525
      vertex 69.3159 -29.7949 9.525
    endloop
  endfacet
  facet normal 0 0 1
    outer loop
      vertex 73.4203 -28.3433 9.525
      vertex 69.1393 -28.9069 9.525
      vertex 69.2131 -29.3538 9.525
    endloop
  endfacet
  facet normal 0 0 1
    outer loop
      vertex 73.4036 -28.1738 9.525
      vertex 69.0949 -28.4562 9.525
      vertex 69.1393 -28.9069 9.525
    endloop
  endfacet
  facet normal 0.999466 -0.0326753 0
    outer loop
      vertex 69.0801 28.0035 15.875
      vertex 69.0949 28.4562 9.525
      vertex 69.0949 28.4562 15.875
    endloop
  endfacet
  facet normal 0.999466 -0.0326753 0
    outer loop
      vertex 69.0949 28.4562 9.525
      vertex 69.0801 28.0035 15.875
      vertex 69.0801 28.0035 9.525
    endloop
  endfacet
  facet normal -0.956922 -0.290344 0
    outer loop
      vertex 82.6872 29.7949 9.525
      vertex 82.5557 30.2283 15.875
      vertex 82.5557 30.2283 9.525
    endloop
  endfacet
  facet normal -0.956922 -0.290344 0
    outer loop
      vertex 82.5557 30.2283 15.875
      vertex 82.6872 29.7949 9.525
      vertex 82.6872 29.7949 15.875
    endloop
  endfacet
  facet normal 0.0326753 -0.999466 0
    outer loop
      vertex 75.5489 34.9102 9.525
      vertex 76.0016 34.925 15.875
      vertex 75.5489 34.9102 15.875
    endloop
  endfacet
  facet normal 0.0326753 -0.999466 0
    outer loop
      vertex 76.0016 34.925 15.875
      vertex 75.5489 34.9102 9.525
      vertex 76.0016 34.925 9.525
    endloop
  endfacet
  facet normal -0.995183 -0.0980388 0
    outer loop
      vertex 82.9082 28.4562 9.525
      vertex 82.8638 28.9069 15.875
      vertex 82.8638 28.9069 9.525
    endloop
  endfacet
  facet normal -0.995183 -0.0980388 0
    outer loop
      vertex 82.8638 28.9069 15.875
      vertex 82.9082 28.4562 9.525
      vertex 82.9082 28.4562 15.875
    endloop
  endfacet
  facet normal -0.999466 -0.0326753 0
    outer loop
      vertex 82.923 28.0035 9.525
      vertex 82.9082 28.4562 15.875
      vertex 82.9082 28.4562 9.525
    endloop
  endfacet
  facet normal -0.999466 -0.0326753 0
    outer loop
      vertex 82.9082 28.4562 15.875
      vertex 82.923 28.0035 9.525
      vertex 82.923 28.0035 15.875
    endloop
  endfacet
  facet normal -0.973853 0.227181 0
    outer loop
      vertex 82.6872 -29.7949 9.525
      vertex 82.7901 -29.3538 15.875
      vertex 82.7901 -29.3538 9.525
    endloop
  endfacet
  facet normal -0.973853 0.227181 0
    outer loop
      vertex 82.7901 -29.3538 15.875
      vertex 82.6872 -29.7949 9.525
      vertex 82.6872 -29.7949 15.875
    endloop
  endfacet
  facet normal 0.986637 -0.162931 0
    outer loop
      vertex 69.1393 28.9069 15.875
      vertex 69.2131 29.3538 9.525
      vertex 69.2131 29.3538 15.875
    endloop
  endfacet
  facet normal 0.986637 -0.162931 0
    outer loop
      vertex 69.2131 29.3538 9.525
      vertex 69.1393 28.9069 15.875
      vertex 69.1393 28.9069 9.525
    endloop
  endfacet
  facet normal 0.973901 -0.226971 0
    outer loop
      vertex 69.2131 29.3538 15.875
      vertex 69.3159 29.7949 9.525
      vertex 69.3159 29.7949 15.875
    endloop
  endfacet
  facet normal 0.973901 -0.226971 0
    outer loop
      vertex 69.3159 29.7949 9.525
      vertex 69.2131 29.3538 15.875
      vertex 69.2131 29.3538 9.525
    endloop
  endfacet
  facet normal 0.995183 -0.0980388 0
    outer loop
      vertex 69.0949 28.4562 15.875
      vertex 69.1393 28.9069 9.525
      vertex 69.1393 28.9069 15.875
    endloop
  endfacet
  facet normal 0.995183 -0.0980388 0
    outer loop
      vertex 69.1393 28.9069 9.525
      vertex 69.0949 28.4562 15.875
      vertex 69.0949 28.4562 9.525
    endloop
  endfacet
  facet normal -0.773012 -0.634391 0
    outer loop
      vertex 81.4928 32.217 9.525
      vertex 81.2054 32.5672 15.875
      vertex 81.2054 32.5672 9.525
    endloop
  endfacet
  facet normal -0.773012 -0.634391 0
    outer loop
      vertex 81.2054 32.5672 15.875
      vertex 81.4928 32.217 9.525
      vertex 81.4928 32.217 15.875
    endloop
  endfacet
  facet normal -0.290142 -0.956984 0
    outer loop
      vertex 77.793 34.6891 9.525
      vertex 78.2264 34.5577 15.875
      vertex 77.793 34.6891 15.875
    endloop
  endfacet
  facet normal -0.290142 -0.956984 -0
    outer loop
      vertex 78.2264 34.5577 15.875
      vertex 77.793 34.6891 9.525
      vertex 78.2264 34.5577 9.525
    endloop
  endfacet
  facet normal -0.352357 -0.935866 0
    outer loop
      vertex 78.2264 34.5577 9.525
      vertex 78.6503 34.3981 15.875
      vertex 78.2264 34.5577 15.875
    endloop
  endfacet
  facet normal -0.352357 -0.935866 -0
    outer loop
      vertex 78.6503 34.3981 15.875
      vertex 78.2264 34.5577 9.525
      vertex 78.6503 34.3981 9.525
    endloop
  endfacet
  facet normal -0.412622 -0.910903 0
    outer loop
      vertex 78.6503 34.3981 9.525
      vertex 79.0629 34.2112 15.875
      vertex 78.6503 34.3981 15.875
    endloop
  endfacet
  facet normal -0.412622 -0.910903 -0
    outer loop
      vertex 79.0629 34.2112 15.875
      vertex 78.6503 34.3981 9.525
      vertex 79.0629 34.2112 9.525
    endloop
  endfacet
  facet normal 0.412622 -0.910903 0
    outer loop
      vertex 72.9402 34.2112 9.525
      vertex 73.3528 34.3981 15.875
      vertex 72.9402 34.2112 15.875
    endloop
  endfacet
  facet normal 0.412622 -0.910903 0
    outer loop
      vertex 73.3528 34.3981 15.875
      vertex 72.9402 34.2112 9.525
      vertex 73.3528 34.3981 9.525
    endloop
  endfacet
  facet normal -0.973853 -0.227181 0
    outer loop
      vertex 82.7901 29.3538 9.525
      vertex 82.6872 29.7949 15.875
      vertex 82.6872 29.7949 9.525
    endloop
  endfacet
  facet normal -0.973853 -0.227181 0
    outer loop
      vertex 82.6872 29.7949 15.875
      vertex 82.7901 29.3538 9.525
      vertex 82.7901 29.3538 15.875
    endloop
  endfacet
  facet normal -0.0980173 -0.995185 0
    outer loop
      vertex 76.4542 34.9102 9.525
      vertex 76.905 34.8658 15.875
      vertex 76.4542 34.9102 15.875
    endloop
  endfacet
  facet normal -0.0980173 -0.995185 -0
    outer loop
      vertex 76.905 34.8658 15.875
      vertex 76.4542 34.9102 9.525
      vertex 76.905 34.8658 9.525
    endloop
  endfacet
  facet normal -0.634499 -0.772923 0
    outer loop
      vertex 80.2151 33.4947 9.525
      vertex 80.5652 33.2073 15.875
      vertex 80.2151 33.4947 15.875
    endloop
  endfacet
  facet normal -0.634499 -0.772923 -0
    outer loop
      vertex 80.5652 33.2073 15.875
      vertex 80.2151 33.4947 9.525
      vertex 80.5652 33.2073 9.525
    endloop
  endfacet
  facet normal -0.729806 -0.683655 0
    outer loop
      vertex 81.2054 32.5672 9.525
      vertex 80.8958 32.8977 15.875
      vertex 80.8958 32.8977 9.525
    endloop
  endfacet
  facet normal -0.729806 -0.683655 0
    outer loop
      vertex 80.8958 32.8977 15.875
      vertex 81.2054 32.5672 9.525
      vertex 81.2054 32.5672 15.875
    endloop
  endfacet
  facet normal -0.0326825 -0.999466 0
    outer loop
      vertex 76.0016 34.925 9.525
      vertex 76.4542 34.9102 15.875
      vertex 76.0016 34.925 15.875
    endloop
  endfacet
  facet normal -0.0326825 -0.999466 -0
    outer loop
      vertex 76.4542 34.9102 15.875
      vertex 76.0016 34.925 9.525
      vertex 76.4542 34.9102 9.525
    endloop
  endfacet
  facet normal 0.471425 -0.881906 0
    outer loop
      vertex 72.5408 33.9977 9.525
      vertex 72.9402 34.2112 15.875
      vertex 72.5408 33.9977 15.875
    endloop
  endfacet
  facet normal 0.471425 -0.881906 0
    outer loop
      vertex 72.9402 34.2112 15.875
      vertex 72.5408 33.9977 9.525
      vertex 72.9402 34.2112 9.525
    endloop
  endfacet
  facet normal 0.634499 -0.772923 0
    outer loop
      vertex 71.4379 33.2073 9.525
      vertex 71.788 33.4947 15.875
      vertex 71.4379 33.2073 15.875
    endloop
  endfacet
  facet normal 0.634499 -0.772923 0
    outer loop
      vertex 71.788 33.4947 15.875
      vertex 71.4379 33.2073 9.525
      vertex 71.788 33.4947 9.525
    endloop
  endfacet
  facet normal 0.812718 -0.582658 0
    outer loop
      vertex 70.2465 31.8489 15.875
      vertex 70.5104 32.217 9.525
      vertex 70.5104 32.217 15.875
    endloop
  endfacet
  facet normal 0.812718 -0.582658 0
    outer loop
      vertex 70.5104 32.217 9.525
      vertex 70.2465 31.8489 15.875
      vertex 70.2465 31.8489 9.525
    endloop
  endfacet
  facet normal -0.634499 0.772923 0
    outer loop
      vertex 80.5652 -33.2073 9.525
      vertex 80.2151 -33.4947 15.875
      vertex 80.5652 -33.2073 15.875
    endloop
  endfacet
  facet normal -0.634499 0.772923 0
    outer loop
      vertex 80.2151 -33.4947 15.875
      vertex 80.5652 -33.2073 9.525
      vertex 80.2151 -33.4947 9.525
    endloop
  endfacet
  facet normal 0.352357 0.935866 -0
    outer loop
      vertex 73.7767 -34.5577 9.525
      vertex 73.3528 -34.3981 15.875
      vertex 73.7767 -34.5577 15.875
    endloop
  endfacet
  facet normal 0.352357 0.935866 0
    outer loop
      vertex 73.3528 -34.3981 15.875
      vertex 73.7767 -34.5577 9.525
      vertex 73.3528 -34.3981 9.525
    endloop
  endfacet
  facet normal -0.0326825 0.999466 0
    outer loop
      vertex 76.4542 -34.9102 9.525
      vertex 76.0016 -34.925 15.875
      vertex 76.4542 -34.9102 15.875
    endloop
  endfacet
  facet normal -0.0326825 0.999466 0
    outer loop
      vertex 76.0016 -34.925 15.875
      vertex 76.4542 -34.9102 9.525
      vertex 76.0016 -34.925 9.525
    endloop
  endfacet
  facet normal 0.412622 0.910903 -0
    outer loop
      vertex 73.3528 -34.3981 9.525
      vertex 72.9402 -34.2112 15.875
      vertex 73.3528 -34.3981 15.875
    endloop
  endfacet
  facet normal 0.412622 0.910903 0
    outer loop
      vertex 72.9402 -34.2112 15.875
      vertex 73.3528 -34.3981 9.525
      vertex 72.9402 -34.2112 9.525
    endloop
  endfacet
  facet normal 0.973901 0.226971 0
    outer loop
      vertex 69.3159 -29.7949 15.875
      vertex 69.2131 -29.3538 9.525
      vertex 69.2131 -29.3538 15.875
    endloop
  endfacet
  facet normal 0.973901 0.226971 0
    outer loop
      vertex 69.2131 -29.3538 9.525
      vertex 69.3159 -29.7949 15.875
      vertex 69.3159 -29.7949 9.525
    endloop
  endfacet
  facet normal -0.986673 -0.162716 0
    outer loop
      vertex 82.8638 28.9069 9.525
      vertex 82.7901 29.3538 15.875
      vertex 82.7901 29.3538 9.525
    endloop
  endfacet
  facet normal -0.986673 -0.162716 0
    outer loop
      vertex 82.7901 29.3538 15.875
      vertex 82.8638 28.9069 9.525
      vertex 82.8638 28.9069 15.875
    endloop
  endfacet
  facet normal -0.162931 -0.986637 0
    outer loop
      vertex 76.905 34.8658 9.525
      vertex 77.3519 34.792 15.875
      vertex 76.905 34.8658 15.875
    endloop
  endfacet
  facet normal -0.162931 -0.986637 -0
    outer loop
      vertex 77.3519 34.792 15.875
      vertex 76.905 34.8658 9.525
      vertex 77.3519 34.792 9.525
    endloop
  endfacet
  facet normal -0.471425 -0.881906 0
    outer loop
      vertex 79.0629 34.2112 9.525
      vertex 79.4623 33.9977 15.875
      vertex 79.0629 34.2112 15.875
    endloop
  endfacet
  facet normal -0.471425 -0.881906 -0
    outer loop
      vertex 79.4623 33.9977 15.875
      vertex 79.0629 34.2112 9.525
      vertex 79.4623 33.9977 9.525
    endloop
  endfacet
  facet normal -0.528132 -0.849162 0
    outer loop
      vertex 79.4623 33.9977 9.525
      vertex 79.8469 33.7585 15.875
      vertex 79.4623 33.9977 15.875
    endloop
  endfacet
  facet normal -0.528132 -0.849162 -0
    outer loop
      vertex 79.8469 33.7585 15.875
      vertex 79.4623 33.9977 9.525
      vertex 79.8469 33.7585 9.525
    endloop
  endfacet
  facet normal -0.683544 -0.729909 0
    outer loop
      vertex 80.5652 33.2073 9.525
      vertex 80.8958 32.8977 15.875
      vertex 80.5652 33.2073 15.875
    endloop
  endfacet
  facet normal -0.683544 -0.729909 -0
    outer loop
      vertex 80.8958 32.8977 15.875
      vertex 80.5652 33.2073 9.525
      vertex 80.8958 32.8977 9.525
    endloop
  endfacet
  facet normal -0.935938 -0.352164 0
    outer loop
      vertex 82.5557 30.2283 9.525
      vertex 82.3962 30.6522 15.875
      vertex 82.3962 30.6522 9.525
    endloop
  endfacet
  facet normal -0.935938 -0.352164 0
    outer loop
      vertex 82.3962 30.6522 15.875
      vertex 82.5557 30.2283 9.525
      vertex 82.5557 30.2283 15.875
    endloop
  endfacet
  facet normal -0.881815 -0.471596 0
    outer loop
      vertex 82.2093 31.0648 9.525
      vertex 81.9957 31.4642 15.875
      vertex 81.9957 31.4642 9.525
    endloop
  endfacet
  facet normal -0.881815 -0.471596 0
    outer loop
      vertex 81.9957 31.4642 15.875
      vertex 82.2093 31.0648 9.525
      vertex 82.2093 31.0648 15.875
    endloop
  endfacet
  facet normal 0.582407 -0.812897 0
    outer loop
      vertex 71.788 33.4947 9.525
      vertex 72.1562 33.7585 15.875
      vertex 71.788 33.4947 15.875
    endloop
  endfacet
  facet normal 0.582407 -0.812897 0
    outer loop
      vertex 72.1562 33.7585 15.875
      vertex 71.788 33.4947 9.525
      vertex 72.1562 33.7585 9.525
    endloop
  endfacet
  facet normal 0.528132 -0.849162 0
    outer loop
      vertex 72.1562 33.7585 9.525
      vertex 72.5408 33.9977 15.875
      vertex 72.1562 33.7585 15.875
    endloop
  endfacet
  facet normal 0.528132 -0.849162 0
    outer loop
      vertex 72.5408 33.9977 15.875
      vertex 72.1562 33.7585 9.525
      vertex 72.5408 33.9977 9.525
    endloop
  endfacet
  facet normal 0.0980173 -0.995185 0
    outer loop
      vertex 75.0981 34.8658 9.525
      vertex 75.5489 34.9102 15.875
      vertex 75.0981 34.8658 15.875
    endloop
  endfacet
  facet normal 0.0980173 -0.995185 0
    outer loop
      vertex 75.5489 34.9102 15.875
      vertex 75.0981 34.8658 9.525
      vertex 75.5489 34.9102 9.525
    endloop
  endfacet
  facet normal 0.227181 -0.973853 0
    outer loop
      vertex 74.2101 34.6891 9.525
      vertex 74.6512 34.792 15.875
      vertex 74.2101 34.6891 15.875
    endloop
  endfacet
  facet normal 0.227181 -0.973853 0
    outer loop
      vertex 74.6512 34.792 15.875
      vertex 74.2101 34.6891 9.525
      vertex 74.6512 34.792 9.525
    endloop
  endfacet
  facet normal 0.729806 -0.683655 0
    outer loop
      vertex 70.7977 32.5672 15.875
      vertex 71.1073 32.8977 9.525
      vertex 71.1073 32.8977 15.875
    endloop
  endfacet
  facet normal 0.729806 -0.683655 0
    outer loop
      vertex 71.1073 32.8977 9.525
      vertex 70.7977 32.5672 15.875
      vertex 70.7977 32.5672 9.525
    endloop
  endfacet
  facet normal 0.773121 -0.634259 0
    outer loop
      vertex 70.5104 32.217 15.875
      vertex 70.7977 32.5672 9.525
      vertex 70.7977 32.5672 15.875
    endloop
  endfacet
  facet normal 0.773121 -0.634259 0
    outer loop
      vertex 70.7977 32.5672 9.525
      vertex 70.5104 32.217 15.875
      vertex 70.5104 32.217 9.525
    endloop
  endfacet
  facet normal 0.91082 -0.412805 0
    outer loop
      vertex 69.6069 30.6522 15.875
      vertex 69.7939 31.0648 9.525
      vertex 69.7939 31.0648 15.875
    endloop
  endfacet
  facet normal 0.91082 -0.412805 0
    outer loop
      vertex 69.7939 31.0648 9.525
      vertex 69.6069 30.6522 15.875
      vertex 69.6069 30.6522 9.525
    endloop
  endfacet
  facet normal 0.881906 -0.471425 0
    outer loop
      vertex 69.7939 31.0648 15.875
      vertex 70.0074 31.4642 9.525
      vertex 70.0074 31.4642 15.875
    endloop
  endfacet
  facet normal 0.881906 -0.471425 0
    outer loop
      vertex 70.0074 31.4642 9.525
      vertex 69.7939 31.0648 15.875
      vertex 69.7939 31.0648 9.525
    endloop
  endfacet
  facet normal 0.849323 -0.527874 0
    outer loop
      vertex 70.0074 31.4642 15.875
      vertex 70.2465 31.8489 9.525
      vertex 70.2465 31.8489 15.875
    endloop
  endfacet
  facet normal 0.849323 -0.527874 0
    outer loop
      vertex 70.2465 31.8489 9.525
      vertex 70.0074 31.4642 15.875
      vertex 70.0074 31.4642 9.525
    endloop
  endfacet
  facet normal -0.935938 0.352164 0
    outer loop
      vertex 82.3962 -30.6522 9.525
      vertex 82.5557 -30.2283 15.875
      vertex 82.5557 -30.2283 9.525
    endloop
  endfacet
  facet normal -0.935938 0.352164 0
    outer loop
      vertex 82.5557 -30.2283 15.875
      vertex 82.3962 -30.6522 9.525
      vertex 82.3962 -30.6522 15.875
    endloop
  endfacet
  facet normal -0.999466 0.0326753 0
    outer loop
      vertex 82.9082 -28.4562 9.525
      vertex 82.923 -28.0035 15.875
      vertex 82.923 -28.0035 9.525
    endloop
  endfacet
  facet normal -0.999466 0.0326753 0
    outer loop
      vertex 82.923 -28.0035 15.875
      vertex 82.9082 -28.4562 9.525
      vertex 82.9082 -28.4562 15.875
    endloop
  endfacet
  facet normal -0.729806 0.683655 0
    outer loop
      vertex 80.8958 -32.8977 9.525
      vertex 81.2054 -32.5672 15.875
      vertex 81.2054 -32.5672 9.525
    endloop
  endfacet
  facet normal -0.729806 0.683655 0
    outer loop
      vertex 81.2054 -32.5672 15.875
      vertex 80.8958 -32.8977 9.525
      vertex 80.8958 -32.8977 15.875
    endloop
  endfacet
  facet normal -0.683544 0.729909 0
    outer loop
      vertex 80.8958 -32.8977 9.525
      vertex 80.5652 -33.2073 15.875
      vertex 80.8958 -32.8977 15.875
    endloop
  endfacet
  facet normal -0.683544 0.729909 0
    outer loop
      vertex 80.5652 -33.2073 15.875
      vertex 80.8958 -32.8977 9.525
      vertex 80.5652 -33.2073 9.525
    endloop
  endfacet
  facet normal -0.881815 0.471596 0
    outer loop
      vertex 81.9957 -31.4642 9.525
      vertex 82.2093 -31.0648 15.875
      vertex 82.2093 -31.0648 9.525
    endloop
  endfacet
  facet normal -0.881815 0.471596 0
    outer loop
      vertex 82.2093 -31.0648 15.875
      vertex 81.9957 -31.4642 9.525
      vertex 81.9957 -31.4642 15.875
    endloop
  endfacet
  facet normal -0.956922 0.290344 0
    outer loop
      vertex 82.5557 -30.2283 9.525
      vertex 82.6872 -29.7949 15.875
      vertex 82.6872 -29.7949 9.525
    endloop
  endfacet
  facet normal -0.956922 0.290344 0
    outer loop
      vertex 82.6872 -29.7949 15.875
      vertex 82.5557 -30.2283 9.525
      vertex 82.5557 -30.2283 15.875
    endloop
  endfacet
  facet normal 0.0326753 0.999466 -0
    outer loop
      vertex 76.0016 -34.925 9.525
      vertex 75.5489 -34.9102 15.875
      vertex 76.0016 -34.925 15.875
    endloop
  endfacet
  facet normal 0.0326753 0.999466 0
    outer loop
      vertex 75.5489 -34.9102 15.875
      vertex 76.0016 -34.925 9.525
      vertex 75.5489 -34.9102 9.525
    endloop
  endfacet
  facet normal 0.528132 0.849162 -0
    outer loop
      vertex 72.5408 -33.9977 9.525
      vertex 72.1562 -33.7585 15.875
      vertex 72.5408 -33.9977 15.875
    endloop
  endfacet
  facet normal 0.528132 0.849162 0
    outer loop
      vertex 72.1562 -33.7585 15.875
      vertex 72.5408 -33.9977 9.525
      vertex 72.1562 -33.7585 9.525
    endloop
  endfacet
  facet normal 0.582407 0.812897 -0
    outer loop
      vertex 72.1562 -33.7585 9.525
      vertex 71.788 -33.4947 15.875
      vertex 72.1562 -33.7585 15.875
    endloop
  endfacet
  facet normal 0.582407 0.812897 0
    outer loop
      vertex 71.788 -33.4947 15.875
      vertex 72.1562 -33.7585 9.525
      vertex 71.788 -33.4947 9.525
    endloop
  endfacet
  facet normal 0.729806 0.683655 0
    outer loop
      vertex 71.1073 -32.8977 15.875
      vertex 70.7977 -32.5672 9.525
      vertex 70.7977 -32.5672 15.875
    endloop
  endfacet
  facet normal 0.729806 0.683655 0
    outer loop
      vertex 70.7977 -32.5672 9.525
      vertex 71.1073 -32.8977 15.875
      vertex 71.1073 -32.8977 9.525
    endloop
  endfacet
  facet normal 0.773121 0.634259 0
    outer loop
      vertex 70.7977 -32.5672 15.875
      vertex 70.5104 -32.217 9.525
      vertex 70.5104 -32.217 15.875
    endloop
  endfacet
  facet normal 0.773121 0.634259 0
    outer loop
      vertex 70.5104 -32.217 9.525
      vertex 70.7977 -32.5672 15.875
      vertex 70.7977 -32.5672 9.525
    endloop
  endfacet
  facet normal -0.227181 -0.973853 0
    outer loop
      vertex 77.3519 34.792 9.525
      vertex 77.793 34.6891 15.875
      vertex 77.3519 34.792 15.875
    endloop
  endfacet
  facet normal -0.227181 -0.973853 -0
    outer loop
      vertex 77.793 34.6891 15.875
      vertex 77.3519 34.792 9.525
      vertex 77.793 34.6891 9.525
    endloop
  endfacet
  facet normal -0.582407 -0.812897 0
    outer loop
      vertex 79.8469 33.7585 9.525
      vertex 80.2151 33.4947 15.875
      vertex 79.8469 33.7585 15.875
    endloop
  endfacet
  facet normal -0.582407 -0.812897 -0
    outer loop
      vertex 80.2151 33.4947 15.875
      vertex 79.8469 33.7585 9.525
      vertex 80.2151 33.4947 9.525
    endloop
  endfacet
  facet normal -0.812822 -0.582512 0
    outer loop
      vertex 81.7566 31.8489 9.525
      vertex 81.4928 32.217 15.875
      vertex 81.4928 32.217 9.525
    endloop
  endfacet
  facet normal -0.812822 -0.582512 0
    outer loop
      vertex 81.4928 32.217 15.875
      vertex 81.7566 31.8489 9.525
      vertex 81.7566 31.8489 15.875
    endloop
  endfacet
  facet normal -0.849323 -0.527874 0
    outer loop
      vertex 81.9957 31.4642 9.525
      vertex 81.7566 31.8489 15.875
      vertex 81.7566 31.8489 9.525
    endloop
  endfacet
  facet normal -0.849323 -0.527874 0
    outer loop
      vertex 81.7566 31.8489 15.875
      vertex 81.9957 31.4642 9.525
      vertex 81.9957 31.4642 15.875
    endloop
  endfacet
  facet normal -0.910903 -0.412622 0
    outer loop
      vertex 82.3962 30.6522 9.525
      vertex 82.2093 31.0648 15.875
      vertex 82.2093 31.0648 9.525
    endloop
  endfacet
  facet normal -0.910903 -0.412622 0
    outer loop
      vertex 82.2093 31.0648 15.875
      vertex 82.3962 30.6522 9.525
      vertex 82.3962 30.6522 15.875
    endloop
  endfacet
  facet normal 0.352357 -0.935866 0
    outer loop
      vertex 73.3528 34.3981 9.525
      vertex 73.7767 34.5577 15.875
      vertex 73.3528 34.3981 15.875
    endloop
  endfacet
  facet normal 0.352357 -0.935866 0
    outer loop
      vertex 73.7767 34.5577 15.875
      vertex 73.3528 34.3981 9.525
      vertex 73.7767 34.5577 9.525
    endloop
  endfacet
  facet normal 0.290142 -0.956984 0
    outer loop
      vertex 73.7767 34.5577 9.525
      vertex 74.2101 34.6891 15.875
      vertex 73.7767 34.5577 15.875
    endloop
  endfacet
  facet normal 0.290142 -0.956984 0
    outer loop
      vertex 74.2101 34.6891 15.875
      vertex 73.7767 34.5577 9.525
      vertex 74.2101 34.6891 9.525
    endloop
  endfacet
  facet normal 0.162931 -0.986637 0
    outer loop
      vertex 74.6512 34.792 9.525
      vertex 75.0981 34.8658 15.875
      vertex 74.6512 34.792 15.875
    endloop
  endfacet
  facet normal 0.162931 -0.986637 0
    outer loop
      vertex 75.0981 34.8658 15.875
      vertex 74.6512 34.792 9.525
      vertex 75.0981 34.8658 9.525
    endloop
  endfacet
  facet normal 0.683544 -0.729909 0
    outer loop
      vertex 71.1073 32.8977 9.525
      vertex 71.4379 33.2073 15.875
      vertex 71.1073 32.8977 15.875
    endloop
  endfacet
  facet normal 0.683544 -0.729909 0
    outer loop
      vertex 71.4379 33.2073 15.875
      vertex 71.1073 32.8977 9.525
      vertex 71.4379 33.2073 9.525
    endloop
  endfacet
  facet normal 0.956922 -0.290344 0
    outer loop
      vertex 69.3159 29.7949 15.875
      vertex 69.4474 30.2283 9.525
      vertex 69.4474 30.2283 15.875
    endloop
  endfacet
  facet normal 0.956922 -0.290344 0
    outer loop
      vertex 69.4474 30.2283 9.525
      vertex 69.3159 29.7949 15.875
      vertex 69.3159 29.7949 9.525
    endloop
  endfacet
  facet normal 0.935938 -0.352164 0
    outer loop
      vertex 69.4474 30.2283 15.875
      vertex 69.6069 30.6522 9.525
      vertex 69.6069 30.6522 15.875
    endloop
  endfacet
  facet normal 0.935938 -0.352164 0
    outer loop
      vertex 69.6069 30.6522 9.525
      vertex 69.4474 30.2283 15.875
      vertex 69.4474 30.2283 9.525
    endloop
  endfacet
  facet normal -0.995183 0.0980388 0
    outer loop
      vertex 82.8638 -28.9069 9.525
      vertex 82.9082 -28.4562 15.875
      vertex 82.9082 -28.4562 9.525
    endloop
  endfacet
  facet normal -0.995183 0.0980388 0
    outer loop
      vertex 82.9082 -28.4562 15.875
      vertex 82.8638 -28.9069 9.525
      vertex 82.8638 -28.9069 15.875
    endloop
  endfacet
  facet normal -0.986673 0.162716 0
    outer loop
      vertex 82.7901 -29.3538 9.525
      vertex 82.8638 -28.9069 15.875
      vertex 82.8638 -28.9069 9.525
    endloop
  endfacet
  facet normal -0.986673 0.162716 0
    outer loop
      vertex 82.8638 -28.9069 15.875
      vertex 82.7901 -29.3538 9.525
      vertex 82.7901 -29.3538 15.875
    endloop
  endfacet
  facet normal -0.290142 0.956984 0
    outer loop
      vertex 78.2264 -34.5577 9.525
      vertex 77.793 -34.6891 15.875
      vertex 78.2264 -34.5577 15.875
    endloop
  endfacet
  facet normal -0.290142 0.956984 0
    outer loop
      vertex 77.793 -34.6891 15.875
      vertex 78.2264 -34.5577 9.525
      vertex 77.793 -34.6891 9.525
    endloop
  endfacet
  facet normal -0.412622 0.910903 0
    outer loop
      vertex 79.0629 -34.2112 9.525
      vertex 78.6503 -34.3981 15.875
      vertex 79.0629 -34.2112 15.875
    endloop
  endfacet
  facet normal -0.412622 0.910903 0
    outer loop
      vertex 78.6503 -34.3981 15.875
      vertex 79.0629 -34.2112 9.525
      vertex 78.6503 -34.3981 9.525
    endloop
  endfacet
  facet normal -0.471425 0.881906 0
    outer loop
      vertex 79.4623 -33.9977 9.525
      vertex 79.0629 -34.2112 15.875
      vertex 79.4623 -33.9977 15.875
    endloop
  endfacet
  facet normal -0.471425 0.881906 0
    outer loop
      vertex 79.0629 -34.2112 15.875
      vertex 79.4623 -33.9977 9.525
      vertex 79.0629 -34.2112 9.525
    endloop
  endfacet
  facet normal -0.849323 0.527874 0
    outer loop
      vertex 81.7566 -31.8489 9.525
      vertex 81.9957 -31.4642 15.875
      vertex 81.9957 -31.4642 9.525
    endloop
  endfacet
  facet normal -0.849323 0.527874 0
    outer loop
      vertex 81.9957 -31.4642 15.875
      vertex 81.7566 -31.8489 9.525
      vertex 81.7566 -31.8489 15.875
    endloop
  endfacet
  facet normal -0.812822 0.582512 0
    outer loop
      vertex 81.4928 -32.217 9.525
      vertex 81.7566 -31.8489 15.875
      vertex 81.7566 -31.8489 9.525
    endloop
  endfacet
  facet normal -0.812822 0.582512 0
    outer loop
      vertex 81.7566 -31.8489 15.875
      vertex 81.4928 -32.217 9.525
      vertex 81.4928 -32.217 15.875
    endloop
  endfacet
  facet normal -0.773012 0.634391 0
    outer loop
      vertex 81.2054 -32.5672 9.525
      vertex 81.4928 -32.217 15.875
      vertex 81.4928 -32.217 9.525
    endloop
  endfacet
  facet normal -0.773012 0.634391 0
    outer loop
      vertex 81.4928 -32.217 15.875
      vertex 81.2054 -32.5672 9.525
      vertex 81.2054 -32.5672 15.875
    endloop
  endfacet
  facet normal -0.910903 0.412622 0
    outer loop
      vertex 82.2093 -31.0648 9.525
      vertex 82.3962 -30.6522 15.875
      vertex 82.3962 -30.6522 9.525
    endloop
  endfacet
  facet normal -0.910903 0.412622 0
    outer loop
      vertex 82.3962 -30.6522 15.875
      vertex 82.2093 -31.0648 9.525
      vertex 82.2093 -31.0648 15.875
    endloop
  endfacet
  facet normal 0.227181 0.973853 -0
    outer loop
      vertex 74.6512 -34.792 9.525
      vertex 74.2101 -34.6891 15.875
      vertex 74.6512 -34.792 15.875
    endloop
  endfacet
  facet normal 0.227181 0.973853 0
    outer loop
      vertex 74.2101 -34.6891 15.875
      vertex 74.6512 -34.792 9.525
      vertex 74.2101 -34.6891 9.525
    endloop
  endfacet
  facet normal 0.162931 0.986637 -0
    outer loop
      vertex 75.0981 -34.8658 9.525
      vertex 74.6512 -34.792 15.875
      vertex 75.0981 -34.8658 15.875
    endloop
  endfacet
  facet normal 0.162931 0.986637 0
    outer loop
      vertex 74.6512 -34.792 15.875
      vertex 75.0981 -34.8658 9.525
      vertex 74.6512 -34.792 9.525
    endloop
  endfacet
  facet normal 0.812718 0.582658 0
    outer loop
      vertex 70.5104 -32.217 15.875
      vertex 70.2465 -31.8489 9.525
      vertex 70.2465 -31.8489 15.875
    endloop
  endfacet
  facet normal 0.812718 0.582658 0
    outer loop
      vertex 70.2465 -31.8489 9.525
      vertex 70.5104 -32.217 15.875
      vertex 70.5104 -32.217 9.525
    endloop
  endfacet
  facet normal -0.582407 0.812897 0
    outer loop
      vertex 80.2151 -33.4947 9.525
      vertex 79.8469 -33.7585 15.875
      vertex 80.2151 -33.4947 15.875
    endloop
  endfacet
  facet normal -0.582407 0.812897 0
    outer loop
      vertex 79.8469 -33.7585 15.875
      vertex 80.2151 -33.4947 9.525
      vertex 79.8469 -33.7585 9.525
    endloop
  endfacet
  facet normal -0.528132 0.849162 0
    outer loop
      vertex 79.8469 -33.7585 9.525
      vertex 79.4623 -33.9977 15.875
      vertex 79.8469 -33.7585 15.875
    endloop
  endfacet
  facet normal -0.528132 0.849162 0
    outer loop
      vertex 79.4623 -33.9977 15.875
      vertex 79.8469 -33.7585 9.525
      vertex 79.4623 -33.9977 9.525
    endloop
  endfacet
  facet normal 0.290142 0.956984 -0
    outer loop
      vertex 74.2101 -34.6891 9.525
      vertex 73.7767 -34.5577 15.875
      vertex 74.2101 -34.6891 15.875
    endloop
  endfacet
  facet normal 0.290142 0.956984 0
    outer loop
      vertex 73.7767 -34.5577 15.875
      vertex 74.2101 -34.6891 9.525
      vertex 73.7767 -34.5577 9.525
    endloop
  endfacet
  facet normal 0.0980173 0.995185 -0
    outer loop
      vertex 75.5489 -34.9102 9.525
      vertex 75.0981 -34.8658 15.875
      vertex 75.5489 -34.9102 15.875
    endloop
  endfacet
  facet normal 0.0980173 0.995185 0
    outer loop
      vertex 75.0981 -34.8658 15.875
      vertex 75.5489 -34.9102 9.525
      vertex 75.0981 -34.8658 9.525
    endloop
  endfacet
  facet normal 0.634499 0.772923 -0
    outer loop
      vertex 71.788 -33.4947 9.525
      vertex 71.4379 -33.2073 15.875
      vertex 71.788 -33.4947 15.875
    endloop
  endfacet
  facet normal 0.634499 0.772923 0
    outer loop
      vertex 71.4379 -33.2073 15.875
      vertex 71.788 -33.4947 9.525
      vertex 71.4379 -33.2073 9.525
    endloop
  endfacet
  facet normal 0.683544 0.729909 -0
    outer loop
      vertex 71.4379 -33.2073 9.525
      vertex 71.1073 -32.8977 15.875
      vertex 71.4379 -33.2073 15.875
    endloop
  endfacet
  facet normal 0.683544 0.729909 0
    outer loop
      vertex 71.1073 -32.8977 15.875
      vertex 71.4379 -33.2073 9.525
      vertex 71.1073 -32.8977 9.525
    endloop
  endfacet
  facet normal -0.227181 0.973853 0
    outer loop
      vertex 77.793 -34.6891 9.525
      vertex 77.3519 -34.792 15.875
      vertex 77.793 -34.6891 15.875
    endloop
  endfacet
  facet normal -0.227181 0.973853 0
    outer loop
      vertex 77.3519 -34.792 15.875
      vertex 77.793 -34.6891 9.525
      vertex 77.3519 -34.792 9.525
    endloop
  endfacet
  facet normal -0.162931 0.986637 0
    outer loop
      vertex 77.3519 -34.792 9.525
      vertex 76.905 -34.8658 15.875
      vertex 77.3519 -34.792 15.875
    endloop
  endfacet
  facet normal -0.162931 0.986637 0
    outer loop
      vertex 76.905 -34.8658 15.875
      vertex 77.3519 -34.792 9.525
      vertex 76.905 -34.8658 9.525
    endloop
  endfacet
  facet normal -0.0980173 0.995185 0
    outer loop
      vertex 76.905 -34.8658 9.525
      vertex 76.4542 -34.9102 15.875
      vertex 76.905 -34.8658 15.875
    endloop
  endfacet
  facet normal -0.0980173 0.995185 0
    outer loop
      vertex 76.4542 -34.9102 15.875
      vertex 76.905 -34.8658 9.525
      vertex 76.4542 -34.9102 9.525
    endloop
  endfacet
  facet normal -0.352357 0.935866 0
    outer loop
      vertex 78.6503 -34.3981 9.525
      vertex 78.2264 -34.5577 15.875
      vertex 78.6503 -34.3981 15.875
    endloop
  endfacet
  facet normal -0.352357 0.935866 0
    outer loop
      vertex 78.2264 -34.5577 15.875
      vertex 78.6503 -34.3981 9.525
      vertex 78.2264 -34.5577 9.525
    endloop
  endfacet
  facet normal 0.91082 0.412805 0
    outer loop
      vertex 69.7939 -31.0648 15.875
      vertex 69.6069 -30.6522 9.525
      vertex 69.6069 -30.6522 15.875
    endloop
  endfacet
  facet normal 0.91082 0.412805 0
    outer loop
      vertex 69.6069 -30.6522 9.525
      vertex 69.7939 -31.0648 15.875
      vertex 69.7939 -31.0648 9.525
    endloop
  endfacet
  facet normal 0.935938 0.352164 0
    outer loop
      vertex 69.6069 -30.6522 15.875
      vertex 69.4474 -30.2283 9.525
      vertex 69.4474 -30.2283 15.875
    endloop
  endfacet
  facet normal 0.935938 0.352164 0
    outer loop
      vertex 69.4474 -30.2283 9.525
      vertex 69.6069 -30.6522 15.875
      vertex 69.6069 -30.6522 9.525
    endloop
  endfacet
  facet normal 0.881906 0.471425 0
    outer loop
      vertex 70.0074 -31.4642 15.875
      vertex 69.7939 -31.0648 9.525
      vertex 69.7939 -31.0648 15.875
    endloop
  endfacet
  facet normal 0.881906 0.471425 0
    outer loop
      vertex 69.7939 -31.0648 9.525
      vertex 70.0074 -31.4642 15.875
      vertex 70.0074 -31.4642 9.525
    endloop
  endfacet
  facet normal 0.956922 0.290344 0
    outer loop
      vertex 69.4474 -30.2283 15.875
      vertex 69.3159 -29.7949 9.525
      vertex 69.3159 -29.7949 15.875
    endloop
  endfacet
  facet normal 0.956922 0.290344 0
    outer loop
      vertex 69.3159 -29.7949 9.525
      vertex 69.4474 -30.2283 15.875
      vertex 69.4474 -30.2283 9.525
    endloop
  endfacet
  facet normal 0.995181 0.0980503 0
    outer loop
      vertex -78.5828 -28.3433 9.525
      vertex -78.5995 -28.1738 0
      vertex -78.5995 -28.1738 9.525
    endloop
  endfacet
  facet normal 0.995181 0.0980503 0
    outer loop
      vertex -78.5995 -28.1738 0
      vertex -78.5828 -28.3433 9.525
      vertex -78.5828 -28.3433 0
    endloop
  endfacet
  facet normal 0.986599 0.163162 0
    outer loop
      vertex -78.555 -28.5114 9.525
      vertex -78.5828 -28.3433 0
      vertex -78.5828 -28.3433 9.525
    endloop
  endfacet
  facet normal 0.986599 0.163162 0
    outer loop
      vertex -78.5828 -28.3433 0
      vertex -78.555 -28.5114 9.525
      vertex -78.555 -28.5114 0
    endloop
  endfacet
  facet normal 0.881637 0.471928 0
    outer loop
      vertex -78.2562 -29.3052 9.525
      vertex -78.3366 -29.155 0
      vertex -78.3366 -29.155 9.525
    endloop
  endfacet
  facet normal 0.881637 0.471928 0
    outer loop
      vertex -78.3366 -29.155 0
      vertex -78.2562 -29.3052 9.525
      vertex -78.2562 -29.3052 0
    endloop
  endfacet
  facet normal 0.99946 -0.0328654 0
    outer loop
      vertex -78.6051 28.0035 9.525
      vertex -78.5995 28.1738 0
      vertex -78.5995 28.1738 9.525
    endloop
  endfacet
  facet normal 0.99946 -0.0328654 0
    outer loop
      vertex -78.5995 28.1738 0
      vertex -78.6051 28.0035 9.525
      vertex -78.6051 28.0035 0
    endloop
  endfacet
  facet normal -0.995181 -0.0980503 0
    outer loop
      vertex -73.4036 28.1738 0
      vertex -73.4203 28.3433 9.525
      vertex -73.4203 28.3433 0
    endloop
  endfacet
  facet normal -0.995181 -0.0980503 0
    outer loop
      vertex -73.4203 28.3433 9.525
      vertex -73.4036 28.1738 0
      vertex -73.4036 28.1738 9.525
    endloop
  endfacet
  facet normal -0.99946 0.0328654 0
    outer loop
      vertex -73.4036 -28.1738 0
      vertex -73.398 -28.0035 9.525
      vertex -73.398 -28.0035 0
    endloop
  endfacet
  facet normal -0.99946 0.0328654 0
    outer loop
      vertex -73.398 -28.0035 9.525
      vertex -73.4036 -28.1738 0
      vertex -73.4036 -28.1738 9.525
    endloop
  endfacet
  facet normal 0.99946 0.0328654 0
    outer loop
      vertex -78.5995 -28.1738 9.525
      vertex -78.6051 -28.0035 0
      vertex -78.6051 -28.0035 9.525
    endloop
  endfacet
  facet normal 0.99946 0.0328654 0
    outer loop
      vertex -78.6051 -28.0035 0
      vertex -78.5995 -28.1738 9.525
      vertex -78.5995 -28.1738 0
    endloop
  endfacet
  facet normal 1 -0 0
    outer loop
      vertex -78.6051 -28.0035 9.525
      vertex -78.6051 28.0035 0
      vertex -78.6051 28.0035 9.525
    endloop
  endfacet
  facet normal 1 0 0
    outer loop
      vertex -78.6051 28.0035 0
      vertex -78.6051 -28.0035 9.525
      vertex -78.6051 -28.0035 0
    endloop
  endfacet
  facet normal -0.99946 -0.0328654 0
    outer loop
      vertex -73.398 28.0035 0
      vertex -73.4036 28.1738 9.525
      vertex -73.4036 28.1738 0
    endloop
  endfacet
  facet normal -0.99946 -0.0328654 0
    outer loop
      vertex -73.4036 28.1738 9.525
      vertex -73.398 28.0035 0
      vertex -73.398 28.0035 9.525
    endloop
  endfacet
  facet normal -0.683551 0.729903 0
    outer loop
      vertex -74.1606 -29.8444 0
      vertex -74.285 -29.9609 9.525
      vertex -74.1606 -29.8444 9.525
    endloop
  endfacet
  facet normal -0.683551 0.729903 0
    outer loop
      vertex -74.285 -29.9609 9.525
      vertex -74.1606 -29.8444 0
      vertex -74.285 -29.9609 0
    endloop
  endfacet
  facet normal -0.683551 -0.729903 0
    outer loop
      vertex -74.285 29.9609 0
      vertex -74.1606 29.8444 9.525
      vertex -74.285 29.9609 9.525
    endloop
  endfacet
  facet normal -0.683551 -0.729903 -0
    outer loop
      vertex -74.1606 29.8444 9.525
      vertex -74.285 29.9609 0
      vertex -74.1606 29.8444 0
    endloop
  endfacet
  facet normal -0.0328654 -0.99946 0
    outer loop
      vertex -76.0016 30.607 0
      vertex -75.8313 30.6014 9.525
      vertex -76.0016 30.607 9.525
    endloop
  endfacet
  facet normal -0.0328654 -0.99946 -0
    outer loop
      vertex -75.8313 30.6014 9.525
      vertex -76.0016 30.607 0
      vertex -75.8313 30.6014 0
    endloop
  endfacet
  facet normal -1 0 0
    outer loop
      vertex -73.398 -28.0035 0
      vertex -73.398 28.0035 9.525
      vertex -73.398 28.0035 0
    endloop
  endfacet
  facet normal -1 -0 0
    outer loop
      vertex -73.398 28.0035 9.525
      vertex -73.398 -28.0035 0
      vertex -73.398 -28.0035 9.525
    endloop
  endfacet
  facet normal 0.412829 0.910808 -0
    outer loop
      vertex -76.9979 -30.4088 0
      vertex -77.153 -30.3385 9.525
      vertex -76.9979 -30.4088 9.525
    endloop
  endfacet
  facet normal 0.412829 0.910808 0
    outer loop
      vertex -77.153 -30.3385 9.525
      vertex -76.9979 -30.4088 0
      vertex -77.153 -30.3385 0
    endloop
  endfacet
  facet normal -0.957064 0.289877 0
    outer loop
      vertex -73.5362 -28.8404 0
      vertex -73.4868 -28.6773 9.525
      vertex -73.4868 -28.6773 0
    endloop
  endfacet
  facet normal -0.957064 0.289877 0
    outer loop
      vertex -73.4868 -28.6773 9.525
      vertex -73.5362 -28.8404 0
      vertex -73.5362 -28.8404 9.525
    endloop
  endfacet
  facet normal -0.910908 -0.412609 0
    outer loop
      vertex -73.5962 28.9998 0
      vertex -73.6665 29.155 9.525
      vertex -73.6665 29.155 0
    endloop
  endfacet
  facet normal -0.910908 -0.412609 0
    outer loop
      vertex -73.6665 29.155 9.525
      vertex -73.5962 28.9998 0
      vertex -73.5962 28.9998 9.525
    endloop
  endfacet
  facet normal -0.881637 -0.471928 0
    outer loop
      vertex -73.6665 29.155 0
      vertex -73.7469 29.3052 9.525
      vertex -73.7469 29.3052 0
    endloop
  endfacet
  facet normal -0.881637 -0.471928 0
    outer loop
      vertex -73.7469 29.3052 9.525
      vertex -73.6665 29.155 0
      vertex -73.6665 29.155 9.525
    endloop
  endfacet
  facet normal -0.634739 -0.772726 0
    outer loop
      vertex -74.4166 30.069 0
      vertex -74.285 29.9609 9.525
      vertex -74.4166 30.069 9.525
    endloop
  endfacet
  facet normal -0.634739 -0.772726 -0
    outer loop
      vertex -74.285 29.9609 9.525
      vertex -74.4166 30.069 0
      vertex -74.285 29.9609 0
    endloop
  endfacet
  facet normal -0.290578 -0.956851 0
    outer loop
      vertex -75.3277 30.5183 0
      vertex -75.1647 30.4688 9.525
      vertex -75.3277 30.5183 9.525
    endloop
  endfacet
  facet normal -0.290578 -0.956851 -0
    outer loop
      vertex -75.1647 30.4688 9.525
      vertex -75.3277 30.5183 0
      vertex -75.1647 30.4688 0
    endloop
  endfacet
  facet normal 0.881637 -0.471928 0
    outer loop
      vertex -78.3366 29.155 9.525
      vertex -78.2562 29.3052 0
      vertex -78.2562 29.3052 9.525
    endloop
  endfacet
  facet normal 0.881637 -0.471928 0
    outer loop
      vertex -78.2562 29.3052 0
      vertex -78.3366 29.155 9.525
      vertex -78.3366 29.155 0
    endloop
  endfacet
  facet normal 0.910908 -0.412609 0
    outer loop
      vertex -78.4069 28.9998 9.525
      vertex -78.3366 29.155 0
      vertex -78.3366 29.155 9.525
    endloop
  endfacet
  facet normal 0.910908 -0.412609 0
    outer loop
      vertex -78.3366 29.155 0
      vertex -78.4069 28.9998 9.525
      vertex -78.4069 28.9998 0
    endloop
  endfacet
  facet normal 0.973854 -0.227174 0
    outer loop
      vertex -78.555 28.5114 9.525
      vertex -78.5163 28.6773 0
      vertex -78.5163 28.6773 9.525
    endloop
  endfacet
  facet normal 0.973854 -0.227174 0
    outer loop
      vertex -78.5163 28.6773 0
      vertex -78.555 28.5114 9.525
      vertex -78.555 28.5114 0
    endloop
  endfacet
  facet normal 0.582293 -0.812979 0
    outer loop
      vertex -77.5865 30.069 0
      vertex -77.448 30.1682 9.525
      vertex -77.5865 30.069 9.525
    endloop
  endfacet
  facet normal 0.582293 -0.812979 0
    outer loop
      vertex -77.448 30.1682 9.525
      vertex -77.5865 30.069 0
      vertex -77.448 30.1682 0
    endloop
  endfacet
  facet normal 0.227174 -0.973854 0
    outer loop
      vertex -76.6754 30.5183 0
      vertex -76.5095 30.557 9.525
      vertex -76.6754 30.5183 9.525
    endloop
  endfacet
  facet normal 0.227174 -0.973854 0
    outer loop
      vertex -76.5095 30.557 9.525
      vertex -76.6754 30.5183 0
      vertex -76.5095 30.557 0
    endloop
  endfacet
  facet normal -0.16259 0.986694 0
    outer loop
      vertex -75.4936 -30.557 0
      vertex -75.6617 -30.5847 9.525
      vertex -75.4936 -30.557 9.525
    endloop
  endfacet
  facet normal -0.16259 0.986694 0
    outer loop
      vertex -75.6617 -30.5847 9.525
      vertex -75.4936 -30.557 0
      vertex -75.6617 -30.5847 0
    endloop
  endfacet
  facet normal -0.471228 0.882012 0
    outer loop
      vertex -74.6998 -30.2582 0
      vertex -74.8501 -30.3385 9.525
      vertex -74.6998 -30.2582 9.525
    endloop
  endfacet
  facet normal -0.471228 0.882012 0
    outer loop
      vertex -74.8501 -30.3385 9.525
      vertex -74.6998 -30.2582 0
      vertex -74.8501 -30.3385 0
    endloop
  endfacet
  facet normal 0.729629 0.683843 0
    outer loop
      vertex -77.8425 -29.8444 9.525
      vertex -77.959 -29.7201 0
      vertex -77.959 -29.7201 9.525
    endloop
  endfacet
  facet normal 0.729629 0.683843 0
    outer loop
      vertex -77.959 -29.7201 0
      vertex -77.8425 -29.8444 9.525
      vertex -77.8425 -29.8444 0
    endloop
  endfacet
  facet normal 0.634739 0.772726 -0
    outer loop
      vertex -77.5865 -30.069 0
      vertex -77.7181 -29.9609 9.525
      vertex -77.5865 -30.069 9.525
    endloop
  endfacet
  facet normal 0.634739 0.772726 0
    outer loop
      vertex -77.7181 -29.9609 9.525
      vertex -77.5865 -30.069 0
      vertex -77.7181 -29.9609 0
    endloop
  endfacet
  facet normal -0.849413 0.527728 0
    outer loop
      vertex -73.8368 -29.4499 0
      vertex -73.7469 -29.3052 9.525
      vertex -73.7469 -29.3052 0
    endloop
  endfacet
  facet normal -0.849413 0.527728 0
    outer loop
      vertex -73.7469 -29.3052 9.525
      vertex -73.8368 -29.4499 0
      vertex -73.8368 -29.4499 9.525
    endloop
  endfacet
  facet normal 0.973854 0.227174 0
    outer loop
      vertex -78.5163 -28.6773 9.525
      vertex -78.555 -28.5114 0
      vertex -78.555 -28.5114 9.525
    endloop
  endfacet
  facet normal 0.973854 0.227174 0
    outer loop
      vertex -78.555 -28.5114 0
      vertex -78.5163 -28.6773 9.525
      vertex -78.5163 -28.6773 0
    endloop
  endfacet
  facet normal 0.290578 0.956851 -0
    outer loop
      vertex -76.6754 -30.5183 0
      vertex -76.8384 -30.4688 9.525
      vertex -76.6754 -30.5183 9.525
    endloop
  endfacet
  facet normal 0.290578 0.956851 0
    outer loop
      vertex -76.8384 -30.4688 9.525
      vertex -76.6754 -30.5183 0
      vertex -76.8384 -30.4688 0
    endloop
  endfacet
  facet normal 0.910908 0.412609 0
    outer loop
      vertex -78.3366 -29.155 9.525
      vertex -78.4069 -28.9998 0
      vertex -78.4069 -28.9998 9.525
    endloop
  endfacet
  facet normal 0.910908 0.412609 0
    outer loop
      vertex -78.4069 -28.9998 0
      vertex -78.3366 -29.155 9.525
      vertex -78.3366 -29.155 0
    endloop
  endfacet
  facet normal -0.986599 -0.163162 0
    outer loop
      vertex -73.4203 28.3433 0
      vertex -73.4481 28.5114 9.525
      vertex -73.4481 28.5114 0
    endloop
  endfacet
  facet normal -0.986599 -0.163162 0
    outer loop
      vertex -73.4481 28.5114 9.525
      vertex -73.4203 28.3433 0
      vertex -73.4203 28.3433 9.525
    endloop
  endfacet
  facet normal -0.973854 -0.227174 0
    outer loop
      vertex -73.4481 28.5114 0
      vertex -73.4868 28.6773 9.525
      vertex -73.4868 28.6773 0
    endloop
  endfacet
  facet normal -0.973854 -0.227174 0
    outer loop
      vertex -73.4868 28.6773 9.525
      vertex -73.4481 28.5114 0
      vertex -73.4481 28.5114 9.525
    endloop
  endfacet
  facet normal -0.935894 -0.352281 0
    outer loop
      vertex -73.5362 28.8404 0
      vertex -73.5962 28.9998 9.525
      vertex -73.5962 28.9998 0
    endloop
  endfacet
  facet normal -0.935894 -0.352281 0
    outer loop
      vertex -73.5962 28.9998 9.525
      vertex -73.5362 28.8404 0
      vertex -73.5362 28.8404 9.525
    endloop
  endfacet
  facet normal -0.729629 -0.683843 0
    outer loop
      vertex -74.0441 29.7201 0
      vertex -74.1606 29.8444 9.525
      vertex -74.1606 29.8444 0
    endloop
  endfacet
  facet normal -0.729629 -0.683843 0
    outer loop
      vertex -74.1606 29.8444 9.525
      vertex -74.0441 29.7201 0
      vertex -74.0441 29.7201 9.525
    endloop
  endfacet
  facet normal -0.812701 -0.58268 0
    outer loop
      vertex -73.8368 29.4499 0
      vertex -73.9361 29.5884 9.525
      vertex -73.9361 29.5884 0
    endloop
  endfacet
  facet normal -0.812701 -0.58268 0
    outer loop
      vertex -73.9361 29.5884 9.525
      vertex -73.8368 29.4499 0
      vertex -73.8368 29.4499 9.525
    endloop
  endfacet
  facet normal -0.471228 -0.882012 0
    outer loop
      vertex -74.8501 30.3385 0
      vertex -74.6998 30.2582 9.525
      vertex -74.8501 30.3385 9.525
    endloop
  endfacet
  facet normal -0.471228 -0.882012 -0
    outer loop
      vertex -74.6998 30.2582 9.525
      vertex -74.8501 30.3385 0
      vertex -74.6998 30.2582 0
    endloop
  endfacet
  facet normal -0.412829 -0.910808 0
    outer loop
      vertex -75.0052 30.4088 0
      vertex -74.8501 30.3385 9.525
      vertex -75.0052 30.4088 9.525
    endloop
  endfacet
  facet normal -0.412829 -0.910808 -0
    outer loop
      vertex -74.8501 30.3385 9.525
      vertex -75.0052 30.4088 0
      vertex -74.8501 30.3385 0
    endloop
  endfacet
  facet normal -0.528151 -0.84915 0
    outer loop
      vertex -74.6998 30.2582 0
      vertex -74.5551 30.1682 9.525
      vertex -74.6998 30.2582 9.525
    endloop
  endfacet
  facet normal -0.528151 -0.84915 -0
    outer loop
      vertex -74.5551 30.1682 9.525
      vertex -74.6998 30.2582 0
      vertex -74.5551 30.1682 0
    endloop
  endfacet
  facet normal -0.582293 -0.812979 0
    outer loop
      vertex -74.5551 30.1682 0
      vertex -74.4166 30.069 9.525
      vertex -74.5551 30.1682 9.525
    endloop
  endfacet
  facet normal -0.582293 -0.812979 -0
    outer loop
      vertex -74.4166 30.069 9.525
      vertex -74.5551 30.1682 0
      vertex -74.4166 30.069 0
    endloop
  endfacet
  facet normal -0.0979931 -0.995187 0
    outer loop
      vertex -75.8313 30.6014 0
      vertex -75.6617 30.5847 9.525
      vertex -75.8313 30.6014 9.525
    endloop
  endfacet
  facet normal -0.0979931 -0.995187 -0
    outer loop
      vertex -75.6617 30.5847 9.525
      vertex -75.8313 30.6014 0
      vertex -75.6617 30.5847 0
    endloop
  endfacet
  facet normal -0.16259 -0.986694 0
    outer loop
      vertex -75.6617 30.5847 0
      vertex -75.4936 30.557 9.525
      vertex -75.6617 30.5847 9.525
    endloop
  endfacet
  facet normal -0.16259 -0.986694 -0
    outer loop
      vertex -75.4936 30.557 9.525
      vertex -75.6617 30.5847 0
      vertex -75.4936 30.557 0
    endloop
  endfacet
  facet normal 0.849413 -0.527728 0
    outer loop
      vertex -78.2562 29.3052 9.525
      vertex -78.1663 29.4499 0
      vertex -78.1663 29.4499 9.525
    endloop
  endfacet
  facet normal 0.849413 -0.527728 0
    outer loop
      vertex -78.1663 29.4499 0
      vertex -78.2562 29.3052 9.525
      vertex -78.2562 29.3052 0
    endloop
  endfacet
  facet normal 0.729629 -0.683843 0
    outer loop
      vertex -77.959 29.7201 9.525
      vertex -77.8425 29.8444 0
      vertex -77.8425 29.8444 9.525
    endloop
  endfacet
  facet normal 0.729629 -0.683843 0
    outer loop
      vertex -77.8425 29.8444 0
      vertex -77.959 29.7201 9.525
      vertex -77.959 29.7201 0
    endloop
  endfacet
  facet normal 0.812701 -0.58268 0
    outer loop
      vertex -78.1663 29.4499 9.525
      vertex -78.067 29.5884 0
      vertex -78.067 29.5884 9.525
    endloop
  endfacet
  facet normal 0.812701 -0.58268 0
    outer loop
      vertex -78.067 29.5884 0
      vertex -78.1663 29.4499 9.525
      vertex -78.1663 29.4499 0
    endloop
  endfacet
  facet normal 0.773251 -0.634101 0
    outer loop
      vertex -78.067 29.5884 9.525
      vertex -77.959 29.7201 0
      vertex -77.959 29.7201 9.525
    endloop
  endfacet
  facet normal 0.773251 -0.634101 0
    outer loop
      vertex -77.959 29.7201 0
      vertex -78.067 29.5884 9.525
      vertex -78.067 29.5884 0
    endloop
  endfacet
  facet normal 0.957064 -0.289877 0
    outer loop
      vertex -78.5163 28.6773 9.525
      vertex -78.4669 28.8404 0
      vertex -78.4669 28.8404 9.525
    endloop
  endfacet
  facet normal 0.957064 -0.289877 0
    outer loop
      vertex -78.4669 28.8404 0
      vertex -78.5163 28.6773 9.525
      vertex -78.5163 28.6773 0
    endloop
  endfacet
  facet normal 0.995181 -0.0980503 0
    outer loop
      vertex -78.5995 28.1738 9.525
      vertex -78.5828 28.3433 0
      vertex -78.5828 28.3433 9.525
    endloop
  endfacet
  facet normal 0.995181 -0.0980503 0
    outer loop
      vertex -78.5828 28.3433 0
      vertex -78.5995 28.1738 9.525
      vertex -78.5995 28.1738 0
    endloop
  endfacet
  facet normal 0.412829 -0.910808 0
    outer loop
      vertex -77.153 30.3385 0
      vertex -76.9979 30.4088 9.525
      vertex -77.153 30.3385 9.525
    endloop
  endfacet
  facet normal 0.412829 -0.910808 0
    outer loop
      vertex -76.9979 30.4088 9.525
      vertex -77.153 30.3385 0
      vertex -76.9979 30.4088 0
    endloop
  endfacet
  facet normal 0.471228 -0.882012 0
    outer loop
      vertex -77.3033 30.2582 0
      vertex -77.153 30.3385 9.525
      vertex -77.3033 30.2582 9.525
    endloop
  endfacet
  facet normal 0.471228 -0.882012 0
    outer loop
      vertex -77.153 30.3385 9.525
      vertex -77.3033 30.2582 0
      vertex -77.153 30.3385 0
    endloop
  endfacet
  facet normal 0.683551 -0.729903 0
    outer loop
      vertex -77.8425 29.8444 0
      vertex -77.7181 29.9609 9.525
      vertex -77.8425 29.8444 9.525
    endloop
  endfacet
  facet normal 0.683551 -0.729903 0
    outer loop
      vertex -77.7181 29.9609 9.525
      vertex -77.8425 29.8444 0
      vertex -77.7181 29.9609 0
    endloop
  endfacet
  facet normal 0.352088 -0.935967 0
    outer loop
      vertex -76.9979 30.4088 0
      vertex -76.8384 30.4688 9.525
      vertex -76.9979 30.4088 9.525
    endloop
  endfacet
  facet normal 0.352088 -0.935967 0
    outer loop
      vertex -76.8384 30.4688 9.525
      vertex -76.9979 30.4088 0
      vertex -76.8384 30.4688 0
    endloop
  endfacet
  facet normal 0.16259 -0.986694 0
    outer loop
      vertex -76.5095 30.557 0
      vertex -76.3414 30.5847 9.525
      vertex -76.5095 30.557 9.525
    endloop
  endfacet
  facet normal 0.16259 -0.986694 0
    outer loop
      vertex -76.3414 30.5847 9.525
      vertex -76.5095 30.557 0
      vertex -76.3414 30.5847 0
    endloop
  endfacet
  facet normal 0.0979931 -0.995187 0
    outer loop
      vertex -76.3414 30.5847 0
      vertex -76.1718 30.6014 9.525
      vertex -76.3414 30.5847 9.525
    endloop
  endfacet
  facet normal 0.0979931 -0.995187 0
    outer loop
      vertex -76.1718 30.6014 9.525
      vertex -76.3414 30.5847 0
      vertex -76.1718 30.6014 0
    endloop
  endfacet
  facet normal -0.0328654 0.99946 0
    outer loop
      vertex -75.8313 -30.6014 0
      vertex -76.0016 -30.607 9.525
      vertex -75.8313 -30.6014 9.525
    endloop
  endfacet
  facet normal -0.0328654 0.99946 0
    outer loop
      vertex -76.0016 -30.607 9.525
      vertex -75.8313 -30.6014 0
      vertex -76.0016 -30.607 0
    endloop
  endfacet
  facet normal -0.227174 0.973854 0
    outer loop
      vertex -75.3277 -30.5183 0
      vertex -75.4936 -30.557 9.525
      vertex -75.3277 -30.5183 9.525
    endloop
  endfacet
  facet normal -0.227174 0.973854 0
    outer loop
      vertex -75.4936 -30.557 9.525
      vertex -75.3277 -30.5183 0
      vertex -75.4936 -30.557 0
    endloop
  endfacet
  facet normal -0.412829 0.910808 0
    outer loop
      vertex -74.8501 -30.3385 0
      vertex -75.0052 -30.4088 9.525
      vertex -74.8501 -30.3385 9.525
    endloop
  endfacet
  facet normal -0.412829 0.910808 0
    outer loop
      vertex -75.0052 -30.4088 9.525
      vertex -74.8501 -30.3385 0
      vertex -75.0052 -30.4088 0
    endloop
  endfacet
  facet normal 0.0979931 0.995187 -0
    outer loop
      vertex -76.1718 -30.6014 0
      vertex -76.3414 -30.5847 9.525
      vertex -76.1718 -30.6014 9.525
    endloop
  endfacet
  facet normal 0.0979931 0.995187 0
    outer loop
      vertex -76.3414 -30.5847 9.525
      vertex -76.1718 -30.6014 0
      vertex -76.3414 -30.5847 0
    endloop
  endfacet
  facet normal -0.812701 0.58268 0
    outer loop
      vertex -73.9361 -29.5884 0
      vertex -73.8368 -29.4499 9.525
      vertex -73.8368 -29.4499 0
    endloop
  endfacet
  facet normal -0.812701 0.58268 0
    outer loop
      vertex -73.8368 -29.4499 9.525
      vertex -73.9361 -29.5884 0
      vertex -73.9361 -29.5884 9.525
    endloop
  endfacet
  facet normal 0.849413 0.527728 0
    outer loop
      vertex -78.1663 -29.4499 9.525
      vertex -78.2562 -29.3052 0
      vertex -78.2562 -29.3052 9.525
    endloop
  endfacet
  facet normal 0.849413 0.527728 0
    outer loop
      vertex -78.2562 -29.3052 0
      vertex -78.1663 -29.4499 9.525
      vertex -78.1663 -29.4499 0
    endloop
  endfacet
  facet normal 0.471228 0.882012 -0
    outer loop
      vertex -77.153 -30.3385 0
      vertex -77.3033 -30.2582 9.525
      vertex -77.153 -30.3385 9.525
    endloop
  endfacet
  facet normal 0.471228 0.882012 0
    outer loop
      vertex -77.3033 -30.2582 9.525
      vertex -77.153 -30.3385 0
      vertex -77.3033 -30.2582 0
    endloop
  endfacet
  facet normal -0.957064 -0.289877 0
    outer loop
      vertex -73.4868 28.6773 0
      vertex -73.5362 28.8404 9.525
      vertex -73.5362 28.8404 0
    endloop
  endfacet
  facet normal -0.957064 -0.289877 0
    outer loop
      vertex -73.5362 28.8404 9.525
      vertex -73.4868 28.6773 0
      vertex -73.4868 28.6773 9.525
    endloop
  endfacet
  facet normal -0.773251 -0.634101 0
    outer loop
      vertex -73.9361 29.5884 0
      vertex -74.0441 29.7201 9.525
      vertex -74.0441 29.7201 0
    endloop
  endfacet
  facet normal -0.773251 -0.634101 0
    outer loop
      vertex -74.0441 29.7201 9.525
      vertex -73.9361 29.5884 0
      vertex -73.9361 29.5884 9.525
    endloop
  endfacet
  facet normal -0.849413 -0.527728 0
    outer loop
      vertex -73.7469 29.3052 0
      vertex -73.8368 29.4499 9.525
      vertex -73.8368 29.4499 0
    endloop
  endfacet
  facet normal -0.849413 -0.527728 0
    outer loop
      vertex -73.8368 29.4499 9.525
      vertex -73.7469 29.3052 0
      vertex -73.7469 29.3052 9.525
    endloop
  endfacet
  facet normal -0.352088 -0.935967 0
    outer loop
      vertex -75.1647 30.4688 0
      vertex -75.0052 30.4088 9.525
      vertex -75.1647 30.4688 9.525
    endloop
  endfacet
  facet normal -0.352088 -0.935967 -0
    outer loop
      vertex -75.0052 30.4088 9.525
      vertex -75.1647 30.4688 0
      vertex -75.0052 30.4088 0
    endloop
  endfacet
  facet normal -0.227174 -0.973854 0
    outer loop
      vertex -75.4936 30.557 0
      vertex -75.3277 30.5183 9.525
      vertex -75.4936 30.557 9.525
    endloop
  endfacet
  facet normal -0.227174 -0.973854 -0
    outer loop
      vertex -75.3277 30.5183 9.525
      vertex -75.4936 30.557 0
      vertex -75.3277 30.5183 0
    endloop
  endfacet
  facet normal 0.935894 -0.352281 0
    outer loop
      vertex -78.4669 28.8404 9.525
      vertex -78.4069 28.9998 0
      vertex -78.4069 28.9998 9.525
    endloop
  endfacet
  facet normal 0.935894 -0.352281 0
    outer loop
      vertex -78.4069 28.9998 0
      vertex -78.4669 28.8404 9.525
      vertex -78.4669 28.8404 0
    endloop
  endfacet
  facet normal 0.986599 -0.163162 0
    outer loop
      vertex -78.5828 28.3433 9.525
      vertex -78.555 28.5114 0
      vertex -78.555 28.5114 9.525
    endloop
  endfacet
  facet normal 0.986599 -0.163162 0
    outer loop
      vertex -78.555 28.5114 0
      vertex -78.5828 28.3433 9.525
      vertex -78.5828 28.3433 0
    endloop
  endfacet
  facet normal 0.528151 -0.84915 0
    outer loop
      vertex -77.448 30.1682 0
      vertex -77.3033 30.2582 9.525
      vertex -77.448 30.1682 9.525
    endloop
  endfacet
  facet normal 0.528151 -0.84915 0
    outer loop
      vertex -77.3033 30.2582 9.525
      vertex -77.448 30.1682 0
      vertex -77.3033 30.2582 0
    endloop
  endfacet
  facet normal 0.634739 -0.772726 0
    outer loop
      vertex -77.7181 29.9609 0
      vertex -77.5865 30.069 9.525
      vertex -77.7181 29.9609 9.525
    endloop
  endfacet
  facet normal 0.634739 -0.772726 0
    outer loop
      vertex -77.5865 30.069 9.525
      vertex -77.7181 29.9609 0
      vertex -77.5865 30.069 0
    endloop
  endfacet
  facet normal 0.290578 -0.956851 0
    outer loop
      vertex -76.8384 30.4688 0
      vertex -76.6754 30.5183 9.525
      vertex -76.8384 30.4688 9.525
    endloop
  endfacet
  facet normal 0.290578 -0.956851 0
    outer loop
      vertex -76.6754 30.5183 9.525
      vertex -76.8384 30.4688 0
      vertex -76.6754 30.5183 0
    endloop
  endfacet
  facet normal 0.0328847 -0.999459 0
    outer loop
      vertex -76.1718 30.6014 0
      vertex -76.0016 30.607 9.525
      vertex -76.1718 30.6014 9.525
    endloop
  endfacet
  facet normal 0.0328847 -0.999459 0
    outer loop
      vertex -76.0016 30.607 9.525
      vertex -76.1718 30.6014 0
      vertex -76.0016 30.607 0
    endloop
  endfacet
  facet normal 0.0328847 0.999459 -0
    outer loop
      vertex -76.0016 -30.607 0
      vertex -76.1718 -30.6014 9.525
      vertex -76.0016 -30.607 9.525
    endloop
  endfacet
  facet normal 0.0328847 0.999459 0
    outer loop
      vertex -76.1718 -30.6014 9.525
      vertex -76.0016 -30.607 0
      vertex -76.1718 -30.6014 0
    endloop
  endfacet
  facet normal 0.352088 0.935967 -0
    outer loop
      vertex -76.8384 -30.4688 0
      vertex -76.9979 -30.4088 9.525
      vertex -76.8384 -30.4688 9.525
    endloop
  endfacet
  facet normal 0.352088 0.935967 0
    outer loop
      vertex -76.9979 -30.4088 9.525
      vertex -76.8384 -30.4688 0
      vertex -76.9979 -30.4088 0
    endloop
  endfacet
  facet normal -0.582293 0.812979 0
    outer loop
      vertex -74.4166 -30.069 0
      vertex -74.5551 -30.1682 9.525
      vertex -74.4166 -30.069 9.525
    endloop
  endfacet
  facet normal -0.582293 0.812979 0
    outer loop
      vertex -74.5551 -30.1682 9.525
      vertex -74.4166 -30.069 0
      vertex -74.5551 -30.1682 0
    endloop
  endfacet
  facet normal -0.528151 0.84915 0
    outer loop
      vertex -74.5551 -30.1682 0
      vertex -74.6998 -30.2582 9.525
      vertex -74.5551 -30.1682 9.525
    endloop
  endfacet
  facet normal -0.528151 0.84915 0
    outer loop
      vertex -74.6998 -30.2582 9.525
      vertex -74.5551 -30.1682 0
      vertex -74.6998 -30.2582 0
    endloop
  endfacet
  facet normal -0.773251 0.634101 0
    outer loop
      vertex -74.0441 -29.7201 0
      vertex -73.9361 -29.5884 9.525
      vertex -73.9361 -29.5884 0
    endloop
  endfacet
  facet normal -0.773251 0.634101 0
    outer loop
      vertex -73.9361 -29.5884 9.525
      vertex -74.0441 -29.7201 0
      vertex -74.0441 -29.7201 9.525
    endloop
  endfacet
  facet normal -0.729629 0.683843 0
    outer loop
      vertex -74.1606 -29.8444 0
      vertex -74.0441 -29.7201 9.525
      vertex -74.0441 -29.7201 0
    endloop
  endfacet
  facet normal -0.729629 0.683843 0
    outer loop
      vertex -74.0441 -29.7201 9.525
      vertex -74.1606 -29.8444 0
      vertex -74.1606 -29.8444 9.525
    endloop
  endfacet
  facet normal -0.986599 0.163162 0
    outer loop
      vertex -73.4481 -28.5114 0
      vertex -73.4203 -28.3433 9.525
      vertex -73.4203 -28.3433 0
    endloop
  endfacet
  facet normal -0.986599 0.163162 0
    outer loop
      vertex -73.4203 -28.3433 9.525
      vertex -73.4481 -28.5114 0
      vertex -73.4481 -28.5114 9.525
    endloop
  endfacet
  facet normal -0.973854 0.227174 0
    outer loop
      vertex -73.4868 -28.6773 0
      vertex -73.4481 -28.5114 9.525
      vertex -73.4481 -28.5114 0
    endloop
  endfacet
  facet normal -0.973854 0.227174 0
    outer loop
      vertex -73.4481 -28.5114 9.525
      vertex -73.4868 -28.6773 0
      vertex -73.4868 -28.6773 9.525
    endloop
  endfacet
  facet normal -0.995181 0.0980503 0
    outer loop
      vertex -73.4203 -28.3433 0
      vertex -73.4036 -28.1738 9.525
      vertex -73.4036 -28.1738 0
    endloop
  endfacet
  facet normal -0.995181 0.0980503 0
    outer loop
      vertex -73.4036 -28.1738 9.525
      vertex -73.4203 -28.3433 0
      vertex -73.4203 -28.3433 9.525
    endloop
  endfacet
  facet normal -0.910908 0.412609 0
    outer loop
      vertex -73.6665 -29.155 0
      vertex -73.5962 -28.9998 9.525
      vertex -73.5962 -28.9998 0
    endloop
  endfacet
  facet normal -0.910908 0.412609 0
    outer loop
      vertex -73.5962 -28.9998 9.525
      vertex -73.6665 -29.155 0
      vertex -73.6665 -29.155 9.525
    endloop
  endfacet
  facet normal -0.881637 0.471928 0
    outer loop
      vertex -73.7469 -29.3052 0
      vertex -73.6665 -29.155 9.525
      vertex -73.6665 -29.155 0
    endloop
  endfacet
  facet normal -0.881637 0.471928 0
    outer loop
      vertex -73.6665 -29.155 9.525
      vertex -73.7469 -29.3052 0
      vertex -73.7469 -29.3052 9.525
    endloop
  endfacet
  facet normal 0.935894 0.352281 0
    outer loop
      vertex -78.4069 -28.9998 9.525
      vertex -78.4669 -28.8404 0
      vertex -78.4669 -28.8404 9.525
    endloop
  endfacet
  facet normal 0.935894 0.352281 0
    outer loop
      vertex -78.4669 -28.8404 0
      vertex -78.4069 -28.9998 9.525
      vertex -78.4069 -28.9998 0
    endloop
  endfacet
  facet normal 0.812701 0.58268 0
    outer loop
      vertex -78.067 -29.5884 9.525
      vertex -78.1663 -29.4499 0
      vertex -78.1663 -29.4499 9.525
    endloop
  endfacet
  facet normal 0.812701 0.58268 0
    outer loop
      vertex -78.1663 -29.4499 0
      vertex -78.067 -29.5884 9.525
      vertex -78.067 -29.5884 0
    endloop
  endfacet
  facet normal 0.528151 0.84915 -0
    outer loop
      vertex -77.3033 -30.2582 0
      vertex -77.448 -30.1682 9.525
      vertex -77.3033 -30.2582 9.525
    endloop
  endfacet
  facet normal 0.528151 0.84915 0
    outer loop
      vertex -77.448 -30.1682 9.525
      vertex -77.3033 -30.2582 0
      vertex -77.448 -30.1682 0
    endloop
  endfacet
  facet normal 0.582293 0.812979 -0
    outer loop
      vertex -77.448 -30.1682 0
      vertex -77.5865 -30.069 9.525
      vertex -77.448 -30.1682 9.525
    endloop
  endfacet
  facet normal 0.582293 0.812979 0
    outer loop
      vertex -77.5865 -30.069 9.525
      vertex -77.448 -30.1682 0
      vertex -77.5865 -30.069 0
    endloop
  endfacet
  facet normal -0.352088 0.935967 0
    outer loop
      vertex -75.0052 -30.4088 0
      vertex -75.1647 -30.4688 9.525
      vertex -75.0052 -30.4088 9.525
    endloop
  endfacet
  facet normal -0.352088 0.935967 0
    outer loop
      vertex -75.1647 -30.4688 9.525
      vertex -75.0052 -30.4088 0
      vertex -75.1647 -30.4688 0
    endloop
  endfacet
  facet normal -0.290578 0.956851 0
    outer loop
      vertex -75.1647 -30.4688 0
      vertex -75.3277 -30.5183 9.525
      vertex -75.1647 -30.4688 9.525
    endloop
  endfacet
  facet normal -0.290578 0.956851 0
    outer loop
      vertex -75.3277 -30.5183 9.525
      vertex -75.1647 -30.4688 0
      vertex -75.3277 -30.5183 0
    endloop
  endfacet
  facet normal -0.634739 0.772726 0
    outer loop
      vertex -74.285 -29.9609 0
      vertex -74.4166 -30.069 9.525
      vertex -74.285 -29.9609 9.525
    endloop
  endfacet
  facet normal -0.634739 0.772726 0
    outer loop
      vertex -74.4166 -30.069 9.525
      vertex -74.285 -29.9609 0
      vertex -74.4166 -30.069 0
    endloop
  endfacet
  facet normal -0.935894 0.352281 0
    outer loop
      vertex -73.5962 -28.9998 0
      vertex -73.5362 -28.8404 9.525
      vertex -73.5362 -28.8404 0
    endloop
  endfacet
  facet normal -0.935894 0.352281 0
    outer loop
      vertex -73.5362 -28.8404 9.525
      vertex -73.5962 -28.9998 0
      vertex -73.5962 -28.9998 9.525
    endloop
  endfacet
  facet normal 0.957064 0.289877 0
    outer loop
      vertex -78.4669 -28.8404 9.525
      vertex -78.5163 -28.6773 0
      vertex -78.5163 -28.6773 9.525
    endloop
  endfacet
  facet normal 0.957064 0.289877 0
    outer loop
      vertex -78.5163 -28.6773 0
      vertex -78.4669 -28.8404 9.525
      vertex -78.4669 -28.8404 0
    endloop
  endfacet
  facet normal 0.773251 0.634101 0
    outer loop
      vertex -77.959 -29.7201 9.525
      vertex -78.067 -29.5884 0
      vertex -78.067 -29.5884 9.525
    endloop
  endfacet
  facet normal 0.773251 0.634101 0
    outer loop
      vertex -78.067 -29.5884 0
      vertex -77.959 -29.7201 9.525
      vertex -77.959 -29.7201 0
    endloop
  endfacet
  facet normal 0.16259 0.986694 -0
    outer loop
      vertex -76.3414 -30.5847 0
      vertex -76.5095 -30.557 9.525
      vertex -76.3414 -30.5847 9.525
    endloop
  endfacet
  facet normal 0.16259 0.986694 0
    outer loop
      vertex -76.5095 -30.557 9.525
      vertex -76.3414 -30.5847 0
      vertex -76.5095 -30.557 0
    endloop
  endfacet
  facet normal -0.0979931 0.995187 0
    outer loop
      vertex -75.6617 -30.5847 0
      vertex -75.8313 -30.6014 9.525
      vertex -75.6617 -30.5847 9.525
    endloop
  endfacet
  facet normal -0.0979931 0.995187 0
    outer loop
      vertex -75.8313 -30.6014 9.525
      vertex -75.6617 -30.5847 0
      vertex -75.8313 -30.6014 0
    endloop
  endfacet
  facet normal 0.227174 0.973854 -0
    outer loop
      vertex -76.5095 -30.557 0
      vertex -76.6754 -30.5183 9.525
      vertex -76.5095 -30.557 9.525
    endloop
  endfacet
  facet normal 0.227174 0.973854 0
    outer loop
      vertex -76.6754 -30.5183 9.525
      vertex -76.5095 -30.557 0
      vertex -76.6754 -30.5183 0
    endloop
  endfacet
  facet normal 0.683551 0.729903 -0
    outer loop
      vertex -77.7181 -29.9609 0
      vertex -77.8425 -29.8444 9.525
      vertex -77.7181 -29.9609 9.525
    endloop
  endfacet
  facet normal 0.683551 0.729903 0
    outer loop
      vertex -77.8425 -29.8444 9.525
      vertex -77.7181 -29.9609 0
      vertex -77.8425 -29.8444 0
    endloop
  endfacet
  facet normal 0.995183 0.0980388 0
    outer loop
      vertex -82.8638 -28.9069 15.875
      vertex -82.9082 -28.4562 9.525
      vertex -82.9082 -28.4562 15.875
    endloop
  endfacet
  facet normal 0.995183 0.0980388 0
    outer loop
      vertex -82.9082 -28.4562 9.525
      vertex -82.8638 -28.9069 15.875
      vertex -82.8638 -28.9069 9.525
    endloop
  endfacet
  facet normal 0.986673 0.162716 0
    outer loop
      vertex -82.7901 -29.3538 15.875
      vertex -82.8638 -28.9069 9.525
      vertex -82.8638 -28.9069 15.875
    endloop
  endfacet
  facet normal 0.986673 0.162716 0
    outer loop
      vertex -82.8638 -28.9069 9.525
      vertex -82.7901 -29.3538 15.875
      vertex -82.7901 -29.3538 9.525
    endloop
  endfacet
  facet normal 0 0 1
    outer loop
      vertex -73.398 28.0035 9.525
      vertex -69.0801 28.0035 9.525
      vertex -69.0949 28.4562 9.525
    endloop
  endfacet
  facet normal 0 0 1
    outer loop
      vertex -69.0801 28.0035 9.525
      vertex -73.398 28.0035 9.525
      vertex -69.0801 -28.0035 9.525
    endloop
  endfacet
  facet normal 0 0 1
    outer loop
      vertex -73.4036 28.1738 9.525
      vertex -69.0949 28.4562 9.525
      vertex -69.1393 28.9069 9.525
    endloop
  endfacet
  facet normal 0 0 1
    outer loop
      vertex -73.398 -28.0035 9.525
      vertex -69.0801 -28.0035 9.525
      vertex -73.398 28.0035 9.525
    endloop
  endfacet
  facet normal 0 0 1
    outer loop
      vertex -73.4203 28.3433 9.525
      vertex -69.1393 28.9069 9.525
      vertex -69.2131 29.3538 9.525
    endloop
  endfacet
  facet normal 0 0 1
    outer loop
      vertex -69.0801 -28.0035 9.525
      vertex -73.398 -28.0035 9.525
      vertex -69.0949 -28.4562 9.525
    endloop
  endfacet
  facet normal 0 0 1
    outer loop
      vertex -73.4481 28.5114 9.525
      vertex -69.2131 29.3538 9.525
      vertex -69.3159 29.7949 9.525
    endloop
  endfacet
  facet normal -0 0 1
    outer loop
      vertex -73.4036 -28.1738 9.525
      vertex -69.0949 -28.4562 9.525
      vertex -73.398 -28.0035 9.525
    endloop
  endfacet
  facet normal 0 0 1
    outer loop
      vertex -73.4868 28.6773 9.525
      vertex -69.3159 29.7949 9.525
      vertex -69.4474 30.2283 9.525
    endloop
  endfacet
  facet normal 0 0 1
    outer loop
      vertex -69.0949 -28.4562 9.525
      vertex -73.4036 -28.1738 9.525
      vertex -69.1393 -28.9069 9.525
    endloop
  endfacet
  facet normal 0 0 1
    outer loop
      vertex -73.5362 28.8404 9.525
      vertex -69.4474 30.2283 9.525
      vertex -69.6069 30.6522 9.525
    endloop
  endfacet
  facet normal -0 0 1
    outer loop
      vertex -73.4203 -28.3433 9.525
      vertex -69.1393 -28.9069 9.525
      vertex -73.4036 -28.1738 9.525
    endloop
  endfacet
  facet normal 0 0 1
    outer loop
      vertex -73.5962 28.9998 9.525
      vertex -69.6069 30.6522 9.525
      vertex -69.7939 31.0648 9.525
    endloop
  endfacet
  facet normal 0 0 1
    outer loop
      vertex -69.1393 -28.9069 9.525
      vertex -73.4203 -28.3433 9.525
      vertex -69.2131 -29.3538 9.525
    endloop
  endfacet
  facet normal 0 0 1
    outer loop
      vertex -73.6665 29.155 9.525
      vertex -69.7939 31.0648 9.525
      vertex -70.0074 31.4642 9.525
    endloop
  endfacet
  facet normal -0 0 1
    outer loop
      vertex -73.4481 -28.5114 9.525
      vertex -69.2131 -29.3538 9.525
      vertex -73.4203 -28.3433 9.525
    endloop
  endfacet
  facet normal 0 0 1
    outer loop
      vertex -73.7469 29.3052 9.525
      vertex -70.0074 31.4642 9.525
      vertex -70.2465 31.8489 9.525
    endloop
  endfacet
  facet normal 0 0 1
    outer loop
      vertex -69.2131 -29.3538 9.525
      vertex -73.4481 -28.5114 9.525
      vertex -69.3159 -29.7949 9.525
    endloop
  endfacet
  facet normal 0 0 1
    outer loop
      vertex -73.8368 29.4499 9.525
      vertex -70.2465 31.8489 9.525
      vertex -70.5104 32.217 9.525
    endloop
  endfacet
  facet normal -0 0 1
    outer loop
      vertex -73.4868 -28.6773 9.525
      vertex -69.3159 -29.7949 9.525
      vertex -73.4481 -28.5114 9.525
    endloop
  endfacet
  facet normal 0 0 1
    outer loop
      vertex -73.9361 29.5884 9.525
      vertex -70.5104 32.217 9.525
      vertex -70.7977 32.5672 9.525
    endloop
  endfacet
  facet normal 0 0 1
    outer loop
      vertex -69.3159 -29.7949 9.525
      vertex -73.4868 -28.6773 9.525
      vertex -69.4474 -30.2283 9.525
    endloop
  endfacet
  facet normal 0 0 1
    outer loop
      vertex -74.0441 29.7201 9.525
      vertex -70.7977 32.5672 9.525
      vertex -71.1073 32.8977 9.525
    endloop
  endfacet
  facet normal -0 0 1
    outer loop
      vertex -73.5362 -28.8404 9.525
      vertex -69.4474 -30.2283 9.525
      vertex -73.4868 -28.6773 9.525
    endloop
  endfacet
  facet normal 0 0 1
    outer loop
      vertex -74.1606 29.8444 9.525
      vertex -71.1073 32.8977 9.525
      vertex -71.4379 33.2073 9.525
    endloop
  endfacet
  facet normal 0 0 1
    outer loop
      vertex -69.4474 -30.2283 9.525
      vertex -73.5362 -28.8404 9.525
      vertex -69.6069 -30.6522 9.525
    endloop
  endfacet
  facet normal 0 0 1
    outer loop
      vertex -74.285 29.9609 9.525
      vertex -71.4379 33.2073 9.525
      vertex -71.788 33.4947 9.525
    endloop
  endfacet
  facet normal -0 0 1
    outer loop
      vertex -73.5962 -28.9998 9.525
      vertex -69.6069 -30.6522 9.525
      vertex -73.5362 -28.8404 9.525
    endloop
  endfacet
  facet normal 0 0 1
    outer loop
      vertex -74.4166 30.069 9.525
      vertex -71.788 33.4947 9.525
      vertex -72.1562 33.7585 9.525
    endloop
  endfacet
  facet normal 0 0 1
    outer loop
      vertex -69.6069 -30.6522 9.525
      vertex -73.5962 -28.9998 9.525
      vertex -69.7939 -31.0648 9.525
    endloop
  endfacet
  facet normal 0 0 1
    outer loop
      vertex -74.5551 30.1682 9.525
      vertex -72.1562 33.7585 9.525
      vertex -72.5408 33.9977 9.525
    endloop
  endfacet
  facet normal -0 0 1
    outer loop
      vertex -73.6665 -29.155 9.525
      vertex -69.7939 -31.0648 9.525
      vertex -73.5962 -28.9998 9.525
    endloop
  endfacet
  facet normal 0 0 1
    outer loop
      vertex -74.6998 30.2582 9.525
      vertex -72.5408 33.9977 9.525
      vertex -72.9402 34.2112 9.525
    endloop
  endfacet
  facet normal 0 0 1
    outer loop
      vertex -69.7939 -31.0648 9.525
      vertex -73.6665 -29.155 9.525
      vertex -70.0074 -31.4642 9.525
    endloop
  endfacet
  facet normal 0 0 1
    outer loop
      vertex -74.8501 30.3385 9.525
      vertex -72.9402 34.2112 9.525
      vertex -73.3528 34.3981 9.525
    endloop
  endfacet
  facet normal -0 0 1
    outer loop
      vertex -73.7469 -29.3052 9.525
      vertex -70.0074 -31.4642 9.525
      vertex -73.6665 -29.155 9.525
    endloop
  endfacet
  facet normal 0 0 1
    outer loop
      vertex -70.0074 -31.4642 9.525
      vertex -73.7469 -29.3052 9.525
      vertex -70.2465 -31.8489 9.525
    endloop
  endfacet
  facet normal 0 0 1
    outer loop
      vertex -69.0949 28.4562 9.525
      vertex -73.4036 28.1738 9.525
      vertex -73.398 28.0035 9.525
    endloop
  endfacet
  facet normal 0 0 1
    outer loop
      vertex -69.1393 28.9069 9.525
      vertex -73.4203 28.3433 9.525
      vertex -73.4036 28.1738 9.525
    endloop
  endfacet
  facet normal 0 0 1
    outer loop
      vertex -69.2131 29.3538 9.525
      vertex -73.4481 28.5114 9.525
      vertex -73.4203 28.3433 9.525
    endloop
  endfacet
  facet normal 0 0 1
    outer loop
      vertex -69.3159 29.7949 9.525
      vertex -73.4868 28.6773 9.525
      vertex -73.4481 28.5114 9.525
    endloop
  endfacet
  facet normal 0 0 1
    outer loop
      vertex -69.4474 30.2283 9.525
      vertex -73.5362 28.8404 9.525
      vertex -73.4868 28.6773 9.525
    endloop
  endfacet
  facet normal 0 0 1
    outer loop
      vertex -69.6069 30.6522 9.525
      vertex -73.5962 28.9998 9.525
      vertex -73.5362 28.8404 9.525
    endloop
  endfacet
  facet normal 0 0 1
    outer loop
      vertex -69.7939 31.0648 9.525
      vertex -73.6665 29.155 9.525
      vertex -73.5962 28.9998 9.525
    endloop
  endfacet
  facet normal 0 0 1
    outer loop
      vertex -70.0074 31.4642 9.525
      vertex -73.7469 29.3052 9.525
      vertex -73.6665 29.155 9.525
    endloop
  endfacet
  facet normal 0 0 1
    outer loop
      vertex -75.0052 30.4088 9.525
      vertex -73.3528 34.3981 9.525
      vertex -73.7767 34.5577 9.525
    endloop
  endfacet
  facet normal 0 0 1
    outer loop
      vertex -70.2465 31.8489 9.525
      vertex -73.8368 29.4499 9.525
      vertex -73.7469 29.3052 9.525
    endloop
  endfacet
  facet normal 0 0 1
    outer loop
      vertex -70.5104 32.217 9.525
      vertex -73.9361 29.5884 9.525
      vertex -73.8368 29.4499 9.525
    endloop
  endfacet
  facet normal 0 0 1
    outer loop
      vertex -70.7977 32.5672 9.525
      vertex -74.0441 29.7201 9.525
      vertex -73.9361 29.5884 9.525
    endloop
  endfacet
  facet normal 0 0 1
    outer loop
      vertex -71.1073 32.8977 9.525
      vertex -74.1606 29.8444 9.525
      vertex -74.0441 29.7201 9.525
    endloop
  endfacet
  facet normal 0 0 1
    outer loop
      vertex -75.1647 30.4688 9.525
      vertex -73.7767 34.5577 9.525
      vertex -74.2101 34.6891 9.525
    endloop
  endfacet
  facet normal 0 0 1
    outer loop
      vertex -71.4379 33.2073 9.525
      vertex -74.285 29.9609 9.525
      vertex -74.1606 29.8444 9.525
    endloop
  endfacet
  facet normal 0 0 1
    outer loop
      vertex -71.788 33.4947 9.525
      vertex -74.4166 30.069 9.525
      vertex -74.285 29.9609 9.525
    endloop
  endfacet
  facet normal 0 0 1
    outer loop
      vertex -72.1562 33.7585 9.525
      vertex -74.5551 30.1682 9.525
      vertex -74.4166 30.069 9.525
    endloop
  endfacet
  facet normal 0 0 1
    outer loop
      vertex -75.3277 30.5183 9.525
      vertex -74.2101 34.6891 9.525
      vertex -74.6512 34.792 9.525
    endloop
  endfacet
  facet normal 0 0 1
    outer loop
      vertex -72.5408 33.9977 9.525
      vertex -74.6998 30.2582 9.525
      vertex -74.5551 30.1682 9.525
    endloop
  endfacet
  facet normal 0 0 1
    outer loop
      vertex -72.9402 34.2112 9.525
      vertex -74.8501 30.3385 9.525
      vertex -74.6998 30.2582 9.525
    endloop
  endfacet
  facet normal 0 0 1
    outer loop
      vertex -73.3528 34.3981 9.525
      vertex -75.0052 30.4088 9.525
      vertex -74.8501 30.3385 9.525
    endloop
  endfacet
  facet normal 0 0 1
    outer loop
      vertex -75.4936 30.557 9.525
      vertex -74.6512 34.792 9.525
      vertex -75.0981 34.8658 9.525
    endloop
  endfacet
  facet normal 0 0 1
    outer loop
      vertex -73.7767 34.5577 9.525
      vertex -75.1647 30.4688 9.525
      vertex -75.0052 30.4088 9.525
    endloop
  endfacet
  facet normal 0 0 1
    outer loop
      vertex -74.2101 34.6891 9.525
      vertex -75.3277 30.5183 9.525
      vertex -75.1647 30.4688 9.525
    endloop
  endfacet
  facet normal 0 0 1
    outer loop
      vertex -74.6512 34.792 9.525
      vertex -75.4936 30.557 9.525
      vertex -75.3277 30.5183 9.525
    endloop
  endfacet
  facet normal 0 0 1
    outer loop
      vertex -75.6617 30.5847 9.525
      vertex -75.0981 34.8658 9.525
      vertex -75.5489 34.9102 9.525
    endloop
  endfacet
  facet normal 0 0 1
    outer loop
      vertex -75.0981 34.8658 9.525
      vertex -75.6617 30.5847 9.525
      vertex -75.4936 30.557 9.525
    endloop
  endfacet
  facet normal 0 0 1
    outer loop
      vertex -75.5489 34.9102 9.525
      vertex -75.8313 30.6014 9.525
      vertex -75.6617 30.5847 9.525
    endloop
  endfacet
  facet normal 0 0 1
    outer loop
      vertex -76.0016 34.925 9.525
      vertex -75.8313 30.6014 9.525
      vertex -75.5489 34.9102 9.525
    endloop
  endfacet
  facet normal 0 0 1
    outer loop
      vertex -76.0016 34.925 9.525
      vertex -76.0016 30.607 9.525
      vertex -75.8313 30.6014 9.525
    endloop
  endfacet
  facet normal 0 0 1
    outer loop
      vertex -76.0016 34.925 9.525
      vertex -76.1718 30.6014 9.525
      vertex -76.0016 30.607 9.525
    endloop
  endfacet
  facet normal -0 0 1
    outer loop
      vertex -76.4542 34.9102 9.525
      vertex -76.1718 30.6014 9.525
      vertex -76.0016 34.925 9.525
    endloop
  endfacet
  facet normal 0 0 1
    outer loop
      vertex -76.1718 30.6014 9.525
      vertex -76.4542 34.9102 9.525
      vertex -76.3414 30.5847 9.525
    endloop
  endfacet
  facet normal -0 0 1
    outer loop
      vertex -76.905 34.8658 9.525
      vertex -76.3414 30.5847 9.525
      vertex -76.4542 34.9102 9.525
    endloop
  endfacet
  facet normal 0 0 1
    outer loop
      vertex -76.3414 30.5847 9.525
      vertex -76.905 34.8658 9.525
      vertex -76.5095 30.557 9.525
    endloop
  endfacet
  facet normal -0 0 1
    outer loop
      vertex -77.3519 34.792 9.525
      vertex -76.5095 30.557 9.525
      vertex -76.905 34.8658 9.525
    endloop
  endfacet
  facet normal 0 0 1
    outer loop
      vertex -76.5095 30.557 9.525
      vertex -77.3519 34.792 9.525
      vertex -76.6754 30.5183 9.525
    endloop
  endfacet
  facet normal -0 0 1
    outer loop
      vertex -77.793 34.6891 9.525
      vertex -76.6754 30.5183 9.525
      vertex -77.3519 34.792 9.525
    endloop
  endfacet
  facet normal 0 0 1
    outer loop
      vertex -76.6754 30.5183 9.525
      vertex -77.793 34.6891 9.525
      vertex -76.8384 30.4688 9.525
    endloop
  endfacet
  facet normal -0 0 1
    outer loop
      vertex -78.2264 34.5577 9.525
      vertex -76.8384 30.4688 9.525
      vertex -77.793 34.6891 9.525
    endloop
  endfacet
  facet normal 0 0 1
    outer loop
      vertex -76.8384 30.4688 9.525
      vertex -78.2264 34.5577 9.525
      vertex -76.9979 30.4088 9.525
    endloop
  endfacet
  facet normal -0 0 1
    outer loop
      vertex -78.6503 34.3981 9.525
      vertex -76.9979 30.4088 9.525
      vertex -78.2264 34.5577 9.525
    endloop
  endfacet
  facet normal 0 0 1
    outer loop
      vertex -76.9979 30.4088 9.525
      vertex -78.6503 34.3981 9.525
      vertex -77.153 30.3385 9.525
    endloop
  endfacet
  facet normal -0 0 1
    outer loop
      vertex -79.0629 34.2112 9.525
      vertex -77.153 30.3385 9.525
      vertex -78.6503 34.3981 9.525
    endloop
  endfacet
  facet normal 0 0 1
    outer loop
      vertex -77.153 30.3385 9.525
      vertex -79.0629 34.2112 9.525
      vertex -77.3033 30.2582 9.525
    endloop
  endfacet
  facet normal -0 0 1
    outer loop
      vertex -79.4623 33.9977 9.525
      vertex -77.3033 30.2582 9.525
      vertex -79.0629 34.2112 9.525
    endloop
  endfacet
  facet normal 0 0 1
    outer loop
      vertex -77.3033 30.2582 9.525
      vertex -79.4623 33.9977 9.525
      vertex -77.448 30.1682 9.525
    endloop
  endfacet
  facet normal -0 0 1
    outer loop
      vertex -79.8469 33.7585 9.525
      vertex -77.448 30.1682 9.525
      vertex -79.4623 33.9977 9.525
    endloop
  endfacet
  facet normal 0 0 1
    outer loop
      vertex -77.448 30.1682 9.525
      vertex -79.8469 33.7585 9.525
      vertex -77.5865 30.069 9.525
    endloop
  endfacet
  facet normal -0 0 1
    outer loop
      vertex -80.2151 33.4947 9.525
      vertex -77.5865 30.069 9.525
      vertex -79.8469 33.7585 9.525
    endloop
  endfacet
  facet normal 0 0 1
    outer loop
      vertex -77.5865 30.069 9.525
      vertex -80.2151 33.4947 9.525
      vertex -77.7181 29.9609 9.525
    endloop
  endfacet
  facet normal -0 0 1
    outer loop
      vertex -80.5652 33.2073 9.525
      vertex -77.7181 29.9609 9.525
      vertex -80.2151 33.4947 9.525
    endloop
  endfacet
  facet normal 0 0 1
    outer loop
      vertex -77.7181 29.9609 9.525
      vertex -80.5652 33.2073 9.525
      vertex -77.8425 29.8444 9.525
    endloop
  endfacet
  facet normal -0 0 1
    outer loop
      vertex -80.8958 32.8977 9.525
      vertex -77.8425 29.8444 9.525
      vertex -80.5652 33.2073 9.525
    endloop
  endfacet
  facet normal 0 0 1
    outer loop
      vertex -77.8425 29.8444 9.525
      vertex -80.8958 32.8977 9.525
      vertex -77.959 29.7201 9.525
    endloop
  endfacet
  facet normal -0 0 1
    outer loop
      vertex -81.2054 32.5672 9.525
      vertex -77.959 29.7201 9.525
      vertex -80.8958 32.8977 9.525
    endloop
  endfacet
  facet normal 0 0 1
    outer loop
      vertex -77.959 29.7201 9.525
      vertex -81.2054 32.5672 9.525
      vertex -78.067 29.5884 9.525
    endloop
  endfacet
  facet normal -0 0 1
    outer loop
      vertex -81.4928 32.217 9.525
      vertex -78.067 29.5884 9.525
      vertex -81.2054 32.5672 9.525
    endloop
  endfacet
  facet normal 0 0 1
    outer loop
      vertex -78.1663 29.4499 9.525
      vertex -81.7566 31.8489 9.525
      vertex -78.2562 29.3052 9.525
    endloop
  endfacet
  facet normal -0 0 1
    outer loop
      vertex -81.7566 31.8489 9.525
      vertex -78.1663 29.4499 9.525
      vertex -81.4928 32.217 9.525
    endloop
  endfacet
  facet normal 0 0 1
    outer loop
      vertex -78.067 29.5884 9.525
      vertex -81.4928 32.217 9.525
      vertex -78.1663 29.4499 9.525
    endloop
  endfacet
  facet normal -0 0 1
    outer loop
      vertex -73.8368 -29.4499 9.525
      vertex -70.2465 -31.8489 9.525
      vertex -73.7469 -29.3052 9.525
    endloop
  endfacet
  facet normal 0 0 1
    outer loop
      vertex -70.2465 -31.8489 9.525
      vertex -73.8368 -29.4499 9.525
      vertex -70.5104 -32.217 9.525
    endloop
  endfacet
  facet normal -0 0 1
    outer loop
      vertex -73.9361 -29.5884 9.525
      vertex -70.5104 -32.217 9.525
      vertex -73.8368 -29.4499 9.525
    endloop
  endfacet
  facet normal 0 0 1
    outer loop
      vertex -70.5104 -32.217 9.525
      vertex -73.9361 -29.5884 9.525
      vertex -70.7977 -32.5672 9.525
    endloop
  endfacet
  facet normal -0 0 1
    outer loop
      vertex -74.0441 -29.7201 9.525
      vertex -70.7977 -32.5672 9.525
      vertex -73.9361 -29.5884 9.525
    endloop
  endfacet
  facet normal 0 0 1
    outer loop
      vertex -70.7977 -32.5672 9.525
      vertex -74.0441 -29.7201 9.525
      vertex -71.1073 -32.8977 9.525
    endloop
  endfacet
  facet normal -0 0 1
    outer loop
      vertex -74.1606 -29.8444 9.525
      vertex -71.1073 -32.8977 9.525
      vertex -74.0441 -29.7201 9.525
    endloop
  endfacet
  facet normal 0 0 1
    outer loop
      vertex -71.1073 -32.8977 9.525
      vertex -74.1606 -29.8444 9.525
      vertex -71.4379 -33.2073 9.525
    endloop
  endfacet
  facet normal -0 0 1
    outer loop
      vertex -74.285 -29.9609 9.525
      vertex -71.4379 -33.2073 9.525
      vertex -74.1606 -29.8444 9.525
    endloop
  endfacet
  facet normal 0 0 1
    outer loop
      vertex -71.4379 -33.2073 9.525
      vertex -74.285 -29.9609 9.525
      vertex -71.788 -33.4947 9.525
    endloop
  endfacet
  facet normal -0 0 1
    outer loop
      vertex -74.4166 -30.069 9.525
      vertex -71.788 -33.4947 9.525
      vertex -74.285 -29.9609 9.525
    endloop
  endfacet
  facet normal 0 0 1
    outer loop
      vertex -71.788 -33.4947 9.525
      vertex -74.4166 -30.069 9.525
      vertex -72.1562 -33.7585 9.525
    endloop
  endfacet
  facet normal -0 0 1
    outer loop
      vertex -74.5551 -30.1682 9.525
      vertex -72.1562 -33.7585 9.525
      vertex -74.4166 -30.069 9.525
    endloop
  endfacet
  facet normal 0 0 1
    outer loop
      vertex -72.1562 -33.7585 9.525
      vertex -74.5551 -30.1682 9.525
      vertex -72.5408 -33.9977 9.525
    endloop
  endfacet
  facet normal -0 0 1
    outer loop
      vertex -74.6998 -30.2582 9.525
      vertex -72.5408 -33.9977 9.525
      vertex -74.5551 -30.1682 9.525
    endloop
  endfacet
  facet normal 0 0 1
    outer loop
      vertex -72.5408 -33.9977 9.525
      vertex -74.6998 -30.2582 9.525
      vertex -72.9402 -34.2112 9.525
    endloop
  endfacet
  facet normal -0 0 1
    outer loop
      vertex -74.8501 -30.3385 9.525
      vertex -72.9402 -34.2112 9.525
      vertex -74.6998 -30.2582 9.525
    endloop
  endfacet
  facet normal 0 0 1
    outer loop
      vertex -72.9402 -34.2112 9.525
      vertex -74.8501 -30.3385 9.525
      vertex -73.3528 -34.3981 9.525
    endloop
  endfacet
  facet normal -0 0 1
    outer loop
      vertex -75.0052 -30.4088 9.525
      vertex -73.3528 -34.3981 9.525
      vertex -74.8501 -30.3385 9.525
    endloop
  endfacet
  facet normal 0 0 1
    outer loop
      vertex -73.3528 -34.3981 9.525
      vertex -75.0052 -30.4088 9.525
      vertex -73.7767 -34.5577 9.525
    endloop
  endfacet
  facet normal -0 0 1
    outer loop
      vertex -75.1647 -30.4688 9.525
      vertex -73.7767 -34.5577 9.525
      vertex -75.0052 -30.4088 9.525
    endloop
  endfacet
  facet normal 0 0 1
    outer loop
      vertex -73.7767 -34.5577 9.525
      vertex -75.1647 -30.4688 9.525
      vertex -74.2101 -34.6891 9.525
    endloop
  endfacet
  facet normal -0 0 1
    outer loop
      vertex -75.3277 -30.5183 9.525
      vertex -74.2101 -34.6891 9.525
      vertex -75.1647 -30.4688 9.525
    endloop
  endfacet
  facet normal 0 0 1
    outer loop
      vertex -74.2101 -34.6891 9.525
      vertex -75.3277 -30.5183 9.525
      vertex -74.6512 -34.792 9.525
    endloop
  endfacet
  facet normal -0 0 1
    outer loop
      vertex -75.4936 -30.557 9.525
      vertex -74.6512 -34.792 9.525
      vertex -75.3277 -30.5183 9.525
    endloop
  endfacet
  facet normal 0 0 1
    outer loop
      vertex -74.6512 -34.792 9.525
      vertex -75.4936 -30.557 9.525
      vertex -75.0981 -34.8658 9.525
    endloop
  endfacet
  facet normal -0 0 1
    outer loop
      vertex -75.6617 -30.5847 9.525
      vertex -75.0981 -34.8658 9.525
      vertex -75.4936 -30.557 9.525
    endloop
  endfacet
  facet normal 0 0 1
    outer loop
      vertex -75.0981 -34.8658 9.525
      vertex -75.6617 -30.5847 9.525
      vertex -75.5489 -34.9102 9.525
    endloop
  endfacet
  facet normal -0 0 1
    outer loop
      vertex -75.8313 -30.6014 9.525
      vertex -75.5489 -34.9102 9.525
      vertex -75.6617 -30.5847 9.525
    endloop
  endfacet
  facet normal -0 0 1
    outer loop
      vertex -76.0016 -30.607 9.525
      vertex -75.5489 -34.9102 9.525
      vertex -75.8313 -30.6014 9.525
    endloop
  endfacet
  facet normal 0 0 1
    outer loop
      vertex -76.0016 -30.607 9.525
      vertex -76.0016 -34.925 9.525
      vertex -75.5489 -34.9102 9.525
    endloop
  endfacet
  facet normal 0 0 1
    outer loop
      vertex -76.1718 -30.6014 9.525
      vertex -76.0016 -34.925 9.525
      vertex -76.0016 -30.607 9.525
    endloop
  endfacet
  facet normal 0 0 1
    outer loop
      vertex -76.4542 -34.9102 9.525
      vertex -76.1718 -30.6014 9.525
      vertex -76.3414 -30.5847 9.525
    endloop
  endfacet
  facet normal 0 0 1
    outer loop
      vertex -76.1718 -30.6014 9.525
      vertex -76.4542 -34.9102 9.525
      vertex -76.0016 -34.925 9.525
    endloop
  endfacet
  facet normal 0 0 1
    outer loop
      vertex -76.905 -34.8658 9.525
      vertex -76.3414 -30.5847 9.525
      vertex -76.5095 -30.557 9.525
    endloop
  endfacet
  facet normal 0 0 1
    outer loop
      vertex -77.3519 -34.792 9.525
      vertex -76.5095 -30.557 9.525
      vertex -76.6754 -30.5183 9.525
    endloop
  endfacet
  facet normal 0 0 1
    outer loop
      vertex -77.793 -34.6891 9.525
      vertex -76.6754 -30.5183 9.525
      vertex -76.8384 -30.4688 9.525
    endloop
  endfacet
  facet normal 0 0 1
    outer loop
      vertex -76.3414 -30.5847 9.525
      vertex -76.905 -34.8658 9.525
      vertex -76.4542 -34.9102 9.525
    endloop
  endfacet
  facet normal 0 0 1
    outer loop
      vertex -78.2264 -34.5577 9.525
      vertex -76.8384 -30.4688 9.525
      vertex -76.9979 -30.4088 9.525
    endloop
  endfacet
  facet normal 0 0 1
    outer loop
      vertex -78.6503 -34.3981 9.525
      vertex -76.9979 -30.4088 9.525
      vertex -77.153 -30.3385 9.525
    endloop
  endfacet
  facet normal 0 0 1
    outer loop
      vertex -79.0629 -34.2112 9.525
      vertex -77.153 -30.3385 9.525
      vertex -77.3033 -30.2582 9.525
    endloop
  endfacet
  facet normal 0 0 1
    outer loop
      vertex -76.5095 -30.557 9.525
      vertex -77.3519 -34.792 9.525
      vertex -76.905 -34.8658 9.525
    endloop
  endfacet
  facet normal 0 0 1
    outer loop
      vertex -79.4623 -33.9977 9.525
      vertex -77.3033 -30.2582 9.525
      vertex -77.448 -30.1682 9.525
    endloop
  endfacet
  facet normal 0 0 1
    outer loop
      vertex -79.8469 -33.7585 9.525
      vertex -77.448 -30.1682 9.525
      vertex -77.5865 -30.069 9.525
    endloop
  endfacet
  facet normal 0 0 1
    outer loop
      vertex -80.2151 -33.4947 9.525
      vertex -77.5865 -30.069 9.525
      vertex -77.7181 -29.9609 9.525
    endloop
  endfacet
  facet normal 0 0 1
    outer loop
      vertex -76.6754 -30.5183 9.525
      vertex -77.793 -34.6891 9.525
      vertex -77.3519 -34.792 9.525
    endloop
  endfacet
  facet normal 0 0 1
    outer loop
      vertex -80.5652 -33.2073 9.525
      vertex -77.7181 -29.9609 9.525
      vertex -77.8425 -29.8444 9.525
    endloop
  endfacet
  facet normal 0 0 1
    outer loop
      vertex -80.8958 -32.8977 9.525
      vertex -77.8425 -29.8444 9.525
      vertex -77.959 -29.7201 9.525
    endloop
  endfacet
  facet normal 0 0 1
    outer loop
      vertex -81.2054 -32.5672 9.525
      vertex -77.959 -29.7201 9.525
      vertex -78.067 -29.5884 9.525
    endloop
  endfacet
  facet normal 0 0 1
    outer loop
      vertex -81.4928 -32.217 9.525
      vertex -78.067 -29.5884 9.525
      vertex -78.1663 -29.4499 9.525
    endloop
  endfacet
  facet normal 0 0 1
    outer loop
      vertex -76.8384 -30.4688 9.525
      vertex -78.2264 -34.5577 9.525
      vertex -77.793 -34.6891 9.525
    endloop
  endfacet
  facet normal 0 0 1
    outer loop
      vertex -81.7566 -31.8489 9.525
      vertex -78.1663 -29.4499 9.525
      vertex -78.2562 -29.3052 9.525
    endloop
  endfacet
  facet normal 0 0 1
    outer loop
      vertex -81.9957 -31.4642 9.525
      vertex -78.2562 -29.3052 9.525
      vertex -78.3366 -29.155 9.525
    endloop
  endfacet
  facet normal 0 0 1
    outer loop
      vertex -82.2093 -31.0648 9.525
      vertex -78.3366 -29.155 9.525
      vertex -78.4069 -28.9998 9.525
    endloop
  endfacet
  facet normal 0 0 1
    outer loop
      vertex -82.3962 -30.6522 9.525
      vertex -78.4069 -28.9998 9.525
      vertex -78.4669 -28.8404 9.525
    endloop
  endfacet
  facet normal 0 0 1
    outer loop
      vertex -82.5557 -30.2283 9.525
      vertex -78.4669 -28.8404 9.525
      vertex -78.5163 -28.6773 9.525
    endloop
  endfacet
  facet normal 0 0 1
    outer loop
      vertex -82.6872 -29.7949 9.525
      vertex -78.5163 -28.6773 9.525
      vertex -78.555 -28.5114 9.525
    endloop
  endfacet
  facet normal 0 0 1
    outer loop
      vertex -82.7901 -29.3538 9.525
      vertex -78.555 -28.5114 9.525
      vertex -78.5828 -28.3433 9.525
    endloop
  endfacet
  facet normal 0 0 1
    outer loop
      vertex -82.8638 -28.9069 9.525
      vertex -78.5828 -28.3433 9.525
      vertex -78.5995 -28.1738 9.525
    endloop
  endfacet
  facet normal 0 0 1
    outer loop
      vertex -76.9979 -30.4088 9.525
      vertex -78.6503 -34.3981 9.525
      vertex -78.2264 -34.5577 9.525
    endloop
  endfacet
  facet normal 0 0 1
    outer loop
      vertex -82.9082 -28.4562 9.525
      vertex -78.5995 -28.1738 9.525
      vertex -78.6051 -28.0035 9.525
    endloop
  endfacet
  facet normal 0 0 1
    outer loop
      vertex -78.6051 28.0035 9.525
      vertex -82.923 28.0035 9.525
      vertex -78.6051 -28.0035 9.525
    endloop
  endfacet
  facet normal -0 0 1
    outer loop
      vertex -81.9957 31.4642 9.525
      vertex -78.2562 29.3052 9.525
      vertex -81.7566 31.8489 9.525
    endloop
  endfacet
  facet normal 0 0 1
    outer loop
      vertex -82.923 -28.0035 9.525
      vertex -78.6051 -28.0035 9.525
      vertex -82.923 28.0035 9.525
    endloop
  endfacet
  facet normal 0 0 1
    outer loop
      vertex -78.2562 29.3052 9.525
      vertex -81.9957 31.4642 9.525
      vertex -78.3366 29.155 9.525
    endloop
  endfacet
  facet normal 0 -0 1
    outer loop
      vertex -82.9082 -28.4562 9.525
      vertex -78.6051 -28.0035 9.525
      vertex -82.923 -28.0035 9.525
    endloop
  endfacet
  facet normal -0 0 1
    outer loop
      vertex -82.2093 31.0648 9.525
      vertex -78.3366 29.155 9.525
      vertex -81.9957 31.4642 9.525
    endloop
  endfacet
  facet normal 0 0 1
    outer loop
      vertex -77.153 -30.3385 9.525
      vertex -79.0629 -34.2112 9.525
      vertex -78.6503 -34.3981 9.525
    endloop
  endfacet
  facet normal 0 0 1
    outer loop
      vertex -78.3366 29.155 9.525
      vertex -82.2093 31.0648 9.525
      vertex -78.4069 28.9998 9.525
    endloop
  endfacet
  facet normal 0 0 1
    outer loop
      vertex -77.3033 -30.2582 9.525
      vertex -79.4623 -33.9977 9.525
      vertex -79.0629 -34.2112 9.525
    endloop
  endfacet
  facet normal -0 0 1
    outer loop
      vertex -82.3962 30.6522 9.525
      vertex -78.4069 28.9998 9.525
      vertex -82.2093 31.0648 9.525
    endloop
  endfacet
  facet normal 0 0 1
    outer loop
      vertex -77.448 -30.1682 9.525
      vertex -79.8469 -33.7585 9.525
      vertex -79.4623 -33.9977 9.525
    endloop
  endfacet
  facet normal 0 0 1
    outer loop
      vertex -78.4069 28.9998 9.525
      vertex -82.3962 30.6522 9.525
      vertex -78.4669 28.8404 9.525
    endloop
  endfacet
  facet normal 0 0 1
    outer loop
      vertex -77.5865 -30.069 9.525
      vertex -80.2151 -33.4947 9.525
      vertex -79.8469 -33.7585 9.525
    endloop
  endfacet
  facet normal -0 0 1
    outer loop
      vertex -82.5557 30.2283 9.525
      vertex -78.4669 28.8404 9.525
      vertex -82.3962 30.6522 9.525
    endloop
  endfacet
  facet normal 0 0 1
    outer loop
      vertex -77.7181 -29.9609 9.525
      vertex -80.5652 -33.2073 9.525
      vertex -80.2151 -33.4947 9.525
    endloop
  endfacet
  facet normal 0 0 1
    outer loop
      vertex -78.4669 28.8404 9.525
      vertex -82.5557 30.2283 9.525
      vertex -78.5163 28.6773 9.525
    endloop
  endfacet
  facet normal 0 0 1
    outer loop
      vertex -77.8425 -29.8444 9.525
      vertex -80.8958 -32.8977 9.525
      vertex -80.5652 -33.2073 9.525
    endloop
  endfacet
  facet normal -0 0 1
    outer loop
      vertex -82.6872 29.7949 9.525
      vertex -78.5163 28.6773 9.525
      vertex -82.5557 30.2283 9.525
    endloop
  endfacet
  facet normal 0 0 1
    outer loop
      vertex -77.959 -29.7201 9.525
      vertex -81.2054 -32.5672 9.525
      vertex -80.8958 -32.8977 9.525
    endloop
  endfacet
  facet normal 0 0 1
    outer loop
      vertex -78.5163 28.6773 9.525
      vertex -82.6872 29.7949 9.525
      vertex -78.555 28.5114 9.525
    endloop
  endfacet
  facet normal 0 0 1
    outer loop
      vertex -78.067 -29.5884 9.525
      vertex -81.4928 -32.217 9.525
      vertex -81.2054 -32.5672 9.525
    endloop
  endfacet
  facet normal -0 0 1
    outer loop
      vertex -82.7901 29.3538 9.525
      vertex -78.555 28.5114 9.525
      vertex -82.6872 29.7949 9.525
    endloop
  endfacet
  facet normal 0 0 1
    outer loop
      vertex -78.1663 -29.4499 9.525
      vertex -81.7566 -31.8489 9.525
      vertex -81.4928 -32.217 9.525
    endloop
  endfacet
  facet normal 0 0 1
    outer loop
      vertex -78.555 28.5114 9.525
      vertex -82.7901 29.3538 9.525
      vertex -78.5828 28.3433 9.525
    endloop
  endfacet
  facet normal 0 0 1
    outer loop
      vertex -78.2562 -29.3052 9.525
      vertex -81.9957 -31.4642 9.525
      vertex -81.7566 -31.8489 9.525
    endloop
  endfacet
  facet normal -0 0 1
    outer loop
      vertex -82.8638 28.9069 9.525
      vertex -78.5828 28.3433 9.525
      vertex -82.7901 29.3538 9.525
    endloop
  endfacet
  facet normal 0 0 1
    outer loop
      vertex -78.3366 -29.155 9.525
      vertex -82.2093 -31.0648 9.525
      vertex -81.9957 -31.4642 9.525
    endloop
  endfacet
  facet normal 0 0 1
    outer loop
      vertex -78.5828 28.3433 9.525
      vertex -82.8638 28.9069 9.525
      vertex -78.5995 28.1738 9.525
    endloop
  endfacet
  facet normal 0 0 1
    outer loop
      vertex -78.4069 -28.9998 9.525
      vertex -82.3962 -30.6522 9.525
      vertex -82.2093 -31.0648 9.525
    endloop
  endfacet
  facet normal -0 0 1
    outer loop
      vertex -82.9082 28.4562 9.525
      vertex -78.5995 28.1738 9.525
      vertex -82.8638 28.9069 9.525
    endloop
  endfacet
  facet normal 0 0 1
    outer loop
      vertex -78.4669 -28.8404 9.525
      vertex -82.5557 -30.2283 9.525
      vertex -82.3962 -30.6522 9.525
    endloop
  endfacet
  facet normal 0 0 1
    outer loop
      vertex -78.5995 28.1738 9.525
      vertex -82.9082 28.4562 9.525
      vertex -78.6051 28.0035 9.525
    endloop
  endfacet
  facet normal 0 0 1
    outer loop
      vertex -78.5163 -28.6773 9.525
      vertex -82.6872 -29.7949 9.525
      vertex -82.5557 -30.2283 9.525
    endloop
  endfacet
  facet normal 0 0 1
    outer loop
      vertex -78.6051 28.0035 9.525
      vertex -82.9082 28.4562 9.525
      vertex -82.923 28.0035 9.525
    endloop
  endfacet
  facet normal 0 0 1
    outer loop
      vertex -78.555 -28.5114 9.525
      vertex -82.7901 -29.3538 9.525
      vertex -82.6872 -29.7949 9.525
    endloop
  endfacet
  facet normal 0 0 1
    outer loop
      vertex -78.5828 -28.3433 9.525
      vertex -82.8638 -28.9069 9.525
      vertex -82.7901 -29.3538 9.525
    endloop
  endfacet
  facet normal 0 0 1
    outer loop
      vertex -78.5995 -28.1738 9.525
      vertex -82.9082 -28.4562 9.525
      vertex -82.8638 -28.9069 9.525
    endloop
  endfacet
  facet normal -0.999466 -0.0326753 0
    outer loop
      vertex -69.0801 28.0035 9.525
      vertex -69.0949 28.4562 15.875
      vertex -69.0949 28.4562 9.525
    endloop
  endfacet
  facet normal -0.999466 -0.0326753 0
    outer loop
      vertex -69.0949 28.4562 15.875
      vertex -69.0801 28.0035 9.525
      vertex -69.0801 28.0035 15.875
    endloop
  endfacet
  facet normal 0.999466 -0.0326753 0
    outer loop
      vertex -82.923 28.0035 15.875
      vertex -82.9082 28.4562 9.525
      vertex -82.9082 28.4562 15.875
    endloop
  endfacet
  facet normal 0.999466 -0.0326753 0
    outer loop
      vertex -82.9082 28.4562 9.525
      vertex -82.923 28.0035 15.875
      vertex -82.923 28.0035 9.525
    endloop
  endfacet
  facet normal -1 0 0
    outer loop
      vertex -69.0801 -28.0035 9.525
      vertex -69.0801 28.0035 15.875
      vertex -69.0801 28.0035 9.525
    endloop
  endfacet
  facet normal -1 -0 0
    outer loop
      vertex -69.0801 28.0035 15.875
      vertex -69.0801 -28.0035 9.525
      vertex -69.0801 -28.0035 15.875
    endloop
  endfacet
  facet normal 0.999466 0.0326753 0
    outer loop
      vertex -82.9082 -28.4562 15.875
      vertex -82.923 -28.0035 9.525
      vertex -82.923 -28.0035 15.875
    endloop
  endfacet
  facet normal 0.999466 0.0326753 0
    outer loop
      vertex -82.923 -28.0035 9.525
      vertex -82.9082 -28.4562 15.875
      vertex -82.9082 -28.4562 9.525
    endloop
  endfacet
  facet normal 1 -0 0
    outer loop
      vertex -82.923 -28.0035 15.875
      vertex -82.923 28.0035 9.525
      vertex -82.923 28.0035 15.875
    endloop
  endfacet
  facet normal 1 0 0
    outer loop
      vertex -82.923 28.0035 9.525
      vertex -82.923 -28.0035 15.875
      vertex -82.923 -28.0035 9.525
    endloop
  endfacet
  facet normal 0.986673 -0.162716 0
    outer loop
      vertex -82.8638 28.9069 15.875
      vertex -82.7901 29.3538 9.525
      vertex -82.7901 29.3538 15.875
    endloop
  endfacet
  facet normal 0.986673 -0.162716 0
    outer loop
      vertex -82.7901 29.3538 9.525
      vertex -82.8638 28.9069 15.875
      vertex -82.8638 28.9069 9.525
    endloop
  endfacet
  facet normal 0.973853 -0.227181 0
    outer loop
      vertex -82.7901 29.3538 15.875
      vertex -82.6872 29.7949 9.525
      vertex -82.6872 29.7949 15.875
    endloop
  endfacet
  facet normal 0.973853 -0.227181 0
    outer loop
      vertex -82.6872 29.7949 9.525
      vertex -82.7901 29.3538 15.875
      vertex -82.7901 29.3538 9.525
    endloop
  endfacet
  facet normal -0.995183 -0.0980388 0
    outer loop
      vertex -69.0949 28.4562 9.525
      vertex -69.1393 28.9069 15.875
      vertex -69.1393 28.9069 9.525
    endloop
  endfacet
  facet normal -0.995183 -0.0980388 0
    outer loop
      vertex -69.1393 28.9069 15.875
      vertex -69.0949 28.4562 9.525
      vertex -69.0949 28.4562 15.875
    endloop
  endfacet
  facet normal -0.986637 0.162931 0
    outer loop
      vertex -69.2131 -29.3538 9.525
      vertex -69.1393 -28.9069 15.875
      vertex -69.1393 -28.9069 9.525
    endloop
  endfacet
  facet normal -0.986637 0.162931 0
    outer loop
      vertex -69.1393 -28.9069 15.875
      vertex -69.2131 -29.3538 9.525
      vertex -69.2131 -29.3538 15.875
    endloop
  endfacet
  facet normal 0.634499 0.772923 -0
    outer loop
      vertex -80.2151 -33.4947 9.525
      vertex -80.5652 -33.2073 15.875
      vertex -80.2151 -33.4947 15.875
    endloop
  endfacet
  facet normal 0.634499 0.772923 0
    outer loop
      vertex -80.5652 -33.2073 15.875
      vertex -80.2151 -33.4947 9.525
      vertex -80.5652 -33.2073 9.525
    endloop
  endfacet
  facet normal 0.995183 -0.0980388 0
    outer loop
      vertex -82.9082 28.4562 15.875
      vertex -82.8638 28.9069 9.525
      vertex -82.8638 28.9069 15.875
    endloop
  endfacet
  facet normal 0.995183 -0.0980388 0
    outer loop
      vertex -82.8638 28.9069 9.525
      vertex -82.9082 28.4562 15.875
      vertex -82.9082 28.4562 9.525
    endloop
  endfacet
  facet normal -0.683544 -0.729909 0
    outer loop
      vertex -71.4379 33.2073 9.525
      vertex -71.1073 32.8977 15.875
      vertex -71.4379 33.2073 15.875
    endloop
  endfacet
  facet normal -0.683544 -0.729909 -0
    outer loop
      vertex -71.1073 32.8977 15.875
      vertex -71.4379 33.2073 9.525
      vertex -71.1073 32.8977 9.525
    endloop
  endfacet
  facet normal -0.0980173 -0.995185 0
    outer loop
      vertex -75.5489 34.9102 9.525
      vertex -75.0981 34.8658 15.875
      vertex -75.5489 34.9102 15.875
    endloop
  endfacet
  facet normal -0.0980173 -0.995185 -0
    outer loop
      vertex -75.0981 34.8658 15.875
      vertex -75.5489 34.9102 9.525
      vertex -75.0981 34.8658 9.525
    endloop
  endfacet
  facet normal 0.729806 0.683655 0
    outer loop
      vertex -80.8958 -32.8977 15.875
      vertex -81.2054 -32.5672 9.525
      vertex -81.2054 -32.5672 15.875
    endloop
  endfacet
  facet normal 0.729806 0.683655 0
    outer loop
      vertex -81.2054 -32.5672 9.525
      vertex -80.8958 -32.8977 15.875
      vertex -80.8958 -32.8977 9.525
    endloop
  endfacet
  facet normal -0.849323 -0.527874 0
    outer loop
      vertex -70.0074 31.4642 9.525
      vertex -70.2465 31.8489 15.875
      vertex -70.2465 31.8489 9.525
    endloop
  endfacet
  facet normal -0.849323 -0.527874 0
    outer loop
      vertex -70.2465 31.8489 15.875
      vertex -70.0074 31.4642 9.525
      vertex -70.0074 31.4642 15.875
    endloop
  endfacet
  facet normal -0.412622 -0.910903 0
    outer loop
      vertex -73.3528 34.3981 9.525
      vertex -72.9402 34.2112 15.875
      vertex -73.3528 34.3981 15.875
    endloop
  endfacet
  facet normal -0.412622 -0.910903 -0
    outer loop
      vertex -72.9402 34.2112 15.875
      vertex -73.3528 34.3981 9.525
      vertex -72.9402 34.2112 9.525
    endloop
  endfacet
  facet normal 0.812822 -0.582512 0
    outer loop
      vertex -81.7566 31.8489 15.875
      vertex -81.4928 32.217 9.525
      vertex -81.4928 32.217 15.875
    endloop
  endfacet
  facet normal 0.812822 -0.582512 0
    outer loop
      vertex -81.4928 32.217 9.525
      vertex -81.7566 31.8489 15.875
      vertex -81.7566 31.8489 9.525
    endloop
  endfacet
  facet normal 0.290142 -0.956984 0
    outer loop
      vertex -78.2264 34.5577 9.525
      vertex -77.793 34.6891 15.875
      vertex -78.2264 34.5577 15.875
    endloop
  endfacet
  facet normal 0.290142 -0.956984 0
    outer loop
      vertex -77.793 34.6891 15.875
      vertex -78.2264 34.5577 9.525
      vertex -77.793 34.6891 9.525
    endloop
  endfacet
  facet normal 0.0980173 -0.995185 0
    outer loop
      vertex -76.905 34.8658 9.525
      vertex -76.4542 34.9102 15.875
      vertex -76.905 34.8658 15.875
    endloop
  endfacet
  facet normal 0.0980173 -0.995185 0
    outer loop
      vertex -76.4542 34.9102 15.875
      vertex -76.905 34.8658 9.525
      vertex -76.4542 34.9102 9.525
    endloop
  endfacet
  facet normal -0.881906 0.471425 0
    outer loop
      vertex -70.0074 -31.4642 9.525
      vertex -69.7939 -31.0648 15.875
      vertex -69.7939 -31.0648 9.525
    endloop
  endfacet
  facet normal -0.881906 0.471425 0
    outer loop
      vertex -69.7939 -31.0648 15.875
      vertex -70.0074 -31.4642 9.525
      vertex -70.0074 -31.4642 15.875
    endloop
  endfacet
  facet normal -0.634499 0.772923 0
    outer loop
      vertex -71.4379 -33.2073 9.525
      vertex -71.788 -33.4947 15.875
      vertex -71.4379 -33.2073 15.875
    endloop
  endfacet
  facet normal -0.634499 0.772923 0
    outer loop
      vertex -71.788 -33.4947 15.875
      vertex -71.4379 -33.2073 9.525
      vertex -71.788 -33.4947 9.525
    endloop
  endfacet
  facet normal -0.582407 0.812897 0
    outer loop
      vertex -71.788 -33.4947 9.525
      vertex -72.1562 -33.7585 15.875
      vertex -71.788 -33.4947 15.875
    endloop
  endfacet
  facet normal -0.582407 0.812897 0
    outer loop
      vertex -72.1562 -33.7585 15.875
      vertex -71.788 -33.4947 9.525
      vertex -72.1562 -33.7585 9.525
    endloop
  endfacet
  facet normal -0.528132 0.849162 0
    outer loop
      vertex -72.1562 -33.7585 9.525
      vertex -72.5408 -33.9977 15.875
      vertex -72.1562 -33.7585 15.875
    endloop
  endfacet
  facet normal -0.528132 0.849162 0
    outer loop
      vertex -72.5408 -33.9977 15.875
      vertex -72.1562 -33.7585 9.525
      vertex -72.5408 -33.9977 9.525
    endloop
  endfacet
  facet normal -0.0980173 0.995185 0
    outer loop
      vertex -75.0981 -34.8658 9.525
      vertex -75.5489 -34.9102 15.875
      vertex -75.0981 -34.8658 15.875
    endloop
  endfacet
  facet normal -0.0980173 0.995185 0
    outer loop
      vertex -75.5489 -34.9102 15.875
      vertex -75.0981 -34.8658 9.525
      vertex -75.5489 -34.9102 9.525
    endloop
  endfacet
  facet normal 0.471425 0.881906 -0
    outer loop
      vertex -79.0629 -34.2112 9.525
      vertex -79.4623 -33.9977 15.875
      vertex -79.0629 -34.2112 15.875
    endloop
  endfacet
  facet normal 0.471425 0.881906 0
    outer loop
      vertex -79.4623 -33.9977 15.875
      vertex -79.0629 -34.2112 9.525
      vertex -79.4623 -33.9977 9.525
    endloop
  endfacet
  facet normal -0.956922 -0.290344 0
    outer loop
      vertex -69.3159 29.7949 9.525
      vertex -69.4474 30.2283 15.875
      vertex -69.4474 30.2283 9.525
    endloop
  endfacet
  facet normal -0.956922 -0.290344 0
    outer loop
      vertex -69.4474 30.2283 15.875
      vertex -69.3159 29.7949 9.525
      vertex -69.3159 29.7949 15.875
    endloop
  endfacet
  facet normal -0.935938 -0.352164 0
    outer loop
      vertex -69.4474 30.2283 9.525
      vertex -69.6069 30.6522 15.875
      vertex -69.6069 30.6522 9.525
    endloop
  endfacet
  facet normal -0.935938 -0.352164 0
    outer loop
      vertex -69.6069 30.6522 15.875
      vertex -69.4474 30.2283 9.525
      vertex -69.4474 30.2283 15.875
    endloop
  endfacet
  facet normal -0.91082 -0.412805 0
    outer loop
      vertex -69.6069 30.6522 9.525
      vertex -69.7939 31.0648 15.875
      vertex -69.7939 31.0648 9.525
    endloop
  endfacet
  facet normal -0.91082 -0.412805 0
    outer loop
      vertex -69.7939 31.0648 15.875
      vertex -69.6069 30.6522 9.525
      vertex -69.6069 30.6522 15.875
    endloop
  endfacet
  facet normal -0.729806 -0.683655 0
    outer loop
      vertex -70.7977 32.5672 9.525
      vertex -71.1073 32.8977 15.875
      vertex -71.1073 32.8977 9.525
    endloop
  endfacet
  facet normal -0.729806 -0.683655 0
    outer loop
      vertex -71.1073 32.8977 15.875
      vertex -70.7977 32.5672 9.525
      vertex -70.7977 32.5672 15.875
    endloop
  endfacet
  facet normal -0.773121 -0.634259 0
    outer loop
      vertex -70.5104 32.217 9.525
      vertex -70.7977 32.5672 15.875
      vertex -70.7977 32.5672 9.525
    endloop
  endfacet
  facet normal -0.773121 -0.634259 0
    outer loop
      vertex -70.7977 32.5672 15.875
      vertex -70.5104 32.217 9.525
      vertex -70.5104 32.217 15.875
    endloop
  endfacet
  facet normal -0.471425 -0.881906 0
    outer loop
      vertex -72.9402 34.2112 9.525
      vertex -72.5408 33.9977 15.875
      vertex -72.9402 34.2112 15.875
    endloop
  endfacet
  facet normal -0.471425 -0.881906 -0
    outer loop
      vertex -72.5408 33.9977 15.875
      vertex -72.9402 34.2112 9.525
      vertex -72.5408 33.9977 9.525
    endloop
  endfacet
  facet normal -0.582407 -0.812897 0
    outer loop
      vertex -72.1562 33.7585 9.525
      vertex -71.788 33.4947 15.875
      vertex -72.1562 33.7585 15.875
    endloop
  endfacet
  facet normal -0.582407 -0.812897 -0
    outer loop
      vertex -71.788 33.4947 15.875
      vertex -72.1562 33.7585 9.525
      vertex -71.788 33.4947 9.525
    endloop
  endfacet
  facet normal -0.528132 -0.849162 0
    outer loop
      vertex -72.5408 33.9977 9.525
      vertex -72.1562 33.7585 15.875
      vertex -72.5408 33.9977 15.875
    endloop
  endfacet
  facet normal -0.528132 -0.849162 -0
    outer loop
      vertex -72.1562 33.7585 15.875
      vertex -72.5408 33.9977 9.525
      vertex -72.1562 33.7585 9.525
    endloop
  endfacet
  facet normal -0.634499 -0.772923 0
    outer loop
      vertex -71.788 33.4947 9.525
      vertex -71.4379 33.2073 15.875
      vertex -71.788 33.4947 15.875
    endloop
  endfacet
  facet normal -0.634499 -0.772923 -0
    outer loop
      vertex -71.4379 33.2073 15.875
      vertex -71.788 33.4947 9.525
      vertex -71.4379 33.2073 9.525
    endloop
  endfacet
  facet normal -0.162931 -0.986637 0
    outer loop
      vertex -75.0981 34.8658 9.525
      vertex -74.6512 34.792 15.875
      vertex -75.0981 34.8658 15.875
    endloop
  endfacet
  facet normal -0.162931 -0.986637 -0
    outer loop
      vertex -74.6512 34.792 15.875
      vertex -75.0981 34.8658 9.525
      vertex -74.6512 34.792 9.525
    endloop
  endfacet
  facet normal -0.290142 -0.956984 0
    outer loop
      vertex -74.2101 34.6891 9.525
      vertex -73.7767 34.5577 15.875
      vertex -74.2101 34.6891 15.875
    endloop
  endfacet
  facet normal -0.290142 -0.956984 -0
    outer loop
      vertex -73.7767 34.5577 15.875
      vertex -74.2101 34.6891 9.525
      vertex -73.7767 34.5577 9.525
    endloop
  endfacet
  facet normal -0.352357 -0.935866 0
    outer loop
      vertex -73.7767 34.5577 9.525
      vertex -73.3528 34.3981 15.875
      vertex -73.7767 34.5577 15.875
    endloop
  endfacet
  facet normal -0.352357 -0.935866 -0
    outer loop
      vertex -73.3528 34.3981 15.875
      vertex -73.7767 34.5577 9.525
      vertex -73.3528 34.3981 9.525
    endloop
  endfacet
  facet normal 0.773012 -0.634391 0
    outer loop
      vertex -81.4928 32.217 15.875
      vertex -81.2054 32.5672 9.525
      vertex -81.2054 32.5672 15.875
    endloop
  endfacet
  facet normal 0.773012 -0.634391 0
    outer loop
      vertex -81.2054 32.5672 9.525
      vertex -81.4928 32.217 15.875
      vertex -81.4928 32.217 9.525
    endloop
  endfacet
  facet normal 0.683544 -0.729909 0
    outer loop
      vertex -80.8958 32.8977 9.525
      vertex -80.5652 33.2073 15.875
      vertex -80.8958 32.8977 15.875
    endloop
  endfacet
  facet normal 0.683544 -0.729909 0
    outer loop
      vertex -80.5652 33.2073 15.875
      vertex -80.8958 32.8977 9.525
      vertex -80.5652 33.2073 9.525
    endloop
  endfacet
  facet normal 0.729806 -0.683655 0
    outer loop
      vertex -81.2054 32.5672 15.875
      vertex -80.8958 32.8977 9.525
      vertex -80.8958 32.8977 15.875
    endloop
  endfacet
  facet normal 0.729806 -0.683655 0
    outer loop
      vertex -80.8958 32.8977 9.525
      vertex -81.2054 32.5672 15.875
      vertex -81.2054 32.5672 9.525
    endloop
  endfacet
  facet normal 0.634499 -0.772923 0
    outer loop
      vertex -80.5652 33.2073 9.525
      vertex -80.2151 33.4947 15.875
      vertex -80.5652 33.2073 15.875
    endloop
  endfacet
  facet normal 0.634499 -0.772923 0
    outer loop
      vertex -80.2151 33.4947 15.875
      vertex -80.5652 33.2073 9.525
      vertex -80.2151 33.4947 9.525
    endloop
  endfacet
  facet normal 0.881815 -0.471596 0
    outer loop
      vertex -82.2093 31.0648 15.875
      vertex -81.9957 31.4642 9.525
      vertex -81.9957 31.4642 15.875
    endloop
  endfacet
  facet normal 0.881815 -0.471596 0
    outer loop
      vertex -81.9957 31.4642 9.525
      vertex -82.2093 31.0648 15.875
      vertex -82.2093 31.0648 9.525
    endloop
  endfacet
  facet normal 0.849323 -0.527874 0
    outer loop
      vertex -81.9957 31.4642 15.875
      vertex -81.7566 31.8489 9.525
      vertex -81.7566 31.8489 15.875
    endloop
  endfacet
  facet normal 0.849323 -0.527874 0
    outer loop
      vertex -81.7566 31.8489 9.525
      vertex -81.9957 31.4642 15.875
      vertex -81.9957 31.4642 9.525
    endloop
  endfacet
  facet normal 0.910903 -0.412622 0
    outer loop
      vertex -82.3962 30.6522 15.875
      vertex -82.2093 31.0648 9.525
      vertex -82.2093 31.0648 15.875
    endloop
  endfacet
  facet normal 0.910903 -0.412622 0
    outer loop
      vertex -82.2093 31.0648 9.525
      vertex -82.3962 30.6522 15.875
      vertex -82.3962 30.6522 9.525
    endloop
  endfacet
  facet normal 0.956922 -0.290344 0
    outer loop
      vertex -82.6872 29.7949 15.875
      vertex -82.5557 30.2283 9.525
      vertex -82.5557 30.2283 15.875
    endloop
  endfacet
  facet normal 0.956922 -0.290344 0
    outer loop
      vertex -82.5557 30.2283 9.525
      vertex -82.6872 29.7949 15.875
      vertex -82.6872 29.7949 9.525
    endloop
  endfacet
  facet normal 0.412622 -0.910903 0
    outer loop
      vertex -79.0629 34.2112 9.525
      vertex -78.6503 34.3981 15.875
      vertex -79.0629 34.2112 15.875
    endloop
  endfacet
  facet normal 0.412622 -0.910903 0
    outer loop
      vertex -78.6503 34.3981 15.875
      vertex -79.0629 34.2112 9.525
      vertex -78.6503 34.3981 9.525
    endloop
  endfacet
  facet normal 0.471425 -0.881906 0
    outer loop
      vertex -79.4623 33.9977 9.525
      vertex -79.0629 34.2112 15.875
      vertex -79.4623 33.9977 15.875
    endloop
  endfacet
  facet normal 0.471425 -0.881906 0
    outer loop
      vertex -79.0629 34.2112 15.875
      vertex -79.4623 33.9977 9.525
      vertex -79.0629 34.2112 9.525
    endloop
  endfacet
  facet normal 0.582407 -0.812897 0
    outer loop
      vertex -80.2151 33.4947 9.525
      vertex -79.8469 33.7585 15.875
      vertex -80.2151 33.4947 15.875
    endloop
  endfacet
  facet normal 0.582407 -0.812897 0
    outer loop
      vertex -79.8469 33.7585 15.875
      vertex -80.2151 33.4947 9.525
      vertex -79.8469 33.7585 9.525
    endloop
  endfacet
  facet normal 0.0326825 -0.999466 0
    outer loop
      vertex -76.4542 34.9102 9.525
      vertex -76.0016 34.925 15.875
      vertex -76.4542 34.9102 15.875
    endloop
  endfacet
  facet normal 0.0326825 -0.999466 0
    outer loop
      vertex -76.0016 34.925 15.875
      vertex -76.4542 34.9102 9.525
      vertex -76.0016 34.925 9.525
    endloop
  endfacet
  facet normal -0.0326753 -0.999466 0
    outer loop
      vertex -76.0016 34.925 9.525
      vertex -75.5489 34.9102 15.875
      vertex -76.0016 34.925 15.875
    endloop
  endfacet
  facet normal -0.0326753 -0.999466 -0
    outer loop
      vertex -75.5489 34.9102 15.875
      vertex -76.0016 34.925 9.525
      vertex -75.5489 34.9102 9.525
    endloop
  endfacet
  facet normal -0.956922 0.290344 0
    outer loop
      vertex -69.4474 -30.2283 9.525
      vertex -69.3159 -29.7949 15.875
      vertex -69.3159 -29.7949 9.525
    endloop
  endfacet
  facet normal -0.956922 0.290344 0
    outer loop
      vertex -69.3159 -29.7949 15.875
      vertex -69.4474 -30.2283 9.525
      vertex -69.4474 -30.2283 15.875
    endloop
  endfacet
  facet normal -0.999466 0.0326753 0
    outer loop
      vertex -69.0949 -28.4562 9.525
      vertex -69.0801 -28.0035 15.875
      vertex -69.0801 -28.0035 9.525
    endloop
  endfacet
  facet normal -0.999466 0.0326753 0
    outer loop
      vertex -69.0801 -28.0035 15.875
      vertex -69.0949 -28.4562 9.525
      vertex -69.0949 -28.4562 15.875
    endloop
  endfacet
  facet normal -0.91082 0.412805 0
    outer loop
      vertex -69.7939 -31.0648 9.525
      vertex -69.6069 -30.6522 15.875
      vertex -69.6069 -30.6522 9.525
    endloop
  endfacet
  facet normal -0.91082 0.412805 0
    outer loop
      vertex -69.6069 -30.6522 15.875
      vertex -69.7939 -31.0648 9.525
      vertex -69.7939 -31.0648 15.875
    endloop
  endfacet
  facet normal -0.773121 0.634259 0
    outer loop
      vertex -70.7977 -32.5672 9.525
      vertex -70.5104 -32.217 15.875
      vertex -70.5104 -32.217 9.525
    endloop
  endfacet
  facet normal -0.773121 0.634259 0
    outer loop
      vertex -70.5104 -32.217 15.875
      vertex -70.7977 -32.5672 9.525
      vertex -70.7977 -32.5672 15.875
    endloop
  endfacet
  facet normal -0.683544 0.729909 0
    outer loop
      vertex -71.1073 -32.8977 9.525
      vertex -71.4379 -33.2073 15.875
      vertex -71.1073 -32.8977 15.875
    endloop
  endfacet
  facet normal -0.683544 0.729909 0
    outer loop
      vertex -71.4379 -33.2073 15.875
      vertex -71.1073 -32.8977 9.525
      vertex -71.4379 -33.2073 9.525
    endloop
  endfacet
  facet normal -0.729806 0.683655 0
    outer loop
      vertex -71.1073 -32.8977 9.525
      vertex -70.7977 -32.5672 15.875
      vertex -70.7977 -32.5672 9.525
    endloop
  endfacet
  facet normal -0.729806 0.683655 0
    outer loop
      vertex -70.7977 -32.5672 15.875
      vertex -71.1073 -32.8977 9.525
      vertex -71.1073 -32.8977 15.875
    endloop
  endfacet
  facet normal 0.683544 0.729909 -0
    outer loop
      vertex -80.5652 -33.2073 9.525
      vertex -80.8958 -32.8977 15.875
      vertex -80.5652 -33.2073 15.875
    endloop
  endfacet
  facet normal 0.683544 0.729909 0
    outer loop
      vertex -80.8958 -32.8977 15.875
      vertex -80.5652 -33.2073 9.525
      vertex -80.8958 -32.8977 9.525
    endloop
  endfacet
  facet normal 0.881815 0.471596 0
    outer loop
      vertex -81.9957 -31.4642 15.875
      vertex -82.2093 -31.0648 9.525
      vertex -82.2093 -31.0648 15.875
    endloop
  endfacet
  facet normal 0.881815 0.471596 0
    outer loop
      vertex -82.2093 -31.0648 9.525
      vertex -81.9957 -31.4642 15.875
      vertex -81.9957 -31.4642 9.525
    endloop
  endfacet
  facet normal 0.910903 0.412622 0
    outer loop
      vertex -82.2093 -31.0648 15.875
      vertex -82.3962 -30.6522 9.525
      vertex -82.3962 -30.6522 15.875
    endloop
  endfacet
  facet normal 0.910903 0.412622 0
    outer loop
      vertex -82.3962 -30.6522 9.525
      vertex -82.2093 -31.0648 15.875
      vertex -82.2093 -31.0648 9.525
    endloop
  endfacet
  facet normal 0.352357 0.935866 -0
    outer loop
      vertex -78.2264 -34.5577 9.525
      vertex -78.6503 -34.3981 15.875
      vertex -78.2264 -34.5577 15.875
    endloop
  endfacet
  facet normal 0.352357 0.935866 0
    outer loop
      vertex -78.6503 -34.3981 15.875
      vertex -78.2264 -34.5577 9.525
      vertex -78.6503 -34.3981 9.525
    endloop
  endfacet
  facet normal 0.582407 0.812897 -0
    outer loop
      vertex -79.8469 -33.7585 9.525
      vertex -80.2151 -33.4947 15.875
      vertex -79.8469 -33.7585 15.875
    endloop
  endfacet
  facet normal 0.582407 0.812897 0
    outer loop
      vertex -80.2151 -33.4947 15.875
      vertex -79.8469 -33.7585 9.525
      vertex -80.2151 -33.4947 9.525
    endloop
  endfacet
  facet normal 0.528132 0.849162 -0
    outer loop
      vertex -79.4623 -33.9977 9.525
      vertex -79.8469 -33.7585 15.875
      vertex -79.4623 -33.9977 15.875
    endloop
  endfacet
  facet normal 0.528132 0.849162 0
    outer loop
      vertex -79.8469 -33.7585 15.875
      vertex -79.4623 -33.9977 9.525
      vertex -79.8469 -33.7585 9.525
    endloop
  endfacet
  facet normal -0.881906 -0.471425 0
    outer loop
      vertex -69.7939 31.0648 9.525
      vertex -70.0074 31.4642 15.875
      vertex -70.0074 31.4642 9.525
    endloop
  endfacet
  facet normal -0.881906 -0.471425 0
    outer loop
      vertex -70.0074 31.4642 15.875
      vertex -69.7939 31.0648 9.525
      vertex -69.7939 31.0648 15.875
    endloop
  endfacet
  facet normal -0.973901 -0.226971 0
    outer loop
      vertex -69.2131 29.3538 9.525
      vertex -69.3159 29.7949 15.875
      vertex -69.3159 29.7949 9.525
    endloop
  endfacet
  facet normal -0.973901 -0.226971 0
    outer loop
      vertex -69.3159 29.7949 15.875
      vertex -69.2131 29.3538 9.525
      vertex -69.2131 29.3538 15.875
    endloop
  endfacet
  facet normal -0.986637 -0.162931 0
    outer loop
      vertex -69.1393 28.9069 9.525
      vertex -69.2131 29.3538 15.875
      vertex -69.2131 29.3538 9.525
    endloop
  endfacet
  facet normal -0.986637 -0.162931 0
    outer loop
      vertex -69.2131 29.3538 15.875
      vertex -69.1393 28.9069 9.525
      vertex -69.1393 28.9069 15.875
    endloop
  endfacet
  facet normal -0.812718 -0.582658 0
    outer loop
      vertex -70.2465 31.8489 9.525
      vertex -70.5104 32.217 15.875
      vertex -70.5104 32.217 9.525
    endloop
  endfacet
  facet normal -0.812718 -0.582658 0
    outer loop
      vertex -70.5104 32.217 15.875
      vertex -70.2465 31.8489 9.525
      vertex -70.2465 31.8489 15.875
    endloop
  endfacet
  facet normal -0.227181 -0.973853 0
    outer loop
      vertex -74.6512 34.792 9.525
      vertex -74.2101 34.6891 15.875
      vertex -74.6512 34.792 15.875
    endloop
  endfacet
  facet normal -0.227181 -0.973853 -0
    outer loop
      vertex -74.2101 34.6891 15.875
      vertex -74.6512 34.792 9.525
      vertex -74.2101 34.6891 9.525
    endloop
  endfacet
  facet normal 0.935938 -0.352164 0
    outer loop
      vertex -82.5557 30.2283 15.875
      vertex -82.3962 30.6522 9.525
      vertex -82.3962 30.6522 15.875
    endloop
  endfacet
  facet normal 0.935938 -0.352164 0
    outer loop
      vertex -82.3962 30.6522 9.525
      vertex -82.5557 30.2283 15.875
      vertex -82.5557 30.2283 9.525
    endloop
  endfacet
  facet normal 0.352357 -0.935866 0
    outer loop
      vertex -78.6503 34.3981 9.525
      vertex -78.2264 34.5577 15.875
      vertex -78.6503 34.3981 15.875
    endloop
  endfacet
  facet normal 0.352357 -0.935866 0
    outer loop
      vertex -78.2264 34.5577 15.875
      vertex -78.6503 34.3981 9.525
      vertex -78.2264 34.5577 9.525
    endloop
  endfacet
  facet normal 0.528132 -0.849162 0
    outer loop
      vertex -79.8469 33.7585 9.525
      vertex -79.4623 33.9977 15.875
      vertex -79.8469 33.7585 15.875
    endloop
  endfacet
  facet normal 0.528132 -0.849162 0
    outer loop
      vertex -79.4623 33.9977 15.875
      vertex -79.8469 33.7585 9.525
      vertex -79.4623 33.9977 9.525
    endloop
  endfacet
  facet normal 0.227181 -0.973853 0
    outer loop
      vertex -77.793 34.6891 9.525
      vertex -77.3519 34.792 15.875
      vertex -77.793 34.6891 15.875
    endloop
  endfacet
  facet normal 0.227181 -0.973853 0
    outer loop
      vertex -77.3519 34.792 15.875
      vertex -77.793 34.6891 9.525
      vertex -77.3519 34.792 9.525
    endloop
  endfacet
  facet normal 0.162931 -0.986637 0
    outer loop
      vertex -77.3519 34.792 9.525
      vertex -76.905 34.8658 15.875
      vertex -77.3519 34.792 15.875
    endloop
  endfacet
  facet normal 0.162931 -0.986637 0
    outer loop
      vertex -76.905 34.8658 15.875
      vertex -77.3519 34.792 9.525
      vertex -76.905 34.8658 9.525
    endloop
  endfacet
  facet normal -0.973901 0.226971 0
    outer loop
      vertex -69.3159 -29.7949 9.525
      vertex -69.2131 -29.3538 15.875
      vertex -69.2131 -29.3538 9.525
    endloop
  endfacet
  facet normal -0.973901 0.226971 0
    outer loop
      vertex -69.2131 -29.3538 15.875
      vertex -69.3159 -29.7949 9.525
      vertex -69.3159 -29.7949 15.875
    endloop
  endfacet
  facet normal -0.995183 0.0980388 0
    outer loop
      vertex -69.1393 -28.9069 9.525
      vertex -69.0949 -28.4562 15.875
      vertex -69.0949 -28.4562 9.525
    endloop
  endfacet
  facet normal -0.995183 0.0980388 0
    outer loop
      vertex -69.0949 -28.4562 15.875
      vertex -69.1393 -28.9069 9.525
      vertex -69.1393 -28.9069 15.875
    endloop
  endfacet
  facet normal -0.935938 0.352164 0
    outer loop
      vertex -69.6069 -30.6522 9.525
      vertex -69.4474 -30.2283 15.875
      vertex -69.4474 -30.2283 9.525
    endloop
  endfacet
  facet normal -0.935938 0.352164 0
    outer loop
      vertex -69.4474 -30.2283 15.875
      vertex -69.6069 -30.6522 9.525
      vertex -69.6069 -30.6522 15.875
    endloop
  endfacet
  facet normal -0.849323 0.527874 0
    outer loop
      vertex -70.2465 -31.8489 9.525
      vertex -70.0074 -31.4642 15.875
      vertex -70.0074 -31.4642 9.525
    endloop
  endfacet
  facet normal -0.849323 0.527874 0
    outer loop
      vertex -70.0074 -31.4642 15.875
      vertex -70.2465 -31.8489 9.525
      vertex -70.2465 -31.8489 15.875
    endloop
  endfacet
  facet normal -0.812718 0.582658 0
    outer loop
      vertex -70.5104 -32.217 9.525
      vertex -70.2465 -31.8489 15.875
      vertex -70.2465 -31.8489 9.525
    endloop
  endfacet
  facet normal -0.812718 0.582658 0
    outer loop
      vertex -70.2465 -31.8489 15.875
      vertex -70.5104 -32.217 9.525
      vertex -70.5104 -32.217 15.875
    endloop
  endfacet
  facet normal -0.412622 0.910903 0
    outer loop
      vertex -72.9402 -34.2112 9.525
      vertex -73.3528 -34.3981 15.875
      vertex -72.9402 -34.2112 15.875
    endloop
  endfacet
  facet normal -0.412622 0.910903 0
    outer loop
      vertex -73.3528 -34.3981 15.875
      vertex -72.9402 -34.2112 9.525
      vertex -73.3528 -34.3981 9.525
    endloop
  endfacet
  facet normal 0.935938 0.352164 0
    outer loop
      vertex -82.3962 -30.6522 15.875
      vertex -82.5557 -30.2283 9.525
      vertex -82.5557 -30.2283 15.875
    endloop
  endfacet
  facet normal 0.935938 0.352164 0
    outer loop
      vertex -82.5557 -30.2283 9.525
      vertex -82.3962 -30.6522 15.875
      vertex -82.3962 -30.6522 9.525
    endloop
  endfacet
  facet normal 0.849323 0.527874 0
    outer loop
      vertex -81.7566 -31.8489 15.875
      vertex -81.9957 -31.4642 9.525
      vertex -81.9957 -31.4642 15.875
    endloop
  endfacet
  facet normal 0.849323 0.527874 0
    outer loop
      vertex -81.9957 -31.4642 9.525
      vertex -81.7566 -31.8489 15.875
      vertex -81.7566 -31.8489 9.525
    endloop
  endfacet
  facet normal 0.773012 0.634391 0
    outer loop
      vertex -81.2054 -32.5672 15.875
      vertex -81.4928 -32.217 9.525
      vertex -81.4928 -32.217 15.875
    endloop
  endfacet
  facet normal 0.773012 0.634391 0
    outer loop
      vertex -81.4928 -32.217 9.525
      vertex -81.2054 -32.5672 15.875
      vertex -81.2054 -32.5672 9.525
    endloop
  endfacet
  facet normal 0.812822 0.582512 0
    outer loop
      vertex -81.4928 -32.217 15.875
      vertex -81.7566 -31.8489 9.525
      vertex -81.7566 -31.8489 15.875
    endloop
  endfacet
  facet normal 0.812822 0.582512 0
    outer loop
      vertex -81.7566 -31.8489 9.525
      vertex -81.4928 -32.217 15.875
      vertex -81.4928 -32.217 9.525
    endloop
  endfacet
  facet normal 0.412622 0.910903 -0
    outer loop
      vertex -78.6503 -34.3981 9.525
      vertex -79.0629 -34.2112 15.875
      vertex -78.6503 -34.3981 15.875
    endloop
  endfacet
  facet normal 0.412622 0.910903 0
    outer loop
      vertex -79.0629 -34.2112 15.875
      vertex -78.6503 -34.3981 9.525
      vertex -79.0629 -34.2112 9.525
    endloop
  endfacet
  facet normal 0.0980173 0.995185 -0
    outer loop
      vertex -76.4542 -34.9102 9.525
      vertex -76.905 -34.8658 15.875
      vertex -76.4542 -34.9102 15.875
    endloop
  endfacet
  facet normal 0.0980173 0.995185 0
    outer loop
      vertex -76.905 -34.8658 15.875
      vertex -76.4542 -34.9102 9.525
      vertex -76.905 -34.8658 9.525
    endloop
  endfacet
  facet normal 0.290142 0.956984 -0
    outer loop
      vertex -77.793 -34.6891 9.525
      vertex -78.2264 -34.5577 15.875
      vertex -77.793 -34.6891 15.875
    endloop
  endfacet
  facet normal 0.290142 0.956984 0
    outer loop
      vertex -78.2264 -34.5577 15.875
      vertex -77.793 -34.6891 9.525
      vertex -78.2264 -34.5577 9.525
    endloop
  endfacet
  facet normal -0.0326753 0.999466 0
    outer loop
      vertex -75.5489 -34.9102 9.525
      vertex -76.0016 -34.925 15.875
      vertex -75.5489 -34.9102 15.875
    endloop
  endfacet
  facet normal -0.0326753 0.999466 0
    outer loop
      vertex -76.0016 -34.925 15.875
      vertex -75.5489 -34.9102 9.525
      vertex -76.0016 -34.925 9.525
    endloop
  endfacet
  facet normal -0.471425 0.881906 0
    outer loop
      vertex -72.5408 -33.9977 9.525
      vertex -72.9402 -34.2112 15.875
      vertex -72.5408 -33.9977 15.875
    endloop
  endfacet
  facet normal -0.471425 0.881906 0
    outer loop
      vertex -72.9402 -34.2112 15.875
      vertex -72.5408 -33.9977 9.525
      vertex -72.9402 -34.2112 9.525
    endloop
  endfacet
  facet normal -0.290142 0.956984 0
    outer loop
      vertex -73.7767 -34.5577 9.525
      vertex -74.2101 -34.6891 15.875
      vertex -73.7767 -34.5577 15.875
    endloop
  endfacet
  facet normal -0.290142 0.956984 0
    outer loop
      vertex -74.2101 -34.6891 15.875
      vertex -73.7767 -34.5577 9.525
      vertex -74.2101 -34.6891 9.525
    endloop
  endfacet
  facet normal -0.352357 0.935866 0
    outer loop
      vertex -73.3528 -34.3981 9.525
      vertex -73.7767 -34.5577 15.875
      vertex -73.3528 -34.3981 15.875
    endloop
  endfacet
  facet normal -0.352357 0.935866 0
    outer loop
      vertex -73.7767 -34.5577 15.875
      vertex -73.3528 -34.3981 9.525
      vertex -73.7767 -34.5577 9.525
    endloop
  endfacet
  facet normal 0.956922 0.290344 0
    outer loop
      vertex -82.5557 -30.2283 15.875
      vertex -82.6872 -29.7949 9.525
      vertex -82.6872 -29.7949 15.875
    endloop
  endfacet
  facet normal 0.956922 0.290344 0
    outer loop
      vertex -82.6872 -29.7949 9.525
      vertex -82.5557 -30.2283 15.875
      vertex -82.5557 -30.2283 9.525
    endloop
  endfacet
  facet normal 0.973853 0.227181 0
    outer loop
      vertex -82.6872 -29.7949 15.875
      vertex -82.7901 -29.3538 9.525
      vertex -82.7901 -29.3538 15.875
    endloop
  endfacet
  facet normal 0.973853 0.227181 0
    outer loop
      vertex -82.7901 -29.3538 9.525
      vertex -82.6872 -29.7949 15.875
      vertex -82.6872 -29.7949 9.525
    endloop
  endfacet
  facet normal 0.227181 0.973853 -0
    outer loop
      vertex -77.3519 -34.792 9.525
      vertex -77.793 -34.6891 15.875
      vertex -77.3519 -34.792 15.875
    endloop
  endfacet
  facet normal 0.227181 0.973853 0
    outer loop
      vertex -77.793 -34.6891 15.875
      vertex -77.3519 -34.792 9.525
      vertex -77.793 -34.6891 9.525
    endloop
  endfacet
  facet normal 0.162931 0.986637 -0
    outer loop
      vertex -76.905 -34.8658 9.525
      vertex -77.3519 -34.792 15.875
      vertex -76.905 -34.8658 15.875
    endloop
  endfacet
  facet normal 0.162931 0.986637 0
    outer loop
      vertex -77.3519 -34.792 15.875
      vertex -76.905 -34.8658 9.525
      vertex -77.3519 -34.792 9.525
    endloop
  endfacet
  facet normal 0.0326825 0.999466 -0
    outer loop
      vertex -76.0016 -34.925 9.525
      vertex -76.4542 -34.9102 15.875
      vertex -76.0016 -34.925 15.875
    endloop
  endfacet
  facet normal 0.0326825 0.999466 0
    outer loop
      vertex -76.4542 -34.9102 15.875
      vertex -76.0016 -34.925 9.525
      vertex -76.4542 -34.9102 9.525
    endloop
  endfacet
  facet normal -0.162931 0.986637 0
    outer loop
      vertex -74.6512 -34.792 9.525
      vertex -75.0981 -34.8658 15.875
      vertex -74.6512 -34.792 15.875
    endloop
  endfacet
  facet normal -0.162931 0.986637 0
    outer loop
      vertex -75.0981 -34.8658 15.875
      vertex -74.6512 -34.792 9.525
      vertex -75.0981 -34.8658 9.525
    endloop
  endfacet
  facet normal -0.227181 0.973853 0
    outer loop
      vertex -74.2101 -34.6891 9.525
      vertex -74.6512 -34.792 15.875
      vertex -74.2101 -34.6891 15.875
    endloop
  endfacet
  facet normal -0.227181 0.973853 0
    outer loop
      vertex -74.6512 -34.792 15.875
      vertex -74.2101 -34.6891 9.525
      vertex -74.6512 -34.792 9.525
    endloop
  endfacet
  facet normal -0.995191 -0.0979547 0
    outer loop
      vertex -88.8457 -45.2788 0
      vertex -88.8864 -44.8653 15.875
      vertex -88.8864 -44.8653 0
    endloop
  endfacet
  facet normal -0.995191 -0.0979547 0
    outer loop
      vertex -88.8864 -44.8653 15.875
      vertex -88.8457 -45.2788 0
      vertex -88.8457 -45.2788 15.875
    endloop
  endfacet
  facet normal -0.98664 -0.162916 0
    outer loop
      vertex -88.778 -45.6888 0
      vertex -88.8457 -45.2788 15.875
      vertex -88.8457 -45.2788 0
    endloop
  endfacet
  facet normal -0.98664 -0.162916 0
    outer loop
      vertex -88.8457 -45.2788 15.875
      vertex -88.778 -45.6888 0
      vertex -88.778 -45.6888 15.875
    endloop
  endfacet
  facet normal -0.999464 -0.0327299 0
    outer loop
      vertex -88.8864 -44.8653 0
      vertex -88.9 -44.45 15.875
      vertex -88.9 -44.45 0
    endloop
  endfacet
  facet normal -0.999464 -0.0327299 0
    outer loop
      vertex -88.9 -44.45 15.875
      vertex -88.8864 -44.8653 0
      vertex -88.8864 -44.8653 15.875
    endloop
  endfacet
  facet normal 0 -1 0
    outer loop
      vertex -82.55 -50.8 0
      vertex 82.55 -50.8 15.875
      vertex -82.55 -50.8 15.875
    endloop
  endfacet
  facet normal 0 -1 -0
    outer loop
      vertex 82.55 -50.8 15.875
      vertex -82.55 -50.8 0
      vertex 82.55 -50.8 0
    endloop
  endfacet
  facet normal -0.63439 -0.773013 0
    outer loop
      vertex -86.7368 -49.2242 0
      vertex -86.4156 -49.4878 15.875
      vertex -86.7368 -49.2242 15.875
    endloop
  endfacet
  facet normal -0.63439 -0.773013 -0
    outer loop
      vertex -86.4156 -49.4878 15.875
      vertex -86.7368 -49.2242 0
      vertex -86.4156 -49.4878 0
    endloop
  endfacet
  facet normal -0.773013 -0.63439 0
    outer loop
      vertex -87.3242 -48.6368 0
      vertex -87.5878 -48.3156 15.875
      vertex -87.5878 -48.3156 0
    endloop
  endfacet
  facet normal -0.773013 -0.63439 0
    outer loop
      vertex -87.5878 -48.3156 15.875
      vertex -87.3242 -48.6368 0
      vertex -87.3242 -48.6368 15.875
    endloop
  endfacet
  facet normal -0.999464 0.0327299 0
    outer loop
      vertex -88.9 44.45 0
      vertex -88.8864 44.8653 15.875
      vertex -88.8864 44.8653 0
    endloop
  endfacet
  facet normal -0.999464 0.0327299 0
    outer loop
      vertex -88.8864 44.8653 15.875
      vertex -88.9 44.45 0
      vertex -88.9 44.45 15.875
    endloop
  endfacet
  facet normal 0.0327299 0.999464 -0
    outer loop
      vertex 82.9653 50.7864 0
      vertex 82.55 50.8 15.875
      vertex 82.9653 50.7864 15.875
    endloop
  endfacet
  facet normal 0.0327299 0.999464 0
    outer loop
      vertex 82.55 50.8 15.875
      vertex 82.9653 50.7864 0
      vertex 82.55 50.8 0
    endloop
  endfacet
  facet normal 0 1 -0
    outer loop
      vertex 82.55 50.8 0
      vertex -82.55 50.8 15.875
      vertex 82.55 50.8 15.875
    endloop
  endfacet
  facet normal 0 1 0
    outer loop
      vertex -82.55 50.8 15.875
      vertex 82.55 50.8 0
      vertex -82.55 50.8 0
    endloop
  endfacet
  facet normal 0.995191 0.0979547 0
    outer loop
      vertex 88.8864 44.8653 15.875
      vertex 88.8457 45.2788 0
      vertex 88.8457 45.2788 15.875
    endloop
  endfacet
  facet normal 0.995191 0.0979547 0
    outer loop
      vertex 88.8457 45.2788 0
      vertex 88.8864 44.8653 15.875
      vertex 88.8864 44.8653 0
    endloop
  endfacet
  facet normal 0.999464 -0.0327299 0
    outer loop
      vertex 88.8864 -44.8653 15.875
      vertex 88.9 -44.45 0
      vertex 88.9 -44.45 15.875
    endloop
  endfacet
  facet normal 0.999464 -0.0327299 0
    outer loop
      vertex 88.9 -44.45 0
      vertex 88.8864 -44.8653 15.875
      vertex 88.8864 -44.8653 0
    endloop
  endfacet
  facet normal 0.999464 0.0327299 0
    outer loop
      vertex 88.9 44.45 15.875
      vertex 88.8864 44.8653 0
      vertex 88.8864 44.8653 15.875
    endloop
  endfacet
  facet normal 0.999464 0.0327299 0
    outer loop
      vertex 88.8864 44.8653 0
      vertex 88.9 44.45 15.875
      vertex 88.9 44.45 0
    endloop
  endfacet
  facet normal -0.935883 -0.35231 0
    outer loop
      vertex -88.4166 -46.88 0
      vertex -88.563 -46.4911 15.875
      vertex -88.563 -46.4911 0
    endloop
  endfacet
  facet normal -0.935883 -0.35231 0
    outer loop
      vertex -88.563 -46.4911 15.875
      vertex -88.4166 -46.88 0
      vertex -88.4166 -46.88 15.875
    endloop
  endfacet
  facet normal -1 0 0
    outer loop
      vertex -88.9 -44.45 0
      vertex -88.9 44.45 15.875
      vertex -88.9 44.45 0
    endloop
  endfacet
  facet normal -1 -0 0
    outer loop
      vertex -88.9 44.45 15.875
      vertex -88.9 -44.45 0
      vertex -88.9 -44.45 15.875
    endloop
  endfacet
  facet normal 0 0 -1
    outer loop
      vertex 82.55 -50.8 0
      vertex 88.9 -44.45 0
      vertex 88.8864 -44.8653 0
    endloop
  endfacet
  facet normal 0 0 -1
    outer loop
      vertex 88.9 -44.45 0
      vertex 78.6051 -28.0035 0
      vertex 88.9 44.45 0
    endloop
  endfacet
  facet normal 0 0 -1
    outer loop
      vertex 82.55 -50.8 0
      vertex 88.8864 -44.8653 0
      vertex 88.8457 -45.2788 0
    endloop
  endfacet
  facet normal 0 0 -1
    outer loop
      vertex 78.6051 28.0035 0
      vertex 88.9 44.45 0
      vertex 78.6051 -28.0035 0
    endloop
  endfacet
  facet normal 0 0 -1
    outer loop
      vertex 82.55 -50.8 0
      vertex 88.8457 -45.2788 0
      vertex 88.778 -45.6888 0
    endloop
  endfacet
  facet normal 0 0 -1
    outer loop
      vertex 78.5995 28.1738 0
      vertex 88.9 44.45 0
      vertex 78.6051 28.0035 0
    endloop
  endfacet
  facet normal 0 0 -1
    outer loop
      vertex 82.55 -50.8 0
      vertex 88.778 -45.6888 0
      vertex 88.6836 -46.0935 0
    endloop
  endfacet
  facet normal 0 0 -1
    outer loop
      vertex 78.5828 28.3433 0
      vertex 88.9 44.45 0
      vertex 78.5995 28.1738 0
    endloop
  endfacet
  facet normal 0 0 -1
    outer loop
      vertex 82.55 -50.8 0
      vertex 88.6836 -46.0935 0
      vertex 88.563 -46.4911 0
    endloop
  endfacet
  facet normal 0 0 -1
    outer loop
      vertex 78.555 28.5114 0
      vertex 88.9 44.45 0
      vertex 78.5828 28.3433 0
    endloop
  endfacet
  facet normal 0 0 -1
    outer loop
      vertex 82.55 -50.8 0
      vertex 88.563 -46.4911 0
      vertex 88.4166 -46.88 0
    endloop
  endfacet
  facet normal 0 0 -1
    outer loop
      vertex 78.5163 28.6773 0
      vertex 88.9 44.45 0
      vertex 78.555 28.5114 0
    endloop
  endfacet
  facet normal 0 0 -1
    outer loop
      vertex 82.55 -50.8 0
      vertex 88.4166 -46.88 0
      vertex 88.2451 -47.2585 0
    endloop
  endfacet
  facet normal 0 0 -1
    outer loop
      vertex 78.4669 28.8404 0
      vertex 88.9 44.45 0
      vertex 78.5163 28.6773 0
    endloop
  endfacet
  facet normal 0 0 -1
    outer loop
      vertex 82.55 -50.8 0
      vertex 88.2451 -47.2585 0
      vertex 88.0493 -47.625 0
    endloop
  endfacet
  facet normal 0 0 -1
    outer loop
      vertex 78.4069 28.9998 0
      vertex 88.9 44.45 0
      vertex 78.4669 28.8404 0
    endloop
  endfacet
  facet normal 0 0 -1
    outer loop
      vertex 82.55 -50.8 0
      vertex 88.0493 -47.625 0
      vertex 87.8298 -47.9779 0
    endloop
  endfacet
  facet normal 0 0 -1
    outer loop
      vertex 78.3366 29.155 0
      vertex 88.9 44.45 0
      vertex 78.4069 28.9998 0
    endloop
  endfacet
  facet normal 0 0 -1
    outer loop
      vertex 82.55 -50.8 0
      vertex 87.8298 -47.9779 0
      vertex 87.5878 -48.3156 0
    endloop
  endfacet
  facet normal 0 0 -1
    outer loop
      vertex 78.2562 29.3052 0
      vertex 88.9 44.45 0
      vertex 78.3366 29.155 0
    endloop
  endfacet
  facet normal 0 0 -1
    outer loop
      vertex 82.55 -50.8 0
      vertex 87.5878 -48.3156 0
      vertex 87.3242 -48.6368 0
    endloop
  endfacet
  facet normal 0 0 -1
    outer loop
      vertex 78.1663 29.4499 0
      vertex 88.9 44.45 0
      vertex 78.2562 29.3052 0
    endloop
  endfacet
  facet normal 0 0 -1
    outer loop
      vertex 82.55 -50.8 0
      vertex 87.3242 -48.6368 0
      vertex 87.0401 -48.9401 0
    endloop
  endfacet
  facet normal 0 0 -1
    outer loop
      vertex 78.067 29.5884 0
      vertex 88.9 44.45 0
      vertex 78.1663 29.4499 0
    endloop
  endfacet
  facet normal 0 0 -1
    outer loop
      vertex 82.55 -50.8 0
      vertex 87.0401 -48.9401 0
      vertex 86.7368 -49.2242 0
    endloop
  endfacet
  facet normal 0 0 -1
    outer loop
      vertex 77.959 29.7201 0
      vertex 88.9 44.45 0
      vertex 78.067 29.5884 0
    endloop
  endfacet
  facet normal 0 0 -1
    outer loop
      vertex 82.55 -50.8 0
      vertex 86.7368 -49.2242 0
      vertex 86.4156 -49.4878 0
    endloop
  endfacet
  facet normal 0 0 -1
    outer loop
      vertex 77.8425 29.8444 0
      vertex 88.9 44.45 0
      vertex 77.959 29.7201 0
    endloop
  endfacet
  facet normal 0 0 -1
    outer loop
      vertex 82.55 -50.8 0
      vertex 86.4156 -49.4878 0
      vertex 86.0779 -49.7298 0
    endloop
  endfacet
  facet normal 0 0 -1
    outer loop
      vertex 77.7181 29.9609 0
      vertex 88.9 44.45 0
      vertex 77.8425 29.8444 0
    endloop
  endfacet
  facet normal 0 0 -1
    outer loop
      vertex 82.55 -50.8 0
      vertex 86.0779 -49.7298 0
      vertex 85.725 -49.9493 0
    endloop
  endfacet
  facet normal 0 0 -1
    outer loop
      vertex 77.5865 30.069 0
      vertex 88.9 44.45 0
      vertex 77.7181 29.9609 0
    endloop
  endfacet
  facet normal 0 0 -1
    outer loop
      vertex 82.55 -50.8 0
      vertex 85.725 -49.9493 0
      vertex 85.3585 -50.1451 0
    endloop
  endfacet
  facet normal 0 0 -1
    outer loop
      vertex 77.448 30.1682 0
      vertex 88.9 44.45 0
      vertex 77.5865 30.069 0
    endloop
  endfacet
  facet normal 0 0 -1
    outer loop
      vertex 82.55 -50.8 0
      vertex 85.3585 -50.1451 0
      vertex 84.98 -50.3166 0
    endloop
  endfacet
  facet normal 0 0 -1
    outer loop
      vertex 77.3033 30.2582 0
      vertex 88.9 44.45 0
      vertex 77.448 30.1682 0
    endloop
  endfacet
  facet normal 0 0 -1
    outer loop
      vertex 82.55 -50.8 0
      vertex 84.98 -50.3166 0
      vertex 84.5911 -50.463 0
    endloop
  endfacet
  facet normal 0 0 -1
    outer loop
      vertex 77.153 30.3385 0
      vertex 88.9 44.45 0
      vertex 77.3033 30.2582 0
    endloop
  endfacet
  facet normal 0 0 -1
    outer loop
      vertex 82.55 -50.8 0
      vertex 84.5911 -50.463 0
      vertex 84.1935 -50.5836 0
    endloop
  endfacet
  facet normal 0 0 -1
    outer loop
      vertex 76.9979 30.4088 0
      vertex 88.9 44.45 0
      vertex 77.153 30.3385 0
    endloop
  endfacet
  facet normal 0 0 -1
    outer loop
      vertex 82.55 -50.8 0
      vertex 84.1935 -50.5836 0
      vertex 83.7888 -50.678 0
    endloop
  endfacet
  facet normal 0 0 -1
    outer loop
      vertex 76.8384 30.4688 0
      vertex 88.9 44.45 0
      vertex 76.9979 30.4088 0
    endloop
  endfacet
  facet normal 0 0 -1
    outer loop
      vertex 82.55 -50.8 0
      vertex 83.7888 -50.678 0
      vertex 83.3788 -50.7457 0
    endloop
  endfacet
  facet normal 0 0 -1
    outer loop
      vertex 76.6754 30.5183 0
      vertex 88.9 44.45 0
      vertex 76.8384 30.4688 0
    endloop
  endfacet
  facet normal 0 0 -1
    outer loop
      vertex 82.55 -50.8 0
      vertex 83.3788 -50.7457 0
      vertex 82.9653 -50.7864 0
    endloop
  endfacet
  facet normal 0 -0 -1
    outer loop
      vertex 82.55 50.8 0
      vertex 88.9 44.45 0
      vertex 76.6754 30.5183 0
    endloop
  endfacet
  facet normal -0 0 -1
    outer loop
      vertex 88.9 -44.45 0
      vertex 82.55 -50.8 0
      vertex 76.6754 -30.5183 0
    endloop
  endfacet
  facet normal 0 0 -1
    outer loop
      vertex 88.9 44.45 0
      vertex 82.55 50.8 0
      vertex 88.8864 44.8653 0
    endloop
  endfacet
  facet normal 0 0 -1
    outer loop
      vertex 88.8864 44.8653 0
      vertex 82.55 50.8 0
      vertex 88.8457 45.2788 0
    endloop
  endfacet
  facet normal 0 0 -1
    outer loop
      vertex 88.9 -44.45 0
      vertex 78.5995 -28.1738 0
      vertex 78.6051 -28.0035 0
    endloop
  endfacet
  facet normal 0 0 -1
    outer loop
      vertex 88.9 -44.45 0
      vertex 78.5828 -28.3433 0
      vertex 78.5995 -28.1738 0
    endloop
  endfacet
  facet normal 0 0 -1
    outer loop
      vertex 88.9 -44.45 0
      vertex 78.555 -28.5114 0
      vertex 78.5828 -28.3433 0
    endloop
  endfacet
  facet normal 0 0 -1
    outer loop
      vertex 88.9 -44.45 0
      vertex 78.5163 -28.6773 0
      vertex 78.555 -28.5114 0
    endloop
  endfacet
  facet normal 0 0 -1
    outer loop
      vertex 88.9 -44.45 0
      vertex 78.4669 -28.8404 0
      vertex 78.5163 -28.6773 0
    endloop
  endfacet
  facet normal 0 0 -1
    outer loop
      vertex 88.9 -44.45 0
      vertex 78.4069 -28.9998 0
      vertex 78.4669 -28.8404 0
    endloop
  endfacet
  facet normal 0 0 -1
    outer loop
      vertex 88.9 -44.45 0
      vertex 78.3366 -29.155 0
      vertex 78.4069 -28.9998 0
    endloop
  endfacet
  facet normal 0 0 -1
    outer loop
      vertex 88.9 -44.45 0
      vertex 78.2562 -29.3052 0
      vertex 78.3366 -29.155 0
    endloop
  endfacet
  facet normal 0 0 -1
    outer loop
      vertex 88.9 -44.45 0
      vertex 78.1663 -29.4499 0
      vertex 78.2562 -29.3052 0
    endloop
  endfacet
  facet normal 0 0 -1
    outer loop
      vertex 88.9 -44.45 0
      vertex 78.067 -29.5884 0
      vertex 78.1663 -29.4499 0
    endloop
  endfacet
  facet normal 0 0 -1
    outer loop
      vertex 88.9 -44.45 0
      vertex 77.959 -29.7201 0
      vertex 78.067 -29.5884 0
    endloop
  endfacet
  facet normal 0 0 -1
    outer loop
      vertex 88.9 -44.45 0
      vertex 77.8425 -29.8444 0
      vertex 77.959 -29.7201 0
    endloop
  endfacet
  facet normal 0 0 -1
    outer loop
      vertex 88.9 -44.45 0
      vertex 77.7181 -29.9609 0
      vertex 77.8425 -29.8444 0
    endloop
  endfacet
  facet normal 0 0 -1
    outer loop
      vertex 88.9 -44.45 0
      vertex 77.5865 -30.069 0
      vertex 77.7181 -29.9609 0
    endloop
  endfacet
  facet normal 0 0 -1
    outer loop
      vertex 88.9 -44.45 0
      vertex 77.448 -30.1682 0
      vertex 77.5865 -30.069 0
    endloop
  endfacet
  facet normal 0 0 -1
    outer loop
      vertex 88.9 -44.45 0
      vertex 77.3033 -30.2582 0
      vertex 77.448 -30.1682 0
    endloop
  endfacet
  facet normal 0 0 -1
    outer loop
      vertex 88.9 -44.45 0
      vertex 77.153 -30.3385 0
      vertex 77.3033 -30.2582 0
    endloop
  endfacet
  facet normal 0 0 -1
    outer loop
      vertex 88.9 -44.45 0
      vertex 76.9979 -30.4088 0
      vertex 77.153 -30.3385 0
    endloop
  endfacet
  facet normal 0 0 -1
    outer loop
      vertex 88.9 -44.45 0
      vertex 76.8384 -30.4688 0
      vertex 76.9979 -30.4088 0
    endloop
  endfacet
  facet normal 0 0 -1
    outer loop
      vertex 88.9 -44.45 0
      vertex 76.6754 -30.5183 0
      vertex 76.8384 -30.4688 0
    endloop
  endfacet
  facet normal 0 0 -1
    outer loop
      vertex 82.55 -50.8 0
      vertex 76.5095 -30.557 0
      vertex 76.6754 -30.5183 0
    endloop
  endfacet
  facet normal 0 0 -1
    outer loop
      vertex 82.55 -50.8 0
      vertex 76.3414 -30.5847 0
      vertex 76.5095 -30.557 0
    endloop
  endfacet
  facet normal 0 0 -1
    outer loop
      vertex 82.55 -50.8 0
      vertex 76.1718 -30.6014 0
      vertex 76.3414 -30.5847 0
    endloop
  endfacet
  facet normal 0 0 -1
    outer loop
      vertex 82.55 -50.8 0
      vertex 76.0016 -30.607 0
      vertex 76.1718 -30.6014 0
    endloop
  endfacet
  facet normal 0 0 -1
    outer loop
      vertex 82.55 -50.8 0
      vertex 75.8313 -30.6014 0
      vertex 76.0016 -30.607 0
    endloop
  endfacet
  facet normal 0 0 -1
    outer loop
      vertex 82.55 -50.8 0
      vertex 75.6617 -30.5847 0
      vertex 75.8313 -30.6014 0
    endloop
  endfacet
  facet normal 0 0 -1
    outer loop
      vertex 82.55 -50.8 0
      vertex 75.4936 -30.557 0
      vertex 75.6617 -30.5847 0
    endloop
  endfacet
  facet normal 0 0 -1
    outer loop
      vertex 82.55 -50.8 0
      vertex 75.3277 -30.5183 0
      vertex 75.4936 -30.557 0
    endloop
  endfacet
  facet normal 0 0 -1
    outer loop
      vertex 82.55 -50.8 0
      vertex 75.1647 -30.4688 0
      vertex 75.3277 -30.5183 0
    endloop
  endfacet
  facet normal 0 0 -1
    outer loop
      vertex 82.55 -50.8 0
      vertex 75.0052 -30.4088 0
      vertex 75.1647 -30.4688 0
    endloop
  endfacet
  facet normal 0 0 -1
    outer loop
      vertex 82.55 -50.8 0
      vertex 74.8501 -30.3385 0
      vertex 75.0052 -30.4088 0
    endloop
  endfacet
  facet normal 0 0 -1
    outer loop
      vertex 82.55 -50.8 0
      vertex 74.6998 -30.2582 0
      vertex 74.8501 -30.3385 0
    endloop
  endfacet
  facet normal 0 0 -1
    outer loop
      vertex 82.55 -50.8 0
      vertex 74.5551 -30.1682 0
      vertex 74.6998 -30.2582 0
    endloop
  endfacet
  facet normal 0 0 -1
    outer loop
      vertex 82.55 -50.8 0
      vertex 74.4166 -30.069 0
      vertex 74.5551 -30.1682 0
    endloop
  endfacet
  facet normal 0 0 -1
    outer loop
      vertex 82.55 -50.8 0
      vertex 74.285 -29.9609 0
      vertex 74.4166 -30.069 0
    endloop
  endfacet
  facet normal 0 0 -1
    outer loop
      vertex 48.192 -24.9788 0
      vertex 74.285 -29.9609 0
      vertex 82.55 -50.8 0
    endloop
  endfacet
  facet normal 0 0 -1
    outer loop
      vertex 74.285 -29.9609 0
      vertex 48.192 -24.9788 0
      vertex 74.1606 -29.8444 0
    endloop
  endfacet
  facet normal 0 0 -1
    outer loop
      vertex 74.1606 -29.8444 0
      vertex 48.6782 -24.7958 0
      vertex 74.0441 -29.7201 0
    endloop
  endfacet
  facet normal 0 -0 -1
    outer loop
      vertex 49.1513 -24.5814 0
      vertex 74.0441 -29.7201 0
      vertex 48.6782 -24.7958 0
    endloop
  endfacet
  facet normal 0 0 -1
    outer loop
      vertex 74.0441 -29.7201 0
      vertex 49.1513 -24.5814 0
      vertex 73.9361 -29.5884 0
    endloop
  endfacet
  facet normal 0 -0 -1
    outer loop
      vertex 49.6094 -24.3366 0
      vertex 73.9361 -29.5884 0
      vertex 49.1513 -24.5814 0
    endloop
  endfacet
  facet normal 0 0 -1
    outer loop
      vertex 73.9361 -29.5884 0
      vertex 49.6094 -24.3366 0
      vertex 73.8368 -29.4499 0
    endloop
  endfacet
  facet normal 0 0 -1
    outer loop
      vertex 73.398 -28.0035 0
      vertex 53.5781 -17.4625 0
      vertex 73.398 28.0035 0
    endloop
  endfacet
  facet normal 0 0 -1
    outer loop
      vertex 52.2404 -21.8723 0
      vertex 73.398 -28.0035 0
      vertex 73.4036 -28.1738 0
    endloop
  endfacet
  facet normal 0 0 -1
    outer loop
      vertex 51.9379 -22.2945 0
      vertex 73.4036 -28.1738 0
      vertex 73.4203 -28.3433 0
    endloop
  endfacet
  facet normal 0 0 -1
    outer loop
      vertex 51.6083 -22.696 0
      vertex 73.4203 -28.3433 0
      vertex 73.4481 -28.5114 0
    endloop
  endfacet
  facet normal 0 0 -1
    outer loop
      vertex 51.6083 -22.696 0
      vertex 73.4481 -28.5114 0
      vertex 73.4868 -28.6773 0
    endloop
  endfacet
  facet normal 0 0 -1
    outer loop
      vertex 51.2533 -23.0751 0
      vertex 73.4868 -28.6773 0
      vertex 73.5362 -28.8404 0
    endloop
  endfacet
  facet normal 0 0 -1
    outer loop
      vertex 50.8742 -23.4302 0
      vertex 73.5362 -28.8404 0
      vertex 73.5962 -28.9998 0
    endloop
  endfacet
  facet normal 0 -0 -1
    outer loop
      vertex 50.0505 -24.0623 0
      vertex 73.8368 -29.4499 0
      vertex 49.6094 -24.3366 0
    endloop
  endfacet
  facet normal 0 0 -1
    outer loop
      vertex 73.398 -28.0035 0
      vertex 53.5611 -17.9816 0
      vertex 53.5781 -17.4625 0
    endloop
  endfacet
  facet normal 0 0 -1
    outer loop
      vertex 73.398 -28.0035 0
      vertex 53.5102 -18.4985 0
      vertex 53.5611 -17.9816 0
    endloop
  endfacet
  facet normal 0 0 -1
    outer loop
      vertex 73.398 -28.0035 0
      vertex 53.4256 -19.011 0
      vertex 53.5102 -18.4985 0
    endloop
  endfacet
  facet normal 0 0 -1
    outer loop
      vertex 73.398 -28.0035 0
      vertex 53.3076 -19.5169 0
      vertex 53.4256 -19.011 0
    endloop
  endfacet
  facet normal 0 0 -1
    outer loop
      vertex 73.398 -28.0035 0
      vertex 53.1569 -20.0139 0
      vertex 53.3076 -19.5169 0
    endloop
  endfacet
  facet normal 0 0 -1
    outer loop
      vertex 73.398 -28.0035 0
      vertex 52.9739 -20.5 0
      vertex 53.1569 -20.0139 0
    endloop
  endfacet
  facet normal 0 0 -1
    outer loop
      vertex 73.398 -28.0035 0
      vertex 52.7595 -20.9732 0
      vertex 52.9739 -20.5 0
    endloop
  endfacet
  facet normal 0 0 -1
    outer loop
      vertex 73.398 -28.0035 0
      vertex 52.5147 -21.4312 0
      vertex 52.7595 -20.9732 0
    endloop
  endfacet
  facet normal 0 0 -1
    outer loop
      vertex 73.398 -28.0035 0
      vertex 52.2404 -21.8723 0
      vertex 52.5147 -21.4312 0
    endloop
  endfacet
  facet normal 0 0 -1
    outer loop
      vertex 73.4036 -28.1738 0
      vertex 51.9379 -22.2945 0
      vertex 52.2404 -21.8723 0
    endloop
  endfacet
  facet normal 0 0 -1
    outer loop
      vertex 73.4203 -28.3433 0
      vertex 51.6083 -22.696 0
      vertex 51.9379 -22.2945 0
    endloop
  endfacet
  facet normal 0 0 -1
    outer loop
      vertex 73.4868 -28.6773 0
      vertex 51.2533 -23.0751 0
      vertex 51.6083 -22.696 0
    endloop
  endfacet
  facet normal 0 0 -1
    outer loop
      vertex 73.5362 -28.8404 0
      vertex 50.8742 -23.4302 0
      vertex 51.2533 -23.0751 0
    endloop
  endfacet
  facet normal 0 0 -1
    outer loop
      vertex 73.5962 -28.9998 0
      vertex 50.4726 -23.7597 0
      vertex 50.8742 -23.4302 0
    endloop
  endfacet
  facet normal 0 0 -1
    outer loop
      vertex 73.6665 -29.155 0
      vertex 50.4726 -23.7597 0
      vertex 73.5962 -28.9998 0
    endloop
  endfacet
  facet normal 0 0 -1
    outer loop
      vertex 73.7469 -29.3052 0
      vertex 50.4726 -23.7597 0
      vertex 73.6665 -29.155 0
    endloop
  endfacet
  facet normal 0 -0 -1
    outer loop
      vertex 50.4726 -23.7597 0
      vertex 73.7469 -29.3052 0
      vertex 50.0505 -24.0623 0
    endloop
  endfacet
  facet normal 0 0 -1
    outer loop
      vertex 73.8368 -29.4499 0
      vertex 50.0505 -24.0623 0
      vertex 73.7469 -29.3052 0
    endloop
  endfacet
  facet normal 0 0 -1
    outer loop
      vertex 74.1606 -29.8444 0
      vertex 48.192 -24.9788 0
      vertex 48.6782 -24.7958 0
    endloop
  endfacet
  facet normal 0 0 -1
    outer loop
      vertex 82.55 -50.8 0
      vertex 47.695 -25.1295 0
      vertex 48.192 -24.9788 0
    endloop
  endfacet
  facet normal 0 0 -1
    outer loop
      vertex 82.55 -50.8 0
      vertex 47.1891 -25.2475 0
      vertex 47.695 -25.1295 0
    endloop
  endfacet
  facet normal 0 0 -1
    outer loop
      vertex 82.55 -50.8 0
      vertex 46.6767 -25.3321 0
      vertex 47.1891 -25.2475 0
    endloop
  endfacet
  facet normal 0 0 -1
    outer loop
      vertex 82.55 -50.8 0
      vertex 46.1598 -25.383 0
      vertex 46.6767 -25.3321 0
    endloop
  endfacet
  facet normal 0 0 -1
    outer loop
      vertex 82.55 -50.8 0
      vertex 45.6406 -25.4 0
      vertex 46.1598 -25.383 0
    endloop
  endfacet
  facet normal 0 0 -1
    outer loop
      vertex 82.55 -50.8 0
      vertex -45.6406 -25.4 0
      vertex 45.6406 -25.4 0
    endloop
  endfacet
  facet normal 0 0 -1
    outer loop
      vertex -82.55 -50.8 0
      vertex -45.6406 -25.4 0
      vertex 82.55 -50.8 0
    endloop
  endfacet
  facet normal -0 0 -1
    outer loop
      vertex -45.6406 -25.4 0
      vertex -82.55 -50.8 0
      vertex -46.1598 -25.383 0
    endloop
  endfacet
  facet normal -0 0 -1
    outer loop
      vertex -46.1598 -25.383 0
      vertex -82.55 -50.8 0
      vertex -46.6767 -25.3321 0
    endloop
  endfacet
  facet normal -0 0 -1
    outer loop
      vertex -53.5781 -17.4625 0
      vertex -73.398 -28.0035 0
      vertex -53.5781 17.4625 0
    endloop
  endfacet
  facet normal -0 0 -1
    outer loop
      vertex -53.5611 -17.9816 0
      vertex -73.398 -28.0035 0
      vertex -53.5781 -17.4625 0
    endloop
  endfacet
  facet normal -0 0 -1
    outer loop
      vertex -53.5102 -18.4985 0
      vertex -73.398 -28.0035 0
      vertex -53.5611 -17.9816 0
    endloop
  endfacet
  facet normal -0 0 -1
    outer loop
      vertex -53.4256 -19.011 0
      vertex -73.398 -28.0035 0
      vertex -53.5102 -18.4985 0
    endloop
  endfacet
  facet normal -0 0 -1
    outer loop
      vertex -53.3076 -19.5169 0
      vertex -73.398 -28.0035 0
      vertex -53.4256 -19.011 0
    endloop
  endfacet
  facet normal -0 0 -1
    outer loop
      vertex -53.1569 -20.0139 0
      vertex -73.398 -28.0035 0
      vertex -53.3076 -19.5169 0
    endloop
  endfacet
  facet normal -0 0 -1
    outer loop
      vertex -52.9739 -20.5 0
      vertex -73.398 -28.0035 0
      vertex -53.1569 -20.0139 0
    endloop
  endfacet
  facet normal -0 0 -1
    outer loop
      vertex -52.7595 -20.9732 0
      vertex -73.398 -28.0035 0
      vertex -52.9739 -20.5 0
    endloop
  endfacet
  facet normal -0 0 -1
    outer loop
      vertex -52.5147 -21.4312 0
      vertex -73.398 -28.0035 0
      vertex -52.7595 -20.9732 0
    endloop
  endfacet
  facet normal -0 0 -1
    outer loop
      vertex -52.2404 -21.8723 0
      vertex -73.398 -28.0035 0
      vertex -52.5147 -21.4312 0
    endloop
  endfacet
  facet normal 0 0 -1
    outer loop
      vertex -73.4036 -28.1738 0
      vertex -52.2404 -21.8723 0
      vertex -51.9379 -22.2945 0
    endloop
  endfacet
  facet normal 0 0 -1
    outer loop
      vertex -73.4203 -28.3433 0
      vertex -51.9379 -22.2945 0
      vertex -51.6083 -22.696 0
    endloop
  endfacet
  facet normal 0 0 -1
    outer loop
      vertex -73.4868 -28.6773 0
      vertex -51.6083 -22.696 0
      vertex -51.2533 -23.0751 0
    endloop
  endfacet
  facet normal 0 0 -1
    outer loop
      vertex -73.5362 -28.8404 0
      vertex -51.2533 -23.0751 0
      vertex -50.8742 -23.4302 0
    endloop
  endfacet
  facet normal 0 0 -1
    outer loop
      vertex -73.5962 -28.9998 0
      vertex -50.8742 -23.4302 0
      vertex -50.4726 -23.7597 0
    endloop
  endfacet
  facet normal 0 0 -1
    outer loop
      vertex -73.7469 -29.3052 0
      vertex -50.4726 -23.7597 0
      vertex -50.0505 -24.0623 0
    endloop
  endfacet
  facet normal 0 0 -1
    outer loop
      vertex -73.8368 -29.4499 0
      vertex -50.0505 -24.0623 0
      vertex -49.6094 -24.3366 0
    endloop
  endfacet
  facet normal 0 0 -1
    outer loop
      vertex -73.9361 -29.5884 0
      vertex -49.6094 -24.3366 0
      vertex -49.1513 -24.5814 0
    endloop
  endfacet
  facet normal 0 0 -1
    outer loop
      vertex -74.0441 -29.7201 0
      vertex -49.1513 -24.5814 0
      vertex -48.6782 -24.7958 0
    endloop
  endfacet
  facet normal 0 0 -1
    outer loop
      vertex -74.1606 -29.8444 0
      vertex -48.6782 -24.7958 0
      vertex -48.192 -24.9788 0
    endloop
  endfacet
  facet normal 0 0 -1
    outer loop
      vertex -82.55 -50.8 0
      vertex -48.192 -24.9788 0
      vertex -47.695 -25.1295 0
    endloop
  endfacet
  facet normal 0 0 -1
    outer loop
      vertex -82.55 -50.8 0
      vertex -47.695 -25.1295 0
      vertex -47.1891 -25.2475 0
    endloop
  endfacet
  facet normal -0 0 -1
    outer loop
      vertex -46.6767 -25.3321 0
      vertex -82.55 -50.8 0
      vertex -47.1891 -25.2475 0
    endloop
  endfacet
  facet normal 0 0 -1
    outer loop
      vertex -52.2404 -21.8723 0
      vertex -73.4036 -28.1738 0
      vertex -73.398 -28.0035 0
    endloop
  endfacet
  facet normal 0 0 -1
    outer loop
      vertex -51.9379 -22.2945 0
      vertex -73.4203 -28.3433 0
      vertex -73.4036 -28.1738 0
    endloop
  endfacet
  facet normal 0 0 -1
    outer loop
      vertex -51.6083 -22.696 0
      vertex -73.4481 -28.5114 0
      vertex -73.4203 -28.3433 0
    endloop
  endfacet
  facet normal 0 0 -1
    outer loop
      vertex -51.6083 -22.696 0
      vertex -73.4868 -28.6773 0
      vertex -73.4481 -28.5114 0
    endloop
  endfacet
  facet normal 0 0 -1
    outer loop
      vertex -51.2533 -23.0751 0
      vertex -73.5362 -28.8404 0
      vertex -73.4868 -28.6773 0
    endloop
  endfacet
  facet normal 0 0 -1
    outer loop
      vertex -50.8742 -23.4302 0
      vertex -73.5962 -28.9998 0
      vertex -73.5362 -28.8404 0
    endloop
  endfacet
  facet normal 0 0 -1
    outer loop
      vertex -50.4726 -23.7597 0
      vertex -73.6665 -29.155 0
      vertex -73.5962 -28.9998 0
    endloop
  endfacet
  facet normal 0 0 -1
    outer loop
      vertex -50.4726 -23.7597 0
      vertex -73.7469 -29.3052 0
      vertex -73.6665 -29.155 0
    endloop
  endfacet
  facet normal 0 0 -1
    outer loop
      vertex -48.192 -24.9788 0
      vertex -82.55 -50.8 0
      vertex -74.285 -29.9609 0
    endloop
  endfacet
  facet normal 0 0 -1
    outer loop
      vertex -50.0505 -24.0623 0
      vertex -73.8368 -29.4499 0
      vertex -73.7469 -29.3052 0
    endloop
  endfacet
  facet normal 0 0 -1
    outer loop
      vertex -49.6094 -24.3366 0
      vertex -73.9361 -29.5884 0
      vertex -73.8368 -29.4499 0
    endloop
  endfacet
  facet normal 0 0 -1
    outer loop
      vertex -49.1513 -24.5814 0
      vertex -74.0441 -29.7201 0
      vertex -73.9361 -29.5884 0
    endloop
  endfacet
  facet normal 0 0 -1
    outer loop
      vertex -48.6782 -24.7958 0
      vertex -74.1606 -29.8444 0
      vertex -74.0441 -29.7201 0
    endloop
  endfacet
  facet normal 0 0 -1
    outer loop
      vertex -48.192 -24.9788 0
      vertex -74.285 -29.9609 0
      vertex -74.1606 -29.8444 0
    endloop
  endfacet
  facet normal 0 0 -1
    outer loop
      vertex -74.285 -29.9609 0
      vertex -82.55 -50.8 0
      vertex -74.4166 -30.069 0
    endloop
  endfacet
  facet normal 0 0 -1
    outer loop
      vertex -74.4166 -30.069 0
      vertex -82.55 -50.8 0
      vertex -74.5551 -30.1682 0
    endloop
  endfacet
  facet normal 0 0 -1
    outer loop
      vertex -74.5551 -30.1682 0
      vertex -82.55 -50.8 0
      vertex -74.6998 -30.2582 0
    endloop
  endfacet
  facet normal 0 0 -1
    outer loop
      vertex -74.6998 -30.2582 0
      vertex -82.55 -50.8 0
      vertex -74.8501 -30.3385 0
    endloop
  endfacet
  facet normal 0 0 -1
    outer loop
      vertex -74.8501 -30.3385 0
      vertex -82.55 -50.8 0
      vertex -75.0052 -30.4088 0
    endloop
  endfacet
  facet normal 0 0 -1
    outer loop
      vertex -75.0052 -30.4088 0
      vertex -82.55 -50.8 0
      vertex -75.1647 -30.4688 0
    endloop
  endfacet
  facet normal 0 0 -1
    outer loop
      vertex -75.1647 -30.4688 0
      vertex -82.55 -50.8 0
      vertex -75.3277 -30.5183 0
    endloop
  endfacet
  facet normal 0 0 -1
    outer loop
      vertex -75.3277 -30.5183 0
      vertex -82.55 -50.8 0
      vertex -75.4936 -30.557 0
    endloop
  endfacet
  facet normal 0 0 -1
    outer loop
      vertex -75.4936 -30.557 0
      vertex -82.55 -50.8 0
      vertex -75.6617 -30.5847 0
    endloop
  endfacet
  facet normal 0 0 -1
    outer loop
      vertex -75.6617 -30.5847 0
      vertex -82.55 -50.8 0
      vertex -75.8313 -30.6014 0
    endloop
  endfacet
  facet normal 0 0 -1
    outer loop
      vertex -75.8313 -30.6014 0
      vertex -82.55 -50.8 0
      vertex -76.0016 -30.607 0
    endloop
  endfacet
  facet normal -0 0 -1
    outer loop
      vertex -76.0016 -30.607 0
      vertex -82.55 -50.8 0
      vertex -76.1718 -30.6014 0
    endloop
  endfacet
  facet normal -0 0 -1
    outer loop
      vertex -78.5995 -28.1738 0
      vertex -88.9 -44.45 0
      vertex -78.6051 -28.0035 0
    endloop
  endfacet
  facet normal -0 0 -1
    outer loop
      vertex -78.5828 -28.3433 0
      vertex -88.9 -44.45 0
      vertex -78.5995 -28.1738 0
    endloop
  endfacet
  facet normal -0 0 -1
    outer loop
      vertex -78.555 -28.5114 0
      vertex -88.9 -44.45 0
      vertex -78.5828 -28.3433 0
    endloop
  endfacet
  facet normal -0 0 -1
    outer loop
      vertex -78.5163 -28.6773 0
      vertex -88.9 -44.45 0
      vertex -78.555 -28.5114 0
    endloop
  endfacet
  facet normal -0 0 -1
    outer loop
      vertex -78.4669 -28.8404 0
      vertex -88.9 -44.45 0
      vertex -78.5163 -28.6773 0
    endloop
  endfacet
  facet normal -0 0 -1
    outer loop
      vertex -78.4069 -28.9998 0
      vertex -88.9 -44.45 0
      vertex -78.4669 -28.8404 0
    endloop
  endfacet
  facet normal -0 0 -1
    outer loop
      vertex -78.3366 -29.155 0
      vertex -88.9 -44.45 0
      vertex -78.4069 -28.9998 0
    endloop
  endfacet
  facet normal -0 0 -1
    outer loop
      vertex -78.2562 -29.3052 0
      vertex -88.9 -44.45 0
      vertex -78.3366 -29.155 0
    endloop
  endfacet
  facet normal -0 0 -1
    outer loop
      vertex -78.1663 -29.4499 0
      vertex -88.9 -44.45 0
      vertex -78.2562 -29.3052 0
    endloop
  endfacet
  facet normal -0 0 -1
    outer loop
      vertex -78.067 -29.5884 0
      vertex -88.9 -44.45 0
      vertex -78.1663 -29.4499 0
    endloop
  endfacet
  facet normal -0 0 -1
    outer loop
      vertex -77.959 -29.7201 0
      vertex -88.9 -44.45 0
      vertex -78.067 -29.5884 0
    endloop
  endfacet
  facet normal -0 0 -1
    outer loop
      vertex -77.8425 -29.8444 0
      vertex -88.9 -44.45 0
      vertex -77.959 -29.7201 0
    endloop
  endfacet
  facet normal -0 0 -1
    outer loop
      vertex -77.7181 -29.9609 0
      vertex -88.9 -44.45 0
      vertex -77.8425 -29.8444 0
    endloop
  endfacet
  facet normal -0 0 -1
    outer loop
      vertex -77.5865 -30.069 0
      vertex -88.9 -44.45 0
      vertex -77.7181 -29.9609 0
    endloop
  endfacet
  facet normal -0 0 -1
    outer loop
      vertex -77.448 -30.1682 0
      vertex -88.9 -44.45 0
      vertex -77.5865 -30.069 0
    endloop
  endfacet
  facet normal -0 0 -1
    outer loop
      vertex -77.3033 -30.2582 0
      vertex -88.9 -44.45 0
      vertex -77.448 -30.1682 0
    endloop
  endfacet
  facet normal -0 0 -1
    outer loop
      vertex -77.153 -30.3385 0
      vertex -88.9 -44.45 0
      vertex -77.3033 -30.2582 0
    endloop
  endfacet
  facet normal -0 0 -1
    outer loop
      vertex -76.9979 -30.4088 0
      vertex -88.9 -44.45 0
      vertex -77.153 -30.3385 0
    endloop
  endfacet
  facet normal -0 0 -1
    outer loop
      vertex -76.8384 -30.4688 0
      vertex -88.9 -44.45 0
      vertex -76.9979 -30.4088 0
    endloop
  endfacet
  facet normal -0 0 -1
    outer loop
      vertex -76.6754 -30.5183 0
      vertex -88.9 -44.45 0
      vertex -76.8384 -30.4688 0
    endloop
  endfacet
  facet normal 0 0 -1
    outer loop
      vertex -88.9 -44.45 0
      vertex -76.6754 -30.5183 0
      vertex -82.55 -50.8 0
    endloop
  endfacet
  facet normal -0 0 -1
    outer loop
      vertex -76.5095 -30.557 0
      vertex -82.55 -50.8 0
      vertex -76.6754 -30.5183 0
    endloop
  endfacet
  facet normal -0 0 -1
    outer loop
      vertex -76.3414 -30.5847 0
      vertex -82.55 -50.8 0
      vertex -76.5095 -30.557 0
    endloop
  endfacet
  facet normal -0 0 -1
    outer loop
      vertex -76.1718 -30.6014 0
      vertex -82.55 -50.8 0
      vertex -76.3414 -30.5847 0
    endloop
  endfacet
  facet normal 0 0 -1
    outer loop
      vertex 88.8457 45.2788 0
      vertex 82.55 50.8 0
      vertex 88.778 45.6888 0
    endloop
  endfacet
  facet normal 0 0 -1
    outer loop
      vertex 88.6836 46.0935 0
      vertex 82.55 50.8 0
      vertex 88.563 46.4911 0
    endloop
  endfacet
  facet normal 0 0 -1
    outer loop
      vertex 88.563 46.4911 0
      vertex 82.55 50.8 0
      vertex 88.4166 46.88 0
    endloop
  endfacet
  facet normal 0 0 -1
    outer loop
      vertex 88.4166 46.88 0
      vertex 82.55 50.8 0
      vertex 88.2451 47.2585 0
    endloop
  endfacet
  facet normal 0 0 -1
    outer loop
      vertex 88.2451 47.2585 0
      vertex 82.55 50.8 0
      vertex 88.0493 47.625 0
    endloop
  endfacet
  facet normal 0 0 -1
    outer loop
      vertex 88.0493 47.625 0
      vertex 82.55 50.8 0
      vertex 87.8298 47.9779 0
    endloop
  endfacet
  facet normal 0 0 -1
    outer loop
      vertex 87.5878 48.3156 0
      vertex 82.55 50.8 0
      vertex 87.3242 48.6368 0
    endloop
  endfacet
  facet normal 0 0 -1
    outer loop
      vertex 87.3242 48.6368 0
      vertex 82.55 50.8 0
      vertex 87.0401 48.9401 0
    endloop
  endfacet
  facet normal 0 0 -1
    outer loop
      vertex 87.0401 48.9401 0
      vertex 82.55 50.8 0
      vertex 86.7368 49.2242 0
    endloop
  endfacet
  facet normal 0 0 -1
    outer loop
      vertex 86.7368 49.2242 0
      vertex 82.55 50.8 0
      vertex 86.4156 49.4878 0
    endloop
  endfacet
  facet normal 0 0 -1
    outer loop
      vertex 86.0779 49.7298 0
      vertex 82.55 50.8 0
      vertex 85.725 49.9493 0
    endloop
  endfacet
  facet normal 0 0 -1
    outer loop
      vertex 85.725 49.9493 0
      vertex 82.55 50.8 0
      vertex 85.3585 50.1451 0
    endloop
  endfacet
  facet normal 0 0 -1
    outer loop
      vertex 85.3585 50.1451 0
      vertex 82.55 50.8 0
      vertex 84.98 50.3166 0
    endloop
  endfacet
  facet normal 0 0 -1
    outer loop
      vertex 84.98 50.3166 0
      vertex 82.55 50.8 0
      vertex 84.5911 50.463 0
    endloop
  endfacet
  facet normal 0 0 -1
    outer loop
      vertex 84.5911 50.463 0
      vertex 82.55 50.8 0
      vertex 84.1935 50.5836 0
    endloop
  endfacet
  facet normal 0 0 -1
    outer loop
      vertex 84.1935 50.5836 0
      vertex 82.55 50.8 0
      vertex 83.7888 50.678 0
    endloop
  endfacet
  facet normal 0 0 -1
    outer loop
      vertex 83.3788 50.7457 0
      vertex 82.55 50.8 0
      vertex 82.9653 50.7864 0
    endloop
  endfacet
  facet normal 0 0 -1
    outer loop
      vertex 83.7888 50.678 0
      vertex 82.55 50.8 0
      vertex 83.3788 50.7457 0
    endloop
  endfacet
  facet normal 0 0 -1
    outer loop
      vertex 86.4156 49.4878 0
      vertex 82.55 50.8 0
      vertex 86.0779 49.7298 0
    endloop
  endfacet
  facet normal 0 0 -1
    outer loop
      vertex 87.8298 47.9779 0
      vertex 82.55 50.8 0
      vertex 87.5878 48.3156 0
    endloop
  endfacet
  facet normal 0 0 -1
    outer loop
      vertex 88.778 45.6888 0
      vertex 82.55 50.8 0
      vertex 88.6836 46.0935 0
    endloop
  endfacet
  facet normal 0 0 -1
    outer loop
      vertex 76.5095 30.557 0
      vertex 82.55 50.8 0
      vertex 76.6754 30.5183 0
    endloop
  endfacet
  facet normal 0 0 -1
    outer loop
      vertex 76.3414 30.5847 0
      vertex 82.55 50.8 0
      vertex 76.5095 30.557 0
    endloop
  endfacet
  facet normal 0 0 -1
    outer loop
      vertex 76.1718 30.6014 0
      vertex 82.55 50.8 0
      vertex 76.3414 30.5847 0
    endloop
  endfacet
  facet normal 0 0 -1
    outer loop
      vertex 76.0016 30.607 0
      vertex 82.55 50.8 0
      vertex 76.1718 30.6014 0
    endloop
  endfacet
  facet normal 0 0 -1
    outer loop
      vertex 75.8313 30.6014 0
      vertex 82.55 50.8 0
      vertex 76.0016 30.607 0
    endloop
  endfacet
  facet normal 0 0 -1
    outer loop
      vertex 75.6617 30.5847 0
      vertex 82.55 50.8 0
      vertex 75.8313 30.6014 0
    endloop
  endfacet
  facet normal 0 0 -1
    outer loop
      vertex 75.4936 30.557 0
      vertex 82.55 50.8 0
      vertex 75.6617 30.5847 0
    endloop
  endfacet
  facet normal 0 0 -1
    outer loop
      vertex 75.3277 30.5183 0
      vertex 82.55 50.8 0
      vertex 75.4936 30.557 0
    endloop
  endfacet
  facet normal 0 0 -1
    outer loop
      vertex 75.1647 30.4688 0
      vertex 82.55 50.8 0
      vertex 75.3277 30.5183 0
    endloop
  endfacet
  facet normal 0 0 -1
    outer loop
      vertex 75.0052 30.4088 0
      vertex 82.55 50.8 0
      vertex 75.1647 30.4688 0
    endloop
  endfacet
  facet normal 0 0 -1
    outer loop
      vertex 74.8501 30.3385 0
      vertex 82.55 50.8 0
      vertex 75.0052 30.4088 0
    endloop
  endfacet
  facet normal 0 0 -1
    outer loop
      vertex 74.6998 30.2582 0
      vertex 82.55 50.8 0
      vertex 74.8501 30.3385 0
    endloop
  endfacet
  facet normal 0 0 -1
    outer loop
      vertex 74.5551 30.1682 0
      vertex 82.55 50.8 0
      vertex 74.6998 30.2582 0
    endloop
  endfacet
  facet normal 0 0 -1
    outer loop
      vertex 74.4166 30.069 0
      vertex 82.55 50.8 0
      vertex 74.5551 30.1682 0
    endloop
  endfacet
  facet normal 0 0 -1
    outer loop
      vertex 74.285 29.9609 0
      vertex 82.55 50.8 0
      vertex 74.4166 30.069 0
    endloop
  endfacet
  facet normal 0 0 -1
    outer loop
      vertex 48.192 24.9788 0
      vertex 74.285 29.9609 0
      vertex 74.1606 29.8444 0
    endloop
  endfacet
  facet normal 0 0 -1
    outer loop
      vertex 48.6782 24.7958 0
      vertex 74.1606 29.8444 0
      vertex 74.0441 29.7201 0
    endloop
  endfacet
  facet normal 0 0 -1
    outer loop
      vertex 49.1513 24.5814 0
      vertex 74.0441 29.7201 0
      vertex 73.9361 29.5884 0
    endloop
  endfacet
  facet normal 0 0 -1
    outer loop
      vertex 49.6094 24.3366 0
      vertex 73.9361 29.5884 0
      vertex 73.8368 29.4499 0
    endloop
  endfacet
  facet normal 0 0 -1
    outer loop
      vertex 50.0505 24.0623 0
      vertex 73.8368 29.4499 0
      vertex 73.7469 29.3052 0
    endloop
  endfacet
  facet normal 0 0 -1
    outer loop
      vertex 50.4726 23.7597 0
      vertex 73.7469 29.3052 0
      vertex 73.6665 29.155 0
    endloop
  endfacet
  facet normal 0 0 -1
    outer loop
      vertex 50.4726 23.7597 0
      vertex 73.6665 29.155 0
      vertex 73.5962 28.9998 0
    endloop
  endfacet
  facet normal 0 0 -1
    outer loop
      vertex 53.5781 17.4625 0
      vertex 73.398 28.0035 0
      vertex 53.5781 -17.4625 0
    endloop
  endfacet
  facet normal 0 0 -1
    outer loop
      vertex 53.5611 17.9816 0
      vertex 73.398 28.0035 0
      vertex 53.5781 17.4625 0
    endloop
  endfacet
  facet normal 0 0 -1
    outer loop
      vertex 53.5102 18.4985 0
      vertex 73.398 28.0035 0
      vertex 53.5611 17.9816 0
    endloop
  endfacet
  facet normal 0 0 -1
    outer loop
      vertex 53.4256 19.011 0
      vertex 73.398 28.0035 0
      vertex 53.5102 18.4985 0
    endloop
  endfacet
  facet normal 0 0 -1
    outer loop
      vertex 53.3076 19.5169 0
      vertex 73.398 28.0035 0
      vertex 53.4256 19.011 0
    endloop
  endfacet
  facet normal 0 0 -1
    outer loop
      vertex 53.1569 20.0139 0
      vertex 73.398 28.0035 0
      vertex 53.3076 19.5169 0
    endloop
  endfacet
  facet normal 0 0 -1
    outer loop
      vertex 52.9739 20.5 0
      vertex 73.398 28.0035 0
      vertex 53.1569 20.0139 0
    endloop
  endfacet
  facet normal 0 0 -1
    outer loop
      vertex 52.7595 20.9732 0
      vertex 73.398 28.0035 0
      vertex 52.9739 20.5 0
    endloop
  endfacet
  facet normal 0 0 -1
    outer loop
      vertex 52.5147 21.4312 0
      vertex 73.398 28.0035 0
      vertex 52.7595 20.9732 0
    endloop
  endfacet
  facet normal 0 0 -1
    outer loop
      vertex 52.2404 21.8723 0
      vertex 73.398 28.0035 0
      vertex 52.5147 21.4312 0
    endloop
  endfacet
  facet normal -0 0 -1
    outer loop
      vertex 73.398 28.0035 0
      vertex 52.2404 21.8723 0
      vertex 73.4036 28.1738 0
    endloop
  endfacet
  facet normal 0 0 -1
    outer loop
      vertex 51.9379 22.2945 0
      vertex 73.4036 28.1738 0
      vertex 52.2404 21.8723 0
    endloop
  endfacet
  facet normal -0 0 -1
    outer loop
      vertex 73.4036 28.1738 0
      vertex 51.9379 22.2945 0
      vertex 73.4203 28.3433 0
    endloop
  endfacet
  facet normal 0 0 -1
    outer loop
      vertex 51.6083 22.696 0
      vertex 73.4203 28.3433 0
      vertex 51.9379 22.2945 0
    endloop
  endfacet
  facet normal -0 0 -1
    outer loop
      vertex 73.4203 28.3433 0
      vertex 51.6083 22.696 0
      vertex 73.4481 28.5114 0
    endloop
  endfacet
  facet normal -0 0 -1
    outer loop
      vertex 73.4481 28.5114 0
      vertex 51.6083 22.696 0
      vertex 73.4868 28.6773 0
    endloop
  endfacet
  facet normal 0 0 -1
    outer loop
      vertex 51.2533 23.0751 0
      vertex 73.4868 28.6773 0
      vertex 51.6083 22.696 0
    endloop
  endfacet
  facet normal -0 0 -1
    outer loop
      vertex 73.4868 28.6773 0
      vertex 51.2533 23.0751 0
      vertex 73.5362 28.8404 0
    endloop
  endfacet
  facet normal 0 0 -1
    outer loop
      vertex 50.8742 23.4302 0
      vertex 73.5362 28.8404 0
      vertex 51.2533 23.0751 0
    endloop
  endfacet
  facet normal -0 0 -1
    outer loop
      vertex 73.5362 28.8404 0
      vertex 50.8742 23.4302 0
      vertex 73.5962 28.9998 0
    endloop
  endfacet
  facet normal 0 0 -1
    outer loop
      vertex 50.4726 23.7597 0
      vertex 73.5962 28.9998 0
      vertex 50.8742 23.4302 0
    endloop
  endfacet
  facet normal 0 0 -1
    outer loop
      vertex 73.7469 29.3052 0
      vertex 50.4726 23.7597 0
      vertex 50.0505 24.0623 0
    endloop
  endfacet
  facet normal 0 0 -1
    outer loop
      vertex 73.8368 29.4499 0
      vertex 50.0505 24.0623 0
      vertex 49.6094 24.3366 0
    endloop
  endfacet
  facet normal 0 0 -1
    outer loop
      vertex 73.9361 29.5884 0
      vertex 49.6094 24.3366 0
      vertex 49.1513 24.5814 0
    endloop
  endfacet
  facet normal 0 0 -1
    outer loop
      vertex 74.0441 29.7201 0
      vertex 49.1513 24.5814 0
      vertex 48.6782 24.7958 0
    endloop
  endfacet
  facet normal 0 0 -1
    outer loop
      vertex 48.192 24.9788 0
      vertex 74.1606 29.8444 0
      vertex 48.6782 24.7958 0
    endloop
  endfacet
  facet normal -0 0 -1
    outer loop
      vertex 74.285 29.9609 0
      vertex 48.192 24.9788 0
      vertex 82.55 50.8 0
    endloop
  endfacet
  facet normal 0 0 -1
    outer loop
      vertex 47.695 25.1295 0
      vertex 82.55 50.8 0
      vertex 48.192 24.9788 0
    endloop
  endfacet
  facet normal 0 0 -1
    outer loop
      vertex 47.1891 25.2475 0
      vertex 82.55 50.8 0
      vertex 47.695 25.1295 0
    endloop
  endfacet
  facet normal 0 0 -1
    outer loop
      vertex 46.6767 25.3321 0
      vertex 82.55 50.8 0
      vertex 47.1891 25.2475 0
    endloop
  endfacet
  facet normal 0 0 -1
    outer loop
      vertex 46.1598 25.383 0
      vertex 82.55 50.8 0
      vertex 46.6767 25.3321 0
    endloop
  endfacet
  facet normal 0 0 -1
    outer loop
      vertex 45.6406 25.4 0
      vertex 82.55 50.8 0
      vertex 46.1598 25.383 0
    endloop
  endfacet
  facet normal 0 0 -1
    outer loop
      vertex -45.6406 25.4 0
      vertex 82.55 50.8 0
      vertex 45.6406 25.4 0
    endloop
  endfacet
  facet normal 0 0 -1
    outer loop
      vertex -82.55 50.8 0
      vertex -45.6406 25.4 0
      vertex -46.1598 25.383 0
    endloop
  endfacet
  facet normal 0 0 -1
    outer loop
      vertex -82.55 50.8 0
      vertex -46.1598 25.383 0
      vertex -46.6767 25.3321 0
    endloop
  endfacet
  facet normal 0 0 -1
    outer loop
      vertex -82.55 50.8 0
      vertex -46.6767 25.3321 0
      vertex -47.1891 25.2475 0
    endloop
  endfacet
  facet normal 0 0 -1
    outer loop
      vertex -73.398 28.0035 0
      vertex -53.5781 17.4625 0
      vertex -73.398 -28.0035 0
    endloop
  endfacet
  facet normal 0 0 -1
    outer loop
      vertex -53.5781 17.4625 0
      vertex -73.398 28.0035 0
      vertex -53.5611 17.9816 0
    endloop
  endfacet
  facet normal 0 0 -1
    outer loop
      vertex -53.5611 17.9816 0
      vertex -73.398 28.0035 0
      vertex -53.5102 18.4985 0
    endloop
  endfacet
  facet normal 0 0 -1
    outer loop
      vertex -53.5102 18.4985 0
      vertex -73.398 28.0035 0
      vertex -53.4256 19.011 0
    endloop
  endfacet
  facet normal 0 0 -1
    outer loop
      vertex -53.4256 19.011 0
      vertex -73.398 28.0035 0
      vertex -53.3076 19.5169 0
    endloop
  endfacet
  facet normal 0 0 -1
    outer loop
      vertex -53.3076 19.5169 0
      vertex -73.398 28.0035 0
      vertex -53.1569 20.0139 0
    endloop
  endfacet
  facet normal 0 0 -1
    outer loop
      vertex -53.1569 20.0139 0
      vertex -73.398 28.0035 0
      vertex -52.9739 20.5 0
    endloop
  endfacet
  facet normal 0 0 -1
    outer loop
      vertex -73.398 28.0035 0
      vertex -52.7595 20.9732 0
      vertex -52.9739 20.5 0
    endloop
  endfacet
  facet normal 0 0 -1
    outer loop
      vertex -73.398 28.0035 0
      vertex -52.5147 21.4312 0
      vertex -52.7595 20.9732 0
    endloop
  endfacet
  facet normal 0 0 -1
    outer loop
      vertex -73.398 28.0035 0
      vertex -52.2404 21.8723 0
      vertex -52.5147 21.4312 0
    endloop
  endfacet
  facet normal 0 0 -1
    outer loop
      vertex -73.4036 28.1738 0
      vertex -52.2404 21.8723 0
      vertex -73.398 28.0035 0
    endloop
  endfacet
  facet normal 0 0 -1
    outer loop
      vertex -52.2404 21.8723 0
      vertex -73.4036 28.1738 0
      vertex -51.9379 22.2945 0
    endloop
  endfacet
  facet normal 0 0 -1
    outer loop
      vertex -73.4203 28.3433 0
      vertex -51.9379 22.2945 0
      vertex -73.4036 28.1738 0
    endloop
  endfacet
  facet normal 0 0 -1
    outer loop
      vertex -51.9379 22.2945 0
      vertex -73.4203 28.3433 0
      vertex -51.6083 22.696 0
    endloop
  endfacet
  facet normal 0 0 -1
    outer loop
      vertex -73.4481 28.5114 0
      vertex -51.6083 22.696 0
      vertex -73.4203 28.3433 0
    endloop
  endfacet
  facet normal 0 0 -1
    outer loop
      vertex -73.4868 28.6773 0
      vertex -51.6083 22.696 0
      vertex -73.4481 28.5114 0
    endloop
  endfacet
  facet normal 0 0 -1
    outer loop
      vertex -51.6083 22.696 0
      vertex -73.4868 28.6773 0
      vertex -51.2533 23.0751 0
    endloop
  endfacet
  facet normal 0 0 -1
    outer loop
      vertex -73.5362 28.8404 0
      vertex -51.2533 23.0751 0
      vertex -73.4868 28.6773 0
    endloop
  endfacet
  facet normal 0 0 -1
    outer loop
      vertex -51.2533 23.0751 0
      vertex -73.5362 28.8404 0
      vertex -50.8742 23.4302 0
    endloop
  endfacet
  facet normal 0 0 -1
    outer loop
      vertex -73.5962 28.9998 0
      vertex -50.8742 23.4302 0
      vertex -73.5362 28.8404 0
    endloop
  endfacet
  facet normal 0 0 -1
    outer loop
      vertex -50.8742 23.4302 0
      vertex -73.5962 28.9998 0
      vertex -50.4726 23.7597 0
    endloop
  endfacet
  facet normal 0 0 -1
    outer loop
      vertex -73.6665 29.155 0
      vertex -50.4726 23.7597 0
      vertex -73.5962 28.9998 0
    endloop
  endfacet
  facet normal 0 0 -1
    outer loop
      vertex -73.7469 29.3052 0
      vertex -50.4726 23.7597 0
      vertex -73.6665 29.155 0
    endloop
  endfacet
  facet normal 0 0 -1
    outer loop
      vertex -50.4726 23.7597 0
      vertex -73.7469 29.3052 0
      vertex -50.0505 24.0623 0
    endloop
  endfacet
  facet normal 0 0 -1
    outer loop
      vertex -73.8368 29.4499 0
      vertex -50.0505 24.0623 0
      vertex -73.7469 29.3052 0
    endloop
  endfacet
  facet normal 0 0 -1
    outer loop
      vertex -50.0505 24.0623 0
      vertex -73.8368 29.4499 0
      vertex -49.6094 24.3366 0
    endloop
  endfacet
  facet normal 0 0 -1
    outer loop
      vertex -73.9361 29.5884 0
      vertex -49.6094 24.3366 0
      vertex -73.8368 29.4499 0
    endloop
  endfacet
  facet normal 0 0 -1
    outer loop
      vertex -49.6094 24.3366 0
      vertex -73.9361 29.5884 0
      vertex -49.1513 24.5814 0
    endloop
  endfacet
  facet normal 0 0 -1
    outer loop
      vertex -74.0441 29.7201 0
      vertex -49.1513 24.5814 0
      vertex -73.9361 29.5884 0
    endloop
  endfacet
  facet normal 0 0 -1
    outer loop
      vertex -49.1513 24.5814 0
      vertex -74.0441 29.7201 0
      vertex -48.6782 24.7958 0
    endloop
  endfacet
  facet normal 0 0 -1
    outer loop
      vertex -74.1606 29.8444 0
      vertex -48.6782 24.7958 0
      vertex -74.0441 29.7201 0
    endloop
  endfacet
  facet normal 0 0 -1
    outer loop
      vertex -48.6782 24.7958 0
      vertex -74.1606 29.8444 0
      vertex -48.192 24.9788 0
    endloop
  endfacet
  facet normal 0 0 -1
    outer loop
      vertex -74.285 29.9609 0
      vertex -48.192 24.9788 0
      vertex -74.1606 29.8444 0
    endloop
  endfacet
  facet normal 0 0 -1
    outer loop
      vertex -82.55 50.8 0
      vertex -48.192 24.9788 0
      vertex -74.285 29.9609 0
    endloop
  endfacet
  facet normal 0 0 -1
    outer loop
      vertex -48.192 24.9788 0
      vertex -82.55 50.8 0
      vertex -47.695 25.1295 0
    endloop
  endfacet
  facet normal 0 0 -1
    outer loop
      vertex -47.695 25.1295 0
      vertex -82.55 50.8 0
      vertex -47.1891 25.2475 0
    endloop
  endfacet
  facet normal 0 0 -1
    outer loop
      vertex -82.55 50.8 0
      vertex -74.285 29.9609 0
      vertex -74.4166 30.069 0
    endloop
  endfacet
  facet normal 0 0 -1
    outer loop
      vertex -82.55 50.8 0
      vertex -74.4166 30.069 0
      vertex -74.5551 30.1682 0
    endloop
  endfacet
  facet normal 0 0 -1
    outer loop
      vertex -82.55 50.8 0
      vertex -74.5551 30.1682 0
      vertex -74.6998 30.2582 0
    endloop
  endfacet
  facet normal 0 0 -1
    outer loop
      vertex -82.55 50.8 0
      vertex -74.6998 30.2582 0
      vertex -74.8501 30.3385 0
    endloop
  endfacet
  facet normal 0 0 -1
    outer loop
      vertex -82.55 50.8 0
      vertex -74.8501 30.3385 0
      vertex -75.0052 30.4088 0
    endloop
  endfacet
  facet normal 0 0 -1
    outer loop
      vertex -82.55 50.8 0
      vertex -75.0052 30.4088 0
      vertex -75.1647 30.4688 0
    endloop
  endfacet
  facet normal 0 0 -1
    outer loop
      vertex -82.55 50.8 0
      vertex -75.1647 30.4688 0
      vertex -75.3277 30.5183 0
    endloop
  endfacet
  facet normal 0 0 -1
    outer loop
      vertex -82.55 50.8 0
      vertex -75.3277 30.5183 0
      vertex -75.4936 30.557 0
    endloop
  endfacet
  facet normal 0 0 -1
    outer loop
      vertex -82.55 50.8 0
      vertex -75.4936 30.557 0
      vertex -75.6617 30.5847 0
    endloop
  endfacet
  facet normal 0 0 -1
    outer loop
      vertex -82.55 50.8 0
      vertex -75.6617 30.5847 0
      vertex -75.8313 30.6014 0
    endloop
  endfacet
  facet normal 0 0 -1
    outer loop
      vertex -82.55 50.8 0
      vertex -75.8313 30.6014 0
      vertex -76.0016 30.607 0
    endloop
  endfacet
  facet normal 0 0 -1
    outer loop
      vertex -82.55 50.8 0
      vertex -76.0016 30.607 0
      vertex -76.1718 30.6014 0
    endloop
  endfacet
  facet normal 0 0 -1
    outer loop
      vertex -82.55 50.8 0
      vertex -76.1718 30.6014 0
      vertex -76.3414 30.5847 0
    endloop
  endfacet
  facet normal -0 0 -1
    outer loop
      vertex -78.6051 -28.0035 0
      vertex -88.9 -44.45 0
      vertex -78.6051 28.0035 0
    endloop
  endfacet
  facet normal 0 0 -1
    outer loop
      vertex -45.6406 25.4 0
      vertex -82.55 50.8 0
      vertex 82.55 50.8 0
    endloop
  endfacet
  facet normal 0 0 -1
    outer loop
      vertex -76.5095 30.557 0
      vertex -82.55 50.8 0
      vertex -76.3414 30.5847 0
    endloop
  endfacet
  facet normal 0 0 -1
    outer loop
      vertex -76.6754 30.5183 0
      vertex -82.55 50.8 0
      vertex -76.5095 30.557 0
    endloop
  endfacet
  facet normal 0 0 -1
    outer loop
      vertex -88.9 44.45 0
      vertex -76.6754 30.5183 0
      vertex -76.8384 30.4688 0
    endloop
  endfacet
  facet normal 0 0 -1
    outer loop
      vertex -88.9 44.45 0
      vertex -76.8384 30.4688 0
      vertex -76.9979 30.4088 0
    endloop
  endfacet
  facet normal 0 0 -1
    outer loop
      vertex -88.9 44.45 0
      vertex -76.9979 30.4088 0
      vertex -77.153 30.3385 0
    endloop
  endfacet
  facet normal 0 0 -1
    outer loop
      vertex -88.9 44.45 0
      vertex -77.153 30.3385 0
      vertex -77.3033 30.2582 0
    endloop
  endfacet
  facet normal 0 0 -1
    outer loop
      vertex -88.9 44.45 0
      vertex -77.3033 30.2582 0
      vertex -77.448 30.1682 0
    endloop
  endfacet
  facet normal 0 0 -1
    outer loop
      vertex -88.9 44.45 0
      vertex -77.448 30.1682 0
      vertex -77.5865 30.069 0
    endloop
  endfacet
  facet normal 0 0 -1
    outer loop
      vertex -88.9 44.45 0
      vertex -77.5865 30.069 0
      vertex -77.7181 29.9609 0
    endloop
  endfacet
  facet normal 0 0 -1
    outer loop
      vertex -88.9 44.45 0
      vertex -77.7181 29.9609 0
      vertex -77.8425 29.8444 0
    endloop
  endfacet
  facet normal 0 0 -1
    outer loop
      vertex -88.9 44.45 0
      vertex -77.8425 29.8444 0
      vertex -77.959 29.7201 0
    endloop
  endfacet
  facet normal 0 0 -1
    outer loop
      vertex -88.9 44.45 0
      vertex -77.959 29.7201 0
      vertex -78.067 29.5884 0
    endloop
  endfacet
  facet normal 0 0 -1
    outer loop
      vertex -88.9 44.45 0
      vertex -78.067 29.5884 0
      vertex -78.1663 29.4499 0
    endloop
  endfacet
  facet normal 0 0 -1
    outer loop
      vertex -88.9 44.45 0
      vertex -78.1663 29.4499 0
      vertex -78.2562 29.3052 0
    endloop
  endfacet
  facet normal 0 0 -1
    outer loop
      vertex -88.9 44.45 0
      vertex -78.2562 29.3052 0
      vertex -78.3366 29.155 0
    endloop
  endfacet
  facet normal 0 0 -1
    outer loop
      vertex -88.9 44.45 0
      vertex -78.3366 29.155 0
      vertex -78.4069 28.9998 0
    endloop
  endfacet
  facet normal 0 0 -1
    outer loop
      vertex -88.9 44.45 0
      vertex -78.4069 28.9998 0
      vertex -78.4669 28.8404 0
    endloop
  endfacet
  facet normal 0 0 -1
    outer loop
      vertex -88.9 44.45 0
      vertex -78.4669 28.8404 0
      vertex -78.5163 28.6773 0
    endloop
  endfacet
  facet normal 0 0 -1
    outer loop
      vertex -88.9 44.45 0
      vertex -78.5163 28.6773 0
      vertex -78.555 28.5114 0
    endloop
  endfacet
  facet normal 0 0 -1
    outer loop
      vertex -88.9 44.45 0
      vertex -78.555 28.5114 0
      vertex -78.5828 28.3433 0
    endloop
  endfacet
  facet normal 0 0 -1
    outer loop
      vertex -88.9 44.45 0
      vertex -78.5828 28.3433 0
      vertex -78.5995 28.1738 0
    endloop
  endfacet
  facet normal 0 0 -1
    outer loop
      vertex -88.9 44.45 0
      vertex -78.6051 28.0035 0
      vertex -88.9 -44.45 0
    endloop
  endfacet
  facet normal 0 0 -1
    outer loop
      vertex -88.9 -44.45 0
      vertex -82.55 -50.8 0
      vertex -82.9653 -50.7864 0
    endloop
  endfacet
  facet normal 0 0 -1
    outer loop
      vertex -78.6051 28.0035 0
      vertex -88.9 44.45 0
      vertex -78.5995 28.1738 0
    endloop
  endfacet
  facet normal 0 0 -1
    outer loop
      vertex -88.9 -44.45 0
      vertex -82.9653 -50.7864 0
      vertex -83.3788 -50.7457 0
    endloop
  endfacet
  facet normal 0 0 -1
    outer loop
      vertex -76.6754 30.5183 0
      vertex -88.9 44.45 0
      vertex -82.55 50.8 0
    endloop
  endfacet
  facet normal 0 0 -1
    outer loop
      vertex -88.9 -44.45 0
      vertex -83.3788 -50.7457 0
      vertex -83.7888 -50.678 0
    endloop
  endfacet
  facet normal 0 0 -1
    outer loop
      vertex -82.55 50.8 0
      vertex -88.9 44.45 0
      vertex -82.9653 50.7864 0
    endloop
  endfacet
  facet normal 0 0 -1
    outer loop
      vertex -88.9 -44.45 0
      vertex -83.7888 -50.678 0
      vertex -84.1935 -50.5836 0
    endloop
  endfacet
  facet normal 0 0 -1
    outer loop
      vertex -82.9653 50.7864 0
      vertex -88.9 44.45 0
      vertex -83.3788 50.7457 0
    endloop
  endfacet
  facet normal 0 0 -1
    outer loop
      vertex -88.9 -44.45 0
      vertex -84.1935 -50.5836 0
      vertex -84.5911 -50.463 0
    endloop
  endfacet
  facet normal 0 0 -1
    outer loop
      vertex -83.3788 50.7457 0
      vertex -88.9 44.45 0
      vertex -83.7888 50.678 0
    endloop
  endfacet
  facet normal 0 0 -1
    outer loop
      vertex -88.9 -44.45 0
      vertex -84.5911 -50.463 0
      vertex -84.98 -50.3166 0
    endloop
  endfacet
  facet normal 0 0 -1
    outer loop
      vertex -83.7888 50.678 0
      vertex -88.9 44.45 0
      vertex -84.1935 50.5836 0
    endloop
  endfacet
  facet normal 0 0 -1
    outer loop
      vertex -88.9 -44.45 0
      vertex -84.98 -50.3166 0
      vertex -85.3585 -50.1451 0
    endloop
  endfacet
  facet normal 0 0 -1
    outer loop
      vertex -84.1935 50.5836 0
      vertex -88.9 44.45 0
      vertex -84.5911 50.463 0
    endloop
  endfacet
  facet normal 0 0 -1
    outer loop
      vertex -88.9 -44.45 0
      vertex -85.3585 -50.1451 0
      vertex -85.725 -49.9493 0
    endloop
  endfacet
  facet normal 0 0 -1
    outer loop
      vertex -84.5911 50.463 0
      vertex -88.9 44.45 0
      vertex -84.98 50.3166 0
    endloop
  endfacet
  facet normal 0 0 -1
    outer loop
      vertex -88.9 -44.45 0
      vertex -85.725 -49.9493 0
      vertex -86.0779 -49.7298 0
    endloop
  endfacet
  facet normal 0 0 -1
    outer loop
      vertex -84.98 50.3166 0
      vertex -88.9 44.45 0
      vertex -85.3585 50.1451 0
    endloop
  endfacet
  facet normal 0 0 -1
    outer loop
      vertex -88.9 -44.45 0
      vertex -86.0779 -49.7298 0
      vertex -86.4156 -49.4878 0
    endloop
  endfacet
  facet normal 0 0 -1
    outer loop
      vertex -85.3585 50.1451 0
      vertex -88.9 44.45 0
      vertex -85.725 49.9493 0
    endloop
  endfacet
  facet normal 0 0 -1
    outer loop
      vertex -88.9 -44.45 0
      vertex -86.4156 -49.4878 0
      vertex -86.7368 -49.2242 0
    endloop
  endfacet
  facet normal 0 0 -1
    outer loop
      vertex -85.725 49.9493 0
      vertex -88.9 44.45 0
      vertex -86.0779 49.7298 0
    endloop
  endfacet
  facet normal 0 0 -1
    outer loop
      vertex -88.9 -44.45 0
      vertex -86.7368 -49.2242 0
      vertex -87.0401 -48.9401 0
    endloop
  endfacet
  facet normal 0 0 -1
    outer loop
      vertex -86.0779 49.7298 0
      vertex -88.9 44.45 0
      vertex -86.4156 49.4878 0
    endloop
  endfacet
  facet normal 0 0 -1
    outer loop
      vertex -88.9 -44.45 0
      vertex -87.0401 -48.9401 0
      vertex -87.3242 -48.6368 0
    endloop
  endfacet
  facet normal 0 0 -1
    outer loop
      vertex -86.4156 49.4878 0
      vertex -88.9 44.45 0
      vertex -86.7368 49.2242 0
    endloop
  endfacet
  facet normal 0 0 -1
    outer loop
      vertex -88.9 -44.45 0
      vertex -87.3242 -48.6368 0
      vertex -87.5878 -48.3156 0
    endloop
  endfacet
  facet normal 0 0 -1
    outer loop
      vertex -86.7368 49.2242 0
      vertex -88.9 44.45 0
      vertex -87.0401 48.9401 0
    endloop
  endfacet
  facet normal 0 0 -1
    outer loop
      vertex -88.9 -44.45 0
      vertex -87.5878 -48.3156 0
      vertex -87.8298 -47.9779 0
    endloop
  endfacet
  facet normal 0 0 -1
    outer loop
      vertex -87.0401 48.9401 0
      vertex -88.9 44.45 0
      vertex -87.3242 48.6368 0
    endloop
  endfacet
  facet normal 0 0 -1
    outer loop
      vertex -88.9 -44.45 0
      vertex -87.8298 -47.9779 0
      vertex -88.0493 -47.625 0
    endloop
  endfacet
  facet normal 0 0 -1
    outer loop
      vertex -87.3242 48.6368 0
      vertex -88.9 44.45 0
      vertex -87.5878 48.3156 0
    endloop
  endfacet
  facet normal 0 0 -1
    outer loop
      vertex -88.9 -44.45 0
      vertex -88.0493 -47.625 0
      vertex -88.2451 -47.2585 0
    endloop
  endfacet
  facet normal 0 0 -1
    outer loop
      vertex -87.5878 48.3156 0
      vertex -88.9 44.45 0
      vertex -87.8298 47.9779 0
    endloop
  endfacet
  facet normal 0 0 -1
    outer loop
      vertex -88.9 -44.45 0
      vertex -88.2451 -47.2585 0
      vertex -88.4166 -46.88 0
    endloop
  endfacet
  facet normal 0 0 -1
    outer loop
      vertex -87.8298 47.9779 0
      vertex -88.9 44.45 0
      vertex -88.0493 47.625 0
    endloop
  endfacet
  facet normal 0 0 -1
    outer loop
      vertex -88.9 -44.45 0
      vertex -88.4166 -46.88 0
      vertex -88.563 -46.4911 0
    endloop
  endfacet
  facet normal 0 0 -1
    outer loop
      vertex -88.0493 47.625 0
      vertex -88.9 44.45 0
      vertex -88.2451 47.2585 0
    endloop
  endfacet
  facet normal 0 0 -1
    outer loop
      vertex -88.9 -44.45 0
      vertex -88.563 -46.4911 0
      vertex -88.6836 -46.0935 0
    endloop
  endfacet
  facet normal 0 0 -1
    outer loop
      vertex -88.2451 47.2585 0
      vertex -88.9 44.45 0
      vertex -88.4166 46.88 0
    endloop
  endfacet
  facet normal 0 0 -1
    outer loop
      vertex -88.9 -44.45 0
      vertex -88.6836 -46.0935 0
      vertex -88.778 -45.6888 0
    endloop
  endfacet
  facet normal 0 0 -1
    outer loop
      vertex -88.4166 46.88 0
      vertex -88.9 44.45 0
      vertex -88.563 46.4911 0
    endloop
  endfacet
  facet normal 0 0 -1
    outer loop
      vertex -88.9 -44.45 0
      vertex -88.778 -45.6888 0
      vertex -88.8457 -45.2788 0
    endloop
  endfacet
  facet normal 0 0 -1
    outer loop
      vertex -88.563 46.4911 0
      vertex -88.9 44.45 0
      vertex -88.6836 46.0935 0
    endloop
  endfacet
  facet normal 0 0 -1
    outer loop
      vertex -88.9 -44.45 0
      vertex -88.8457 -45.2788 0
      vertex -88.8864 -44.8653 0
    endloop
  endfacet
  facet normal 0 0 -1
    outer loop
      vertex -88.6836 46.0935 0
      vertex -88.9 44.45 0
      vertex -88.778 45.6888 0
    endloop
  endfacet
  facet normal 0 0 -1
    outer loop
      vertex -88.778 45.6888 0
      vertex -88.9 44.45 0
      vertex -88.8457 45.2788 0
    endloop
  endfacet
  facet normal 0 0 -1
    outer loop
      vertex -88.8457 45.2788 0
      vertex -88.9 44.45 0
      vertex -88.8864 44.8653 0
    endloop
  endfacet
  facet normal 0 0 1
    outer loop
      vertex 82.55 50.8 15.875
      vertex 88.9 44.45 15.875
      vertex 88.8864 44.8653 15.875
    endloop
  endfacet
  facet normal 0 0 1
    outer loop
      vertex 88.9 44.45 15.875
      vertex 82.923 28.0035 15.875
      vertex 88.9 -44.45 15.875
    endloop
  endfacet
  facet normal 0 0 1
    outer loop
      vertex 82.55 50.8 15.875
      vertex 88.8864 44.8653 15.875
      vertex 88.8457 45.2788 15.875
    endloop
  endfacet
  facet normal -0 0 1
    outer loop
      vertex 82.923 -28.0035 15.875
      vertex 88.9 -44.45 15.875
      vertex 82.923 28.0035 15.875
    endloop
  endfacet
  facet normal 0 0 1
    outer loop
      vertex 82.55 50.8 15.875
      vertex 88.8457 45.2788 15.875
      vertex 88.778 45.6888 15.875
    endloop
  endfacet
  facet normal -0 0 1
    outer loop
      vertex 82.9082 -28.4562 15.875
      vertex 88.9 -44.45 15.875
      vertex 82.923 -28.0035 15.875
    endloop
  endfacet
  facet normal 0 0 1
    outer loop
      vertex 82.55 50.8 15.875
      vertex 88.778 45.6888 15.875
      vertex 88.6836 46.0935 15.875
    endloop
  endfacet
  facet normal -0 0 1
    outer loop
      vertex 82.8638 -28.9069 15.875
      vertex 88.9 -44.45 15.875
      vertex 82.9082 -28.4562 15.875
    endloop
  endfacet
  facet normal 0 0 1
    outer loop
      vertex 82.55 50.8 15.875
      vertex 88.6836 46.0935 15.875
      vertex 88.563 46.4911 15.875
    endloop
  endfacet
  facet normal -0 0 1
    outer loop
      vertex 82.7901 -29.3538 15.875
      vertex 88.9 -44.45 15.875
      vertex 82.8638 -28.9069 15.875
    endloop
  endfacet
  facet normal 0 0 1
    outer loop
      vertex 82.55 50.8 15.875
      vertex 88.563 46.4911 15.875
      vertex 88.4166 46.88 15.875
    endloop
  endfacet
  facet normal -0 0 1
    outer loop
      vertex 82.6872 -29.7949 15.875
      vertex 88.9 -44.45 15.875
      vertex 82.7901 -29.3538 15.875
    endloop
  endfacet
  facet normal 0 0 1
    outer loop
      vertex 82.55 50.8 15.875
      vertex 88.4166 46.88 15.875
      vertex 88.2451 47.2585 15.875
    endloop
  endfacet
  facet normal -0 0 1
    outer loop
      vertex 82.5557 -30.2283 15.875
      vertex 88.9 -44.45 15.875
      vertex 82.6872 -29.7949 15.875
    endloop
  endfacet
  facet normal 0 0 1
    outer loop
      vertex 82.55 50.8 15.875
      vertex 88.2451 47.2585 15.875
      vertex 88.0493 47.625 15.875
    endloop
  endfacet
  facet normal -0 0 1
    outer loop
      vertex 82.3962 -30.6522 15.875
      vertex 88.9 -44.45 15.875
      vertex 82.5557 -30.2283 15.875
    endloop
  endfacet
  facet normal 0 0 1
    outer loop
      vertex 82.55 50.8 15.875
      vertex 88.0493 47.625 15.875
      vertex 87.8298 47.9779 15.875
    endloop
  endfacet
  facet normal -0 0 1
    outer loop
      vertex 82.2093 -31.0648 15.875
      vertex 88.9 -44.45 15.875
      vertex 82.3962 -30.6522 15.875
    endloop
  endfacet
  facet normal 0 0 1
    outer loop
      vertex 82.55 50.8 15.875
      vertex 87.8298 47.9779 15.875
      vertex 87.5878 48.3156 15.875
    endloop
  endfacet
  facet normal -0 0 1
    outer loop
      vertex 81.9957 -31.4642 15.875
      vertex 88.9 -44.45 15.875
      vertex 82.2093 -31.0648 15.875
    endloop
  endfacet
  facet normal 0 0 1
    outer loop
      vertex 82.55 50.8 15.875
      vertex 87.5878 48.3156 15.875
      vertex 87.3242 48.6368 15.875
    endloop
  endfacet
  facet normal -0 0 1
    outer loop
      vertex 81.7566 -31.8489 15.875
      vertex 88.9 -44.45 15.875
      vertex 81.9957 -31.4642 15.875
    endloop
  endfacet
  facet normal 0 0 1
    outer loop
      vertex 82.55 50.8 15.875
      vertex 87.3242 48.6368 15.875
      vertex 87.0401 48.9401 15.875
    endloop
  endfacet
  facet normal -0 0 1
    outer loop
      vertex 81.4928 -32.217 15.875
      vertex 88.9 -44.45 15.875
      vertex 81.7566 -31.8489 15.875
    endloop
  endfacet
  facet normal 0 0 1
    outer loop
      vertex 82.55 50.8 15.875
      vertex 87.0401 48.9401 15.875
      vertex 86.7368 49.2242 15.875
    endloop
  endfacet
  facet normal -0 0 1
    outer loop
      vertex 81.2054 -32.5672 15.875
      vertex 88.9 -44.45 15.875
      vertex 81.4928 -32.217 15.875
    endloop
  endfacet
  facet normal 0 0 1
    outer loop
      vertex 82.55 50.8 15.875
      vertex 86.7368 49.2242 15.875
      vertex 86.4156 49.4878 15.875
    endloop
  endfacet
  facet normal -0 0 1
    outer loop
      vertex 80.8958 -32.8977 15.875
      vertex 88.9 -44.45 15.875
      vertex 81.2054 -32.5672 15.875
    endloop
  endfacet
  facet normal 0 0 1
    outer loop
      vertex 82.55 50.8 15.875
      vertex 86.4156 49.4878 15.875
      vertex 86.0779 49.7298 15.875
    endloop
  endfacet
  facet normal -0 0 1
    outer loop
      vertex 80.5652 -33.2073 15.875
      vertex 88.9 -44.45 15.875
      vertex 80.8958 -32.8977 15.875
    endloop
  endfacet
  facet normal 0 0 1
    outer loop
      vertex 82.55 50.8 15.875
      vertex 86.0779 49.7298 15.875
      vertex 85.725 49.9493 15.875
    endloop
  endfacet
  facet normal -0 0 1
    outer loop
      vertex 80.2151 -33.4947 15.875
      vertex 88.9 -44.45 15.875
      vertex 80.5652 -33.2073 15.875
    endloop
  endfacet
  facet normal 0 0 1
    outer loop
      vertex 82.55 50.8 15.875
      vertex 85.725 49.9493 15.875
      vertex 85.3585 50.1451 15.875
    endloop
  endfacet
  facet normal -0 0 1
    outer loop
      vertex 79.8469 -33.7585 15.875
      vertex 88.9 -44.45 15.875
      vertex 80.2151 -33.4947 15.875
    endloop
  endfacet
  facet normal 0 0 1
    outer loop
      vertex 82.55 50.8 15.875
      vertex 85.3585 50.1451 15.875
      vertex 84.98 50.3166 15.875
    endloop
  endfacet
  facet normal -0 0 1
    outer loop
      vertex 79.4623 -33.9977 15.875
      vertex 88.9 -44.45 15.875
      vertex 79.8469 -33.7585 15.875
    endloop
  endfacet
  facet normal 0 0 1
    outer loop
      vertex 82.55 50.8 15.875
      vertex 84.98 50.3166 15.875
      vertex 84.5911 50.463 15.875
    endloop
  endfacet
  facet normal -0 0 1
    outer loop
      vertex 79.0629 -34.2112 15.875
      vertex 88.9 -44.45 15.875
      vertex 79.4623 -33.9977 15.875
    endloop
  endfacet
  facet normal 0 0 1
    outer loop
      vertex 82.55 50.8 15.875
      vertex 84.5911 50.463 15.875
      vertex 84.1935 50.5836 15.875
    endloop
  endfacet
  facet normal -0 0 1
    outer loop
      vertex 78.6503 -34.3981 15.875
      vertex 88.9 -44.45 15.875
      vertex 79.0629 -34.2112 15.875
    endloop
  endfacet
  facet normal 0 0 1
    outer loop
      vertex 82.55 50.8 15.875
      vertex 84.1935 50.5836 15.875
      vertex 83.7888 50.678 15.875
    endloop
  endfacet
  facet normal -0 0 1
    outer loop
      vertex 78.2264 -34.5577 15.875
      vertex 88.9 -44.45 15.875
      vertex 78.6503 -34.3981 15.875
    endloop
  endfacet
  facet normal 0 0 1
    outer loop
      vertex 82.55 50.8 15.875
      vertex 83.7888 50.678 15.875
      vertex 83.3788 50.7457 15.875
    endloop
  endfacet
  facet normal 0 -0 1
    outer loop
      vertex 82.55 -50.8 15.875
      vertex 88.9 -44.45 15.875
      vertex 78.2264 -34.5577 15.875
    endloop
  endfacet
  facet normal 0 0 1
    outer loop
      vertex 82.55 50.8 15.875
      vertex 83.3788 50.7457 15.875
      vertex 82.9653 50.7864 15.875
    endloop
  endfacet
  facet normal 0 0 1
    outer loop
      vertex 88.9 -44.45 15.875
      vertex 82.55 -50.8 15.875
      vertex 88.8864 -44.8653 15.875
    endloop
  endfacet
  facet normal 0 0 1
    outer loop
      vertex 88.8864 -44.8653 15.875
      vertex 82.55 -50.8 15.875
      vertex 88.8457 -45.2788 15.875
    endloop
  endfacet
  facet normal 0 0 1
    outer loop
      vertex 88.9 44.45 15.875
      vertex 82.9082 28.4562 15.875
      vertex 82.923 28.0035 15.875
    endloop
  endfacet
  facet normal 0 0 1
    outer loop
      vertex 88.9 44.45 15.875
      vertex 82.8638 28.9069 15.875
      vertex 82.9082 28.4562 15.875
    endloop
  endfacet
  facet normal 0 0 1
    outer loop
      vertex 88.9 44.45 15.875
      vertex 82.7901 29.3538 15.875
      vertex 82.8638 28.9069 15.875
    endloop
  endfacet
  facet normal 0 0 1
    outer loop
      vertex 88.9 44.45 15.875
      vertex 82.6872 29.7949 15.875
      vertex 82.7901 29.3538 15.875
    endloop
  endfacet
  facet normal 0 0 1
    outer loop
      vertex 88.9 44.45 15.875
      vertex 82.5557 30.2283 15.875
      vertex 82.6872 29.7949 15.875
    endloop
  endfacet
  facet normal 0 0 1
    outer loop
      vertex 88.9 44.45 15.875
      vertex 82.55 50.8 15.875
      vertex 78.2264 34.5577 15.875
    endloop
  endfacet
  facet normal 0 0 1
    outer loop
      vertex 88.9 44.45 15.875
      vertex 82.3962 30.6522 15.875
      vertex 82.5557 30.2283 15.875
    endloop
  endfacet
  facet normal 0 0 1
    outer loop
      vertex 88.9 44.45 15.875
      vertex 82.2093 31.0648 15.875
      vertex 82.3962 30.6522 15.875
    endloop
  endfacet
  facet normal 0 0 1
    outer loop
      vertex 88.9 44.45 15.875
      vertex 81.9957 31.4642 15.875
      vertex 82.2093 31.0648 15.875
    endloop
  endfacet
  facet normal 0 0 1
    outer loop
      vertex 88.9 44.45 15.875
      vertex 81.7566 31.8489 15.875
      vertex 81.9957 31.4642 15.875
    endloop
  endfacet
  facet normal 0 0 1
    outer loop
      vertex 88.9 44.45 15.875
      vertex 81.4928 32.217 15.875
      vertex 81.7566 31.8489 15.875
    endloop
  endfacet
  facet normal 0 0 1
    outer loop
      vertex 88.9 44.45 15.875
      vertex 81.2054 32.5672 15.875
      vertex 81.4928 32.217 15.875
    endloop
  endfacet
  facet normal 0 0 1
    outer loop
      vertex 88.9 44.45 15.875
      vertex 80.8958 32.8977 15.875
      vertex 81.2054 32.5672 15.875
    endloop
  endfacet
  facet normal 0 0 1
    outer loop
      vertex 88.9 44.45 15.875
      vertex 80.5652 33.2073 15.875
      vertex 80.8958 32.8977 15.875
    endloop
  endfacet
  facet normal 0 0 1
    outer loop
      vertex 88.9 44.45 15.875
      vertex 80.2151 33.4947 15.875
      vertex 80.5652 33.2073 15.875
    endloop
  endfacet
  facet normal 0 0 1
    outer loop
      vertex 88.9 44.45 15.875
      vertex 79.8469 33.7585 15.875
      vertex 80.2151 33.4947 15.875
    endloop
  endfacet
  facet normal 0 0 1
    outer loop
      vertex 88.9 44.45 15.875
      vertex 79.4623 33.9977 15.875
      vertex 79.8469 33.7585 15.875
    endloop
  endfacet
  facet normal 0 0 1
    outer loop
      vertex 88.9 44.45 15.875
      vertex 79.0629 34.2112 15.875
      vertex 79.4623 33.9977 15.875
    endloop
  endfacet
  facet normal 0 0 1
    outer loop
      vertex 88.9 44.45 15.875
      vertex 78.6503 34.3981 15.875
      vertex 79.0629 34.2112 15.875
    endloop
  endfacet
  facet normal 0 0 1
    outer loop
      vertex 88.9 44.45 15.875
      vertex 78.2264 34.5577 15.875
      vertex 78.6503 34.3981 15.875
    endloop
  endfacet
  facet normal 0 0 1
    outer loop
      vertex 82.55 50.8 15.875
      vertex 77.793 34.6891 15.875
      vertex 78.2264 34.5577 15.875
    endloop
  endfacet
  facet normal 0 0 1
    outer loop
      vertex 82.55 50.8 15.875
      vertex 77.3519 34.792 15.875
      vertex 77.793 34.6891 15.875
    endloop
  endfacet
  facet normal 0 0 1
    outer loop
      vertex 82.55 50.8 15.875
      vertex 76.905 34.8658 15.875
      vertex 77.3519 34.792 15.875
    endloop
  endfacet
  facet normal 0 0 1
    outer loop
      vertex 82.55 50.8 15.875
      vertex 76.4542 34.9102 15.875
      vertex 76.905 34.8658 15.875
    endloop
  endfacet
  facet normal 0 0 1
    outer loop
      vertex 82.55 50.8 15.875
      vertex 76.0016 34.925 15.875
      vertex 76.4542 34.9102 15.875
    endloop
  endfacet
  facet normal 0 0 1
    outer loop
      vertex 82.55 50.8 15.875
      vertex 75.5489 34.9102 15.875
      vertex 76.0016 34.925 15.875
    endloop
  endfacet
  facet normal 0 0 1
    outer loop
      vertex 82.55 50.8 15.875
      vertex 75.0981 34.8658 15.875
      vertex 75.5489 34.9102 15.875
    endloop
  endfacet
  facet normal 0 0 1
    outer loop
      vertex 82.55 50.8 15.875
      vertex 74.6512 34.792 15.875
      vertex 75.0981 34.8658 15.875
    endloop
  endfacet
  facet normal 0 0 1
    outer loop
      vertex 82.55 50.8 15.875
      vertex 74.2101 34.6891 15.875
      vertex 74.6512 34.792 15.875
    endloop
  endfacet
  facet normal 0 0 1
    outer loop
      vertex 82.55 50.8 15.875
      vertex 73.7767 34.5577 15.875
      vertex 74.2101 34.6891 15.875
    endloop
  endfacet
  facet normal 0 0 1
    outer loop
      vertex 82.55 50.8 15.875
      vertex 73.3528 34.3981 15.875
      vertex 73.7767 34.5577 15.875
    endloop
  endfacet
  facet normal 0 0 1
    outer loop
      vertex 82.55 50.8 15.875
      vertex 72.9402 34.2112 15.875
      vertex 73.3528 34.3981 15.875
    endloop
  endfacet
  facet normal 0 0 1
    outer loop
      vertex 82.55 50.8 15.875
      vertex 72.5408 33.9977 15.875
      vertex 72.9402 34.2112 15.875
    endloop
  endfacet
  facet normal 0 0 1
    outer loop
      vertex 82.55 50.8 15.875
      vertex 72.1562 33.7585 15.875
      vertex 72.5408 33.9977 15.875
    endloop
  endfacet
  facet normal 0 0 1
    outer loop
      vertex 82.55 50.8 15.875
      vertex 71.788 33.4947 15.875
      vertex 72.1562 33.7585 15.875
    endloop
  endfacet
  facet normal 0 0 1
    outer loop
      vertex 82.55 50.8 15.875
      vertex 71.4379 33.2073 15.875
      vertex 71.788 33.4947 15.875
    endloop
  endfacet
  facet normal 0 0 1
    outer loop
      vertex 46.6767 25.3321 15.875
      vertex 71.4379 33.2073 15.875
      vertex 82.55 50.8 15.875
    endloop
  endfacet
  facet normal 0 0 1
    outer loop
      vertex 71.4379 33.2073 15.875
      vertex 46.6767 25.3321 15.875
      vertex 71.1073 32.8977 15.875
    endloop
  endfacet
  facet normal 0 -0 1
    outer loop
      vertex 47.1891 25.2475 15.875
      vertex 71.1073 32.8977 15.875
      vertex 46.6767 25.3321 15.875
    endloop
  endfacet
  facet normal 0 0 1
    outer loop
      vertex 71.1073 32.8977 15.875
      vertex 47.1891 25.2475 15.875
      vertex 70.7977 32.5672 15.875
    endloop
  endfacet
  facet normal 0 0 1
    outer loop
      vertex 69.0801 28.0035 15.875
      vertex 53.5781 17.4625 15.875
      vertex 69.0801 -28.0035 15.875
    endloop
  endfacet
  facet normal 0 0 1
    outer loop
      vertex 51.9379 22.2945 15.875
      vertex 69.0801 28.0035 15.875
      vertex 69.0949 28.4562 15.875
    endloop
  endfacet
  facet normal 0 0 1
    outer loop
      vertex 51.6083 22.696 15.875
      vertex 69.0949 28.4562 15.875
      vertex 69.1393 28.9069 15.875
    endloop
  endfacet
  facet normal 0 0 1
    outer loop
      vertex 51.2533 23.0751 15.875
      vertex 69.1393 28.9069 15.875
      vertex 69.2131 29.3538 15.875
    endloop
  endfacet
  facet normal 0 0 1
    outer loop
      vertex 50.8742 23.4302 15.875
      vertex 69.2131 29.3538 15.875
      vertex 69.3159 29.7949 15.875
    endloop
  endfacet
  facet normal 0 0 1
    outer loop
      vertex 50.4726 23.7597 15.875
      vertex 69.3159 29.7949 15.875
      vertex 69.4474 30.2283 15.875
    endloop
  endfacet
  facet normal 0 0 1
    outer loop
      vertex 50.0505 24.0623 15.875
      vertex 69.4474 30.2283 15.875
      vertex 69.6069 30.6522 15.875
    endloop
  endfacet
  facet normal 0 0 1
    outer loop
      vertex 49.6094 24.3366 15.875
      vertex 69.6069 30.6522 15.875
      vertex 69.7939 31.0648 15.875
    endloop
  endfacet
  facet normal 0 0 1
    outer loop
      vertex 49.1513 24.5814 15.875
      vertex 69.7939 31.0648 15.875
      vertex 70.0074 31.4642 15.875
    endloop
  endfacet
  facet normal 0 0 1
    outer loop
      vertex 48.6782 24.7958 15.875
      vertex 70.0074 31.4642 15.875
      vertex 70.2465 31.8489 15.875
    endloop
  endfacet
  facet normal 0 -0 1
    outer loop
      vertex 47.695 25.1295 15.875
      vertex 70.7977 32.5672 15.875
      vertex 47.1891 25.2475 15.875
    endloop
  endfacet
  facet normal 0 0 1
    outer loop
      vertex 69.0801 28.0035 15.875
      vertex 53.5611 17.9816 15.875
      vertex 53.5781 17.4625 15.875
    endloop
  endfacet
  facet normal 0 0 1
    outer loop
      vertex 69.0801 28.0035 15.875
      vertex 53.5102 18.4985 15.875
      vertex 53.5611 17.9816 15.875
    endloop
  endfacet
  facet normal 0 0 1
    outer loop
      vertex 69.0801 28.0035 15.875
      vertex 53.4256 19.011 15.875
      vertex 53.5102 18.4985 15.875
    endloop
  endfacet
  facet normal 0 0 1
    outer loop
      vertex 69.0801 28.0035 15.875
      vertex 53.3076 19.5169 15.875
      vertex 53.4256 19.011 15.875
    endloop
  endfacet
  facet normal 0 0 1
    outer loop
      vertex 69.0801 28.0035 15.875
      vertex 53.1569 20.0139 15.875
      vertex 53.3076 19.5169 15.875
    endloop
  endfacet
  facet normal 0 0 1
    outer loop
      vertex 69.0801 28.0035 15.875
      vertex 52.9739 20.5 15.875
      vertex 53.1569 20.0139 15.875
    endloop
  endfacet
  facet normal 0 0 1
    outer loop
      vertex 69.0801 28.0035 15.875
      vertex 52.7595 20.9732 15.875
      vertex 52.9739 20.5 15.875
    endloop
  endfacet
  facet normal 0 0 1
    outer loop
      vertex 69.0801 28.0035 15.875
      vertex 52.5147 21.4312 15.875
      vertex 52.7595 20.9732 15.875
    endloop
  endfacet
  facet normal 0 0 1
    outer loop
      vertex 69.0801 28.0035 15.875
      vertex 52.2404 21.8723 15.875
      vertex 52.5147 21.4312 15.875
    endloop
  endfacet
  facet normal 0 0 1
    outer loop
      vertex 69.0801 28.0035 15.875
      vertex 51.9379 22.2945 15.875
      vertex 52.2404 21.8723 15.875
    endloop
  endfacet
  facet normal 0 0 1
    outer loop
      vertex 69.0949 28.4562 15.875
      vertex 51.6083 22.696 15.875
      vertex 51.9379 22.2945 15.875
    endloop
  endfacet
  facet normal 0 0 1
    outer loop
      vertex 69.1393 28.9069 15.875
      vertex 51.2533 23.0751 15.875
      vertex 51.6083 22.696 15.875
    endloop
  endfacet
  facet normal 0 0 1
    outer loop
      vertex 69.2131 29.3538 15.875
      vertex 50.8742 23.4302 15.875
      vertex 51.2533 23.0751 15.875
    endloop
  endfacet
  facet normal 0 0 1
    outer loop
      vertex 69.3159 29.7949 15.875
      vertex 50.4726 23.7597 15.875
      vertex 50.8742 23.4302 15.875
    endloop
  endfacet
  facet normal 0 0 1
    outer loop
      vertex 69.4474 30.2283 15.875
      vertex 50.0505 24.0623 15.875
      vertex 50.4726 23.7597 15.875
    endloop
  endfacet
  facet normal 0 0 1
    outer loop
      vertex 69.6069 30.6522 15.875
      vertex 49.6094 24.3366 15.875
      vertex 50.0505 24.0623 15.875
    endloop
  endfacet
  facet normal 0 0 1
    outer loop
      vertex 69.7939 31.0648 15.875
      vertex 49.1513 24.5814 15.875
      vertex 49.6094 24.3366 15.875
    endloop
  endfacet
  facet normal 0 0 1
    outer loop
      vertex 70.0074 31.4642 15.875
      vertex 48.6782 24.7958 15.875
      vertex 49.1513 24.5814 15.875
    endloop
  endfacet
  facet normal 0 0 1
    outer loop
      vertex 70.2465 31.8489 15.875
      vertex 48.192 24.9788 15.875
      vertex 48.6782 24.7958 15.875
    endloop
  endfacet
  facet normal 0 0 1
    outer loop
      vertex 70.5104 32.217 15.875
      vertex 48.192 24.9788 15.875
      vertex 70.2465 31.8489 15.875
    endloop
  endfacet
  facet normal 0 -0 1
    outer loop
      vertex 48.192 24.9788 15.875
      vertex 70.5104 32.217 15.875
      vertex 47.695 25.1295 15.875
    endloop
  endfacet
  facet normal 0 0 1
    outer loop
      vertex 70.7977 32.5672 15.875
      vertex 47.695 25.1295 15.875
      vertex 70.5104 32.217 15.875
    endloop
  endfacet
  facet normal 0 0 1
    outer loop
      vertex 82.55 50.8 15.875
      vertex 46.1598 25.383 15.875
      vertex 46.6767 25.3321 15.875
    endloop
  endfacet
  facet normal 0 0 1
    outer loop
      vertex 82.55 50.8 15.875
      vertex 45.6406 25.4 15.875
      vertex 46.1598 25.383 15.875
    endloop
  endfacet
  facet normal 0 0 1
    outer loop
      vertex 82.55 50.8 15.875
      vertex -45.6406 25.4 15.875
      vertex 45.6406 25.4 15.875
    endloop
  endfacet
  facet normal -0 0 1
    outer loop
      vertex -82.55 50.8 15.875
      vertex -45.6406 25.4 15.875
      vertex 82.55 50.8 15.875
    endloop
  endfacet
  facet normal 0 0 1
    outer loop
      vertex -45.6406 25.4 15.875
      vertex -82.55 50.8 15.875
      vertex -46.1598 25.383 15.875
    endloop
  endfacet
  facet normal 0 0 1
    outer loop
      vertex -46.1598 25.383 15.875
      vertex -82.55 50.8 15.875
      vertex -46.6767 25.3321 15.875
    endloop
  endfacet
  facet normal 0 0 1
    outer loop
      vertex -53.5781 17.4625 15.875
      vertex -69.0801 28.0035 15.875
      vertex -53.5781 -17.4625 15.875
    endloop
  endfacet
  facet normal 0 0 1
    outer loop
      vertex -53.5611 17.9816 15.875
      vertex -69.0801 28.0035 15.875
      vertex -53.5781 17.4625 15.875
    endloop
  endfacet
  facet normal 0 0 1
    outer loop
      vertex -53.5102 18.4985 15.875
      vertex -69.0801 28.0035 15.875
      vertex -53.5611 17.9816 15.875
    endloop
  endfacet
  facet normal 0 0 1
    outer loop
      vertex -53.4256 19.011 15.875
      vertex -69.0801 28.0035 15.875
      vertex -53.5102 18.4985 15.875
    endloop
  endfacet
  facet normal 0 0 1
    outer loop
      vertex -53.3076 19.5169 15.875
      vertex -69.0801 28.0035 15.875
      vertex -53.4256 19.011 15.875
    endloop
  endfacet
  facet normal 0 0 1
    outer loop
      vertex -53.1569 20.0139 15.875
      vertex -69.0801 28.0035 15.875
      vertex -53.3076 19.5169 15.875
    endloop
  endfacet
  facet normal 0 0 1
    outer loop
      vertex -52.9739 20.5 15.875
      vertex -69.0801 28.0035 15.875
      vertex -53.1569 20.0139 15.875
    endloop
  endfacet
  facet normal 0 0 1
    outer loop
      vertex -52.7595 20.9732 15.875
      vertex -69.0801 28.0035 15.875
      vertex -52.9739 20.5 15.875
    endloop
  endfacet
  facet normal 0 0 1
    outer loop
      vertex -52.5147 21.4312 15.875
      vertex -69.0801 28.0035 15.875
      vertex -52.7595 20.9732 15.875
    endloop
  endfacet
  facet normal 0 0 1
    outer loop
      vertex -52.2404 21.8723 15.875
      vertex -69.0801 28.0035 15.875
      vertex -52.5147 21.4312 15.875
    endloop
  endfacet
  facet normal 0 0 1
    outer loop
      vertex -51.9379 22.2945 15.875
      vertex -69.0801 28.0035 15.875
      vertex -52.2404 21.8723 15.875
    endloop
  endfacet
  facet normal 0 0 1
    outer loop
      vertex -69.0949 28.4562 15.875
      vertex -51.9379 22.2945 15.875
      vertex -51.6083 22.696 15.875
    endloop
  endfacet
  facet normal 0 0 1
    outer loop
      vertex -69.1393 28.9069 15.875
      vertex -51.6083 22.696 15.875
      vertex -51.2533 23.0751 15.875
    endloop
  endfacet
  facet normal 0 0 1
    outer loop
      vertex -69.2131 29.3538 15.875
      vertex -51.2533 23.0751 15.875
      vertex -50.8742 23.4302 15.875
    endloop
  endfacet
  facet normal 0 0 1
    outer loop
      vertex -69.3159 29.7949 15.875
      vertex -50.8742 23.4302 15.875
      vertex -50.4726 23.7597 15.875
    endloop
  endfacet
  facet normal 0 0 1
    outer loop
      vertex -69.4474 30.2283 15.875
      vertex -50.4726 23.7597 15.875
      vertex -50.0505 24.0623 15.875
    endloop
  endfacet
  facet normal 0 0 1
    outer loop
      vertex -69.6069 30.6522 15.875
      vertex -50.0505 24.0623 15.875
      vertex -49.6094 24.3366 15.875
    endloop
  endfacet
  facet normal 0 0 1
    outer loop
      vertex -69.7939 31.0648 15.875
      vertex -49.6094 24.3366 15.875
      vertex -49.1513 24.5814 15.875
    endloop
  endfacet
  facet normal 0 0 1
    outer loop
      vertex -70.0074 31.4642 15.875
      vertex -49.1513 24.5814 15.875
      vertex -48.6782 24.7958 15.875
    endloop
  endfacet
  facet normal 0 0 1
    outer loop
      vertex -70.2465 31.8489 15.875
      vertex -48.6782 24.7958 15.875
      vertex -48.192 24.9788 15.875
    endloop
  endfacet
  facet normal 0 0 1
    outer loop
      vertex -70.5104 32.217 15.875
      vertex -48.192 24.9788 15.875
      vertex -47.695 25.1295 15.875
    endloop
  endfacet
  facet normal 0 0 1
    outer loop
      vertex -70.7977 32.5672 15.875
      vertex -47.695 25.1295 15.875
      vertex -47.1891 25.2475 15.875
    endloop
  endfacet
  facet normal -0 -0 1
    outer loop
      vertex -71.4379 33.2073 15.875
      vertex -46.6767 25.3321 15.875
      vertex -82.55 50.8 15.875
    endloop
  endfacet
  facet normal 0 0 1
    outer loop
      vertex -51.9379 22.2945 15.875
      vertex -69.0949 28.4562 15.875
      vertex -69.0801 28.0035 15.875
    endloop
  endfacet
  facet normal 0 0 1
    outer loop
      vertex -51.6083 22.696 15.875
      vertex -69.1393 28.9069 15.875
      vertex -69.0949 28.4562 15.875
    endloop
  endfacet
  facet normal 0 0 1
    outer loop
      vertex -51.2533 23.0751 15.875
      vertex -69.2131 29.3538 15.875
      vertex -69.1393 28.9069 15.875
    endloop
  endfacet
  facet normal 0 0 1
    outer loop
      vertex -50.8742 23.4302 15.875
      vertex -69.3159 29.7949 15.875
      vertex -69.2131 29.3538 15.875
    endloop
  endfacet
  facet normal 0 0 1
    outer loop
      vertex -50.4726 23.7597 15.875
      vertex -69.4474 30.2283 15.875
      vertex -69.3159 29.7949 15.875
    endloop
  endfacet
  facet normal 0 0 1
    outer loop
      vertex -50.0505 24.0623 15.875
      vertex -69.6069 30.6522 15.875
      vertex -69.4474 30.2283 15.875
    endloop
  endfacet
  facet normal 0 0 1
    outer loop
      vertex -49.6094 24.3366 15.875
      vertex -69.7939 31.0648 15.875
      vertex -69.6069 30.6522 15.875
    endloop
  endfacet
  facet normal 0 0 1
    outer loop
      vertex -49.1513 24.5814 15.875
      vertex -70.0074 31.4642 15.875
      vertex -69.7939 31.0648 15.875
    endloop
  endfacet
  facet normal 0 0 1
    outer loop
      vertex -48.6782 24.7958 15.875
      vertex -70.2465 31.8489 15.875
      vertex -70.0074 31.4642 15.875
    endloop
  endfacet
  facet normal 0 0 1
    outer loop
      vertex -48.192 24.9788 15.875
      vertex -70.5104 32.217 15.875
      vertex -70.2465 31.8489 15.875
    endloop
  endfacet
  facet normal 0 0 1
    outer loop
      vertex -47.695 25.1295 15.875
      vertex -70.7977 32.5672 15.875
      vertex -70.5104 32.217 15.875
    endloop
  endfacet
  facet normal -0 -0 1
    outer loop
      vertex -71.1073 32.8977 15.875
      vertex -46.6767 25.3321 15.875
      vertex -71.4379 33.2073 15.875
    endloop
  endfacet
  facet normal 0 0 1
    outer loop
      vertex -47.1891 25.2475 15.875
      vertex -71.1073 32.8977 15.875
      vertex -70.7977 32.5672 15.875
    endloop
  endfacet
  facet normal 0 0 1
    outer loop
      vertex -46.6767 25.3321 15.875
      vertex -71.1073 32.8977 15.875
      vertex -47.1891 25.2475 15.875
    endloop
  endfacet
  facet normal 0 0 1
    outer loop
      vertex -71.4379 33.2073 15.875
      vertex -82.55 50.8 15.875
      vertex -71.788 33.4947 15.875
    endloop
  endfacet
  facet normal 0 0 1
    outer loop
      vertex -71.788 33.4947 15.875
      vertex -82.55 50.8 15.875
      vertex -72.1562 33.7585 15.875
    endloop
  endfacet
  facet normal 0 0 1
    outer loop
      vertex -72.1562 33.7585 15.875
      vertex -82.55 50.8 15.875
      vertex -72.5408 33.9977 15.875
    endloop
  endfacet
  facet normal 0 0 1
    outer loop
      vertex -72.5408 33.9977 15.875
      vertex -82.55 50.8 15.875
      vertex -72.9402 34.2112 15.875
    endloop
  endfacet
  facet normal 0 0 1
    outer loop
      vertex -72.9402 34.2112 15.875
      vertex -82.55 50.8 15.875
      vertex -73.3528 34.3981 15.875
    endloop
  endfacet
  facet normal 0 0 1
    outer loop
      vertex -73.3528 34.3981 15.875
      vertex -82.55 50.8 15.875
      vertex -73.7767 34.5577 15.875
    endloop
  endfacet
  facet normal 0 0 1
    outer loop
      vertex -73.7767 34.5577 15.875
      vertex -82.55 50.8 15.875
      vertex -74.2101 34.6891 15.875
    endloop
  endfacet
  facet normal 0 0 1
    outer loop
      vertex -74.2101 34.6891 15.875
      vertex -82.55 50.8 15.875
      vertex -74.6512 34.792 15.875
    endloop
  endfacet
  facet normal 0 0 1
    outer loop
      vertex -74.6512 34.792 15.875
      vertex -82.55 50.8 15.875
      vertex -75.0981 34.8658 15.875
    endloop
  endfacet
  facet normal 0 0 1
    outer loop
      vertex -75.0981 34.8658 15.875
      vertex -82.55 50.8 15.875
      vertex -75.5489 34.9102 15.875
    endloop
  endfacet
  facet normal 0 0 1
    outer loop
      vertex -75.5489 34.9102 15.875
      vertex -82.55 50.8 15.875
      vertex -76.0016 34.925 15.875
    endloop
  endfacet
  facet normal 0 0 1
    outer loop
      vertex -76.0016 34.925 15.875
      vertex -82.55 50.8 15.875
      vertex -76.4542 34.9102 15.875
    endloop
  endfacet
  facet normal 0 0 1
    outer loop
      vertex -76.4542 34.9102 15.875
      vertex -82.55 50.8 15.875
      vertex -76.905 34.8658 15.875
    endloop
  endfacet
  facet normal 0 0 1
    outer loop
      vertex -82.55 50.8 15.875
      vertex -77.3519 34.792 15.875
      vertex -76.905 34.8658 15.875
    endloop
  endfacet
  facet normal 0 0 1
    outer loop
      vertex -82.55 50.8 15.875
      vertex -77.793 34.6891 15.875
      vertex -77.3519 34.792 15.875
    endloop
  endfacet
  facet normal 0 0 1
    outer loop
      vertex -82.55 50.8 15.875
      vertex -78.2264 34.5577 15.875
      vertex -77.793 34.6891 15.875
    endloop
  endfacet
  facet normal -0 0 1
    outer loop
      vertex -88.9 44.45 15.875
      vertex -78.2264 34.5577 15.875
      vertex -82.55 50.8 15.875
    endloop
  endfacet
  facet normal 0 0 1
    outer loop
      vertex -78.2264 34.5577 15.875
      vertex -88.9 44.45 15.875
      vertex -78.6503 34.3981 15.875
    endloop
  endfacet
  facet normal 0 0 1
    outer loop
      vertex -78.6503 34.3981 15.875
      vertex -88.9 44.45 15.875
      vertex -79.0629 34.2112 15.875
    endloop
  endfacet
  facet normal 0 0 1
    outer loop
      vertex -79.0629 34.2112 15.875
      vertex -88.9 44.45 15.875
      vertex -79.4623 33.9977 15.875
    endloop
  endfacet
  facet normal 0 0 1
    outer loop
      vertex -79.4623 33.9977 15.875
      vertex -88.9 44.45 15.875
      vertex -79.8469 33.7585 15.875
    endloop
  endfacet
  facet normal 0 0 1
    outer loop
      vertex -79.8469 33.7585 15.875
      vertex -88.9 44.45 15.875
      vertex -80.2151 33.4947 15.875
    endloop
  endfacet
  facet normal 0 0 1
    outer loop
      vertex -80.2151 33.4947 15.875
      vertex -88.9 44.45 15.875
      vertex -80.5652 33.2073 15.875
    endloop
  endfacet
  facet normal 0 0 1
    outer loop
      vertex -80.5652 33.2073 15.875
      vertex -88.9 44.45 15.875
      vertex -80.8958 32.8977 15.875
    endloop
  endfacet
  facet normal 0 0 1
    outer loop
      vertex -80.8958 32.8977 15.875
      vertex -88.9 44.45 15.875
      vertex -81.2054 32.5672 15.875
    endloop
  endfacet
  facet normal 0 0 1
    outer loop
      vertex -81.2054 32.5672 15.875
      vertex -88.9 44.45 15.875
      vertex -81.4928 32.217 15.875
    endloop
  endfacet
  facet normal 0 0 1
    outer loop
      vertex -81.4928 32.217 15.875
      vertex -88.9 44.45 15.875
      vertex -81.7566 31.8489 15.875
    endloop
  endfacet
  facet normal 0 0 1
    outer loop
      vertex -81.7566 31.8489 15.875
      vertex -88.9 44.45 15.875
      vertex -81.9957 31.4642 15.875
    endloop
  endfacet
  facet normal 0 0 1
    outer loop
      vertex -81.9957 31.4642 15.875
      vertex -88.9 44.45 15.875
      vertex -82.2093 31.0648 15.875
    endloop
  endfacet
  facet normal 0 0 1
    outer loop
      vertex -82.2093 31.0648 15.875
      vertex -88.9 44.45 15.875
      vertex -82.3962 30.6522 15.875
    endloop
  endfacet
  facet normal 0 0 1
    outer loop
      vertex -82.3962 30.6522 15.875
      vertex -88.9 44.45 15.875
      vertex -82.5557 30.2283 15.875
    endloop
  endfacet
  facet normal 0 0 1
    outer loop
      vertex -82.5557 30.2283 15.875
      vertex -88.9 44.45 15.875
      vertex -82.6872 29.7949 15.875
    endloop
  endfacet
  facet normal 0 0 1
    outer loop
      vertex -82.6872 29.7949 15.875
      vertex -88.9 44.45 15.875
      vertex -82.7901 29.3538 15.875
    endloop
  endfacet
  facet normal 0 0 1
    outer loop
      vertex -82.7901 29.3538 15.875
      vertex -88.9 44.45 15.875
      vertex -82.8638 28.9069 15.875
    endloop
  endfacet
  facet normal 0 0 1
    outer loop
      vertex -82.8638 28.9069 15.875
      vertex -88.9 44.45 15.875
      vertex -82.9082 28.4562 15.875
    endloop
  endfacet
  facet normal 0 0 1
    outer loop
      vertex -82.9082 28.4562 15.875
      vertex -88.9 44.45 15.875
      vertex -82.923 28.0035 15.875
    endloop
  endfacet
  facet normal 0 0 1
    outer loop
      vertex -88.9 44.45 15.875
      vertex -82.55 50.8 15.875
      vertex -82.9653 50.7864 15.875
    endloop
  endfacet
  facet normal 0 0 1
    outer loop
      vertex 88.8457 -45.2788 15.875
      vertex 82.55 -50.8 15.875
      vertex 88.778 -45.6888 15.875
    endloop
  endfacet
  facet normal 0 0 1
    outer loop
      vertex 88.778 -45.6888 15.875
      vertex 82.55 -50.8 15.875
      vertex 88.6836 -46.0935 15.875
    endloop
  endfacet
  facet normal 0 0 1
    outer loop
      vertex 88.6836 -46.0935 15.875
      vertex 82.55 -50.8 15.875
      vertex 88.563 -46.4911 15.875
    endloop
  endfacet
  facet normal 0 0 1
    outer loop
      vertex 88.563 -46.4911 15.875
      vertex 82.55 -50.8 15.875
      vertex 88.4166 -46.88 15.875
    endloop
  endfacet
  facet normal 0 0 1
    outer loop
      vertex 88.2451 -47.2585 15.875
      vertex 82.55 -50.8 15.875
      vertex 88.0493 -47.625 15.875
    endloop
  endfacet
  facet normal 0 0 1
    outer loop
      vertex 88.0493 -47.625 15.875
      vertex 82.55 -50.8 15.875
      vertex 87.8298 -47.9779 15.875
    endloop
  endfacet
  facet normal 0 0 1
    outer loop
      vertex 87.8298 -47.9779 15.875
      vertex 82.55 -50.8 15.875
      vertex 87.5878 -48.3156 15.875
    endloop
  endfacet
  facet normal 0 0 1
    outer loop
      vertex 87.5878 -48.3156 15.875
      vertex 82.55 -50.8 15.875
      vertex 87.3242 -48.6368 15.875
    endloop
  endfacet
  facet normal 0 0 1
    outer loop
      vertex 87.3242 -48.6368 15.875
      vertex 82.55 -50.8 15.875
      vertex 87.0401 -48.9401 15.875
    endloop
  endfacet
  facet normal 0 0 1
    outer loop
      vertex 87.0401 -48.9401 15.875
      vertex 82.55 -50.8 15.875
      vertex 86.7368 -49.2242 15.875
    endloop
  endfacet
  facet normal 0 0 1
    outer loop
      vertex 86.7368 -49.2242 15.875
      vertex 82.55 -50.8 15.875
      vertex 86.4156 -49.4878 15.875
    endloop
  endfacet
  facet normal 0 0 1
    outer loop
      vertex 86.4156 -49.4878 15.875
      vertex 82.55 -50.8 15.875
      vertex 86.0779 -49.7298 15.875
    endloop
  endfacet
  facet normal 0 0 1
    outer loop
      vertex 86.0779 -49.7298 15.875
      vertex 82.55 -50.8 15.875
      vertex 85.725 -49.9493 15.875
    endloop
  endfacet
  facet normal 0 0 1
    outer loop
      vertex 85.725 -49.9493 15.875
      vertex 82.55 -50.8 15.875
      vertex 85.3585 -50.1451 15.875
    endloop
  endfacet
  facet normal 0 0 1
    outer loop
      vertex 85.3585 -50.1451 15.875
      vertex 82.55 -50.8 15.875
      vertex 84.98 -50.3166 15.875
    endloop
  endfacet
  facet normal 0 0 1
    outer loop
      vertex 84.98 -50.3166 15.875
      vertex 82.55 -50.8 15.875
      vertex 84.5911 -50.463 15.875
    endloop
  endfacet
  facet normal 0 0 1
    outer loop
      vertex 84.5911 -50.463 15.875
      vertex 82.55 -50.8 15.875
      vertex 84.1935 -50.5836 15.875
    endloop
  endfacet
  facet normal 0 0 1
    outer loop
      vertex 83.7888 -50.678 15.875
      vertex 82.55 -50.8 15.875
      vertex 83.3788 -50.7457 15.875
    endloop
  endfacet
  facet normal 0 0 1
    outer loop
      vertex 83.3788 -50.7457 15.875
      vertex 82.55 -50.8 15.875
      vertex 82.9653 -50.7864 15.875
    endloop
  endfacet
  facet normal 0 0 1
    outer loop
      vertex 84.1935 -50.5836 15.875
      vertex 82.55 -50.8 15.875
      vertex 83.7888 -50.678 15.875
    endloop
  endfacet
  facet normal 0 0 1
    outer loop
      vertex 88.4166 -46.88 15.875
      vertex 82.55 -50.8 15.875
      vertex 88.2451 -47.2585 15.875
    endloop
  endfacet
  facet normal -0 0 1
    outer loop
      vertex 77.793 -34.6891 15.875
      vertex 82.55 -50.8 15.875
      vertex 78.2264 -34.5577 15.875
    endloop
  endfacet
  facet normal -0 0 1
    outer loop
      vertex 77.3519 -34.792 15.875
      vertex 82.55 -50.8 15.875
      vertex 77.793 -34.6891 15.875
    endloop
  endfacet
  facet normal -0 0 1
    outer loop
      vertex 76.905 -34.8658 15.875
      vertex 82.55 -50.8 15.875
      vertex 77.3519 -34.792 15.875
    endloop
  endfacet
  facet normal -0 0 1
    outer loop
      vertex 76.4542 -34.9102 15.875
      vertex 82.55 -50.8 15.875
      vertex 76.905 -34.8658 15.875
    endloop
  endfacet
  facet normal -0 0 1
    outer loop
      vertex 76.0016 -34.925 15.875
      vertex 82.55 -50.8 15.875
      vertex 76.4542 -34.9102 15.875
    endloop
  endfacet
  facet normal 0 0 1
    outer loop
      vertex 75.5489 -34.9102 15.875
      vertex 82.55 -50.8 15.875
      vertex 76.0016 -34.925 15.875
    endloop
  endfacet
  facet normal 0 0 1
    outer loop
      vertex 75.0981 -34.8658 15.875
      vertex 82.55 -50.8 15.875
      vertex 75.5489 -34.9102 15.875
    endloop
  endfacet
  facet normal 0 0 1
    outer loop
      vertex 74.6512 -34.792 15.875
      vertex 82.55 -50.8 15.875
      vertex 75.0981 -34.8658 15.875
    endloop
  endfacet
  facet normal 0 0 1
    outer loop
      vertex 74.2101 -34.6891 15.875
      vertex 82.55 -50.8 15.875
      vertex 74.6512 -34.792 15.875
    endloop
  endfacet
  facet normal 0 0 1
    outer loop
      vertex 73.7767 -34.5577 15.875
      vertex 82.55 -50.8 15.875
      vertex 74.2101 -34.6891 15.875
    endloop
  endfacet
  facet normal 0 0 1
    outer loop
      vertex 73.3528 -34.3981 15.875
      vertex 82.55 -50.8 15.875
      vertex 73.7767 -34.5577 15.875
    endloop
  endfacet
  facet normal 0 0 1
    outer loop
      vertex 72.9402 -34.2112 15.875
      vertex 82.55 -50.8 15.875
      vertex 73.3528 -34.3981 15.875
    endloop
  endfacet
  facet normal 0 0 1
    outer loop
      vertex 72.5408 -33.9977 15.875
      vertex 82.55 -50.8 15.875
      vertex 72.9402 -34.2112 15.875
    endloop
  endfacet
  facet normal 0 0 1
    outer loop
      vertex 72.1562 -33.7585 15.875
      vertex 82.55 -50.8 15.875
      vertex 72.5408 -33.9977 15.875
    endloop
  endfacet
  facet normal 0 0 1
    outer loop
      vertex 71.788 -33.4947 15.875
      vertex 82.55 -50.8 15.875
      vertex 72.1562 -33.7585 15.875
    endloop
  endfacet
  facet normal 0 0 1
    outer loop
      vertex 71.4379 -33.2073 15.875
      vertex 82.55 -50.8 15.875
      vertex 71.788 -33.4947 15.875
    endloop
  endfacet
  facet normal 0 0 1
    outer loop
      vertex 46.6767 -25.3321 15.875
      vertex 71.4379 -33.2073 15.875
      vertex 71.1073 -32.8977 15.875
    endloop
  endfacet
  facet normal 0 0 1
    outer loop
      vertex 47.1891 -25.2475 15.875
      vertex 71.1073 -32.8977 15.875
      vertex 70.7977 -32.5672 15.875
    endloop
  endfacet
  facet normal 0 0 1
    outer loop
      vertex 47.695 -25.1295 15.875
      vertex 70.7977 -32.5672 15.875
      vertex 70.5104 -32.217 15.875
    endloop
  endfacet
  facet normal 0 0 1
    outer loop
      vertex 48.192 -24.9788 15.875
      vertex 70.5104 -32.217 15.875
      vertex 70.2465 -31.8489 15.875
    endloop
  endfacet
  facet normal -0 0 1
    outer loop
      vertex 53.5781 -17.4625 15.875
      vertex 69.0801 -28.0035 15.875
      vertex 53.5781 17.4625 15.875
    endloop
  endfacet
  facet normal -0 0 1
    outer loop
      vertex 53.5611 -17.9816 15.875
      vertex 69.0801 -28.0035 15.875
      vertex 53.5781 -17.4625 15.875
    endloop
  endfacet
  facet normal -0 0 1
    outer loop
      vertex 53.5102 -18.4985 15.875
      vertex 69.0801 -28.0035 15.875
      vertex 53.5611 -17.9816 15.875
    endloop
  endfacet
  facet normal -0 0 1
    outer loop
      vertex 53.4256 -19.011 15.875
      vertex 69.0801 -28.0035 15.875
      vertex 53.5102 -18.4985 15.875
    endloop
  endfacet
  facet normal -0 0 1
    outer loop
      vertex 53.3076 -19.5169 15.875
      vertex 69.0801 -28.0035 15.875
      vertex 53.4256 -19.011 15.875
    endloop
  endfacet
  facet normal -0 0 1
    outer loop
      vertex 53.1569 -20.0139 15.875
      vertex 69.0801 -28.0035 15.875
      vertex 53.3076 -19.5169 15.875
    endloop
  endfacet
  facet normal -0 0 1
    outer loop
      vertex 52.9739 -20.5 15.875
      vertex 69.0801 -28.0035 15.875
      vertex 53.1569 -20.0139 15.875
    endloop
  endfacet
  facet normal -0 0 1
    outer loop
      vertex 52.7595 -20.9732 15.875
      vertex 69.0801 -28.0035 15.875
      vertex 52.9739 -20.5 15.875
    endloop
  endfacet
  facet normal -0 0 1
    outer loop
      vertex 52.5147 -21.4312 15.875
      vertex 69.0801 -28.0035 15.875
      vertex 52.7595 -20.9732 15.875
    endloop
  endfacet
  facet normal -0 0 1
    outer loop
      vertex 52.2404 -21.8723 15.875
      vertex 69.0801 -28.0035 15.875
      vertex 52.5147 -21.4312 15.875
    endloop
  endfacet
  facet normal -0 0 1
    outer loop
      vertex 51.9379 -22.2945 15.875
      vertex 69.0801 -28.0035 15.875
      vertex 52.2404 -21.8723 15.875
    endloop
  endfacet
  facet normal 0 0 1
    outer loop
      vertex 69.0801 -28.0035 15.875
      vertex 51.9379 -22.2945 15.875
      vertex 69.0949 -28.4562 15.875
    endloop
  endfacet
  facet normal -0 0 1
    outer loop
      vertex 51.6083 -22.696 15.875
      vertex 69.0949 -28.4562 15.875
      vertex 51.9379 -22.2945 15.875
    endloop
  endfacet
  facet normal 0 0 1
    outer loop
      vertex 69.0949 -28.4562 15.875
      vertex 51.6083 -22.696 15.875
      vertex 69.1393 -28.9069 15.875
    endloop
  endfacet
  facet normal -0 0 1
    outer loop
      vertex 51.2533 -23.0751 15.875
      vertex 69.1393 -28.9069 15.875
      vertex 51.6083 -22.696 15.875
    endloop
  endfacet
  facet normal 0 0 1
    outer loop
      vertex 69.1393 -28.9069 15.875
      vertex 51.2533 -23.0751 15.875
      vertex 69.2131 -29.3538 15.875
    endloop
  endfacet
  facet normal -0 0 1
    outer loop
      vertex 50.8742 -23.4302 15.875
      vertex 69.2131 -29.3538 15.875
      vertex 51.2533 -23.0751 15.875
    endloop
  endfacet
  facet normal 0 0 1
    outer loop
      vertex 69.2131 -29.3538 15.875
      vertex 50.8742 -23.4302 15.875
      vertex 69.3159 -29.7949 15.875
    endloop
  endfacet
  facet normal -0 0 1
    outer loop
      vertex 50.4726 -23.7597 15.875
      vertex 69.3159 -29.7949 15.875
      vertex 50.8742 -23.4302 15.875
    endloop
  endfacet
  facet normal 0 0 1
    outer loop
      vertex 69.3159 -29.7949 15.875
      vertex 50.4726 -23.7597 15.875
      vertex 69.4474 -30.2283 15.875
    endloop
  endfacet
  facet normal -0 0 1
    outer loop
      vertex 50.0505 -24.0623 15.875
      vertex 69.4474 -30.2283 15.875
      vertex 50.4726 -23.7597 15.875
    endloop
  endfacet
  facet normal 0 0 1
    outer loop
      vertex 69.4474 -30.2283 15.875
      vertex 50.0505 -24.0623 15.875
      vertex 69.6069 -30.6522 15.875
    endloop
  endfacet
  facet normal -0 0 1
    outer loop
      vertex 49.6094 -24.3366 15.875
      vertex 69.6069 -30.6522 15.875
      vertex 50.0505 -24.0623 15.875
    endloop
  endfacet
  facet normal 0 0 1
    outer loop
      vertex 69.6069 -30.6522 15.875
      vertex 49.6094 -24.3366 15.875
      vertex 69.7939 -31.0648 15.875
    endloop
  endfacet
  facet normal -0 0 1
    outer loop
      vertex 49.1513 -24.5814 15.875
      vertex 69.7939 -31.0648 15.875
      vertex 49.6094 -24.3366 15.875
    endloop
  endfacet
  facet normal 0 0 1
    outer loop
      vertex 69.7939 -31.0648 15.875
      vertex 49.1513 -24.5814 15.875
      vertex 70.0074 -31.4642 15.875
    endloop
  endfacet
  facet normal -0 0 1
    outer loop
      vertex 48.6782 -24.7958 15.875
      vertex 70.0074 -31.4642 15.875
      vertex 49.1513 -24.5814 15.875
    endloop
  endfacet
  facet normal 0 0 1
    outer loop
      vertex 70.0074 -31.4642 15.875
      vertex 48.6782 -24.7958 15.875
      vertex 70.2465 -31.8489 15.875
    endloop
  endfacet
  facet normal -0 0 1
    outer loop
      vertex 48.192 -24.9788 15.875
      vertex 70.2465 -31.8489 15.875
      vertex 48.6782 -24.7958 15.875
    endloop
  endfacet
  facet normal 0 0 1
    outer loop
      vertex 70.5104 -32.217 15.875
      vertex 48.192 -24.9788 15.875
      vertex 47.695 -25.1295 15.875
    endloop
  endfacet
  facet normal 0 0 1
    outer loop
      vertex 70.7977 -32.5672 15.875
      vertex 47.695 -25.1295 15.875
      vertex 47.1891 -25.2475 15.875
    endloop
  endfacet
  facet normal 0 0 1
    outer loop
      vertex 71.1073 -32.8977 15.875
      vertex 47.1891 -25.2475 15.875
      vertex 46.6767 -25.3321 15.875
    endloop
  endfacet
  facet normal 0 0 1
    outer loop
      vertex 71.4379 -33.2073 15.875
      vertex 46.6767 -25.3321 15.875
      vertex 82.55 -50.8 15.875
    endloop
  endfacet
  facet normal -0 0 1
    outer loop
      vertex 46.1598 -25.383 15.875
      vertex 82.55 -50.8 15.875
      vertex 46.6767 -25.3321 15.875
    endloop
  endfacet
  facet normal -0 0 1
    outer loop
      vertex 45.6406 -25.4 15.875
      vertex 82.55 -50.8 15.875
      vertex 46.1598 -25.383 15.875
    endloop
  endfacet
  facet normal -0 0 1
    outer loop
      vertex -45.6406 -25.4 15.875
      vertex 82.55 -50.8 15.875
      vertex 45.6406 -25.4 15.875
    endloop
  endfacet
  facet normal 0 0 1
    outer loop
      vertex -82.55 -50.8 15.875
      vertex -45.6406 -25.4 15.875
      vertex -46.1598 -25.383 15.875
    endloop
  endfacet
  facet normal 0 0 1
    outer loop
      vertex -82.55 -50.8 15.875
      vertex -46.1598 -25.383 15.875
      vertex -46.6767 -25.3321 15.875
    endloop
  endfacet
  facet normal 0 0 1
    outer loop
      vertex -71.1073 -32.8977 15.875
      vertex -46.6767 -25.3321 15.875
      vertex -47.1891 -25.2475 15.875
    endloop
  endfacet
  facet normal 0 0 1
    outer loop
      vertex -69.0801 -28.0035 15.875
      vertex -53.5781 -17.4625 15.875
      vertex -69.0801 28.0035 15.875
    endloop
  endfacet
  facet normal 0 0 1
    outer loop
      vertex -53.5781 -17.4625 15.875
      vertex -69.0801 -28.0035 15.875
      vertex -53.5611 -17.9816 15.875
    endloop
  endfacet
  facet normal 0 0 1
    outer loop
      vertex -53.5611 -17.9816 15.875
      vertex -69.0801 -28.0035 15.875
      vertex -53.5102 -18.4985 15.875
    endloop
  endfacet
  facet normal 0 0 1
    outer loop
      vertex -53.5102 -18.4985 15.875
      vertex -69.0801 -28.0035 15.875
      vertex -53.4256 -19.011 15.875
    endloop
  endfacet
  facet normal 0 0 1
    outer loop
      vertex -53.4256 -19.011 15.875
      vertex -69.0801 -28.0035 15.875
      vertex -53.3076 -19.5169 15.875
    endloop
  endfacet
  facet normal 0 0 1
    outer loop
      vertex -53.3076 -19.5169 15.875
      vertex -69.0801 -28.0035 15.875
      vertex -53.1569 -20.0139 15.875
    endloop
  endfacet
  facet normal 0 0 1
    outer loop
      vertex -69.0801 -28.0035 15.875
      vertex -52.9739 -20.5 15.875
      vertex -53.1569 -20.0139 15.875
    endloop
  endfacet
  facet normal 0 0 1
    outer loop
      vertex -69.0801 -28.0035 15.875
      vertex -52.7595 -20.9732 15.875
      vertex -52.9739 -20.5 15.875
    endloop
  endfacet
  facet normal 0 0 1
    outer loop
      vertex -69.0801 -28.0035 15.875
      vertex -52.5147 -21.4312 15.875
      vertex -52.7595 -20.9732 15.875
    endloop
  endfacet
  facet normal 0 0 1
    outer loop
      vertex -69.0801 -28.0035 15.875
      vertex -52.2404 -21.8723 15.875
      vertex -52.5147 -21.4312 15.875
    endloop
  endfacet
  facet normal 0 0 1
    outer loop
      vertex -69.0801 -28.0035 15.875
      vertex -51.9379 -22.2945 15.875
      vertex -52.2404 -21.8723 15.875
    endloop
  endfacet
  facet normal 0 0 1
    outer loop
      vertex -69.0949 -28.4562 15.875
      vertex -51.9379 -22.2945 15.875
      vertex -69.0801 -28.0035 15.875
    endloop
  endfacet
  facet normal 0 0 1
    outer loop
      vertex -51.9379 -22.2945 15.875
      vertex -69.0949 -28.4562 15.875
      vertex -51.6083 -22.696 15.875
    endloop
  endfacet
  facet normal 0 0 1
    outer loop
      vertex -69.1393 -28.9069 15.875
      vertex -51.6083 -22.696 15.875
      vertex -69.0949 -28.4562 15.875
    endloop
  endfacet
  facet normal 0 0 1
    outer loop
      vertex -51.6083 -22.696 15.875
      vertex -69.1393 -28.9069 15.875
      vertex -51.2533 -23.0751 15.875
    endloop
  endfacet
  facet normal 0 0 1
    outer loop
      vertex -69.2131 -29.3538 15.875
      vertex -51.2533 -23.0751 15.875
      vertex -69.1393 -28.9069 15.875
    endloop
  endfacet
  facet normal 0 0 1
    outer loop
      vertex -51.2533 -23.0751 15.875
      vertex -69.2131 -29.3538 15.875
      vertex -50.8742 -23.4302 15.875
    endloop
  endfacet
  facet normal 0 0 1
    outer loop
      vertex -69.3159 -29.7949 15.875
      vertex -50.8742 -23.4302 15.875
      vertex -69.2131 -29.3538 15.875
    endloop
  endfacet
  facet normal 0 0 1
    outer loop
      vertex -50.8742 -23.4302 15.875
      vertex -69.3159 -29.7949 15.875
      vertex -50.4726 -23.7597 15.875
    endloop
  endfacet
  facet normal 0 0 1
    outer loop
      vertex -69.4474 -30.2283 15.875
      vertex -50.4726 -23.7597 15.875
      vertex -69.3159 -29.7949 15.875
    endloop
  endfacet
  facet normal 0 0 1
    outer loop
      vertex -50.4726 -23.7597 15.875
      vertex -69.4474 -30.2283 15.875
      vertex -50.0505 -24.0623 15.875
    endloop
  endfacet
  facet normal 0 0 1
    outer loop
      vertex -69.6069 -30.6522 15.875
      vertex -50.0505 -24.0623 15.875
      vertex -69.4474 -30.2283 15.875
    endloop
  endfacet
  facet normal 0 0 1
    outer loop
      vertex -50.0505 -24.0623 15.875
      vertex -69.6069 -30.6522 15.875
      vertex -49.6094 -24.3366 15.875
    endloop
  endfacet
  facet normal 0 0 1
    outer loop
      vertex -69.7939 -31.0648 15.875
      vertex -49.6094 -24.3366 15.875
      vertex -69.6069 -30.6522 15.875
    endloop
  endfacet
  facet normal 0 0 1
    outer loop
      vertex -49.6094 -24.3366 15.875
      vertex -69.7939 -31.0648 15.875
      vertex -49.1513 -24.5814 15.875
    endloop
  endfacet
  facet normal 0 0 1
    outer loop
      vertex -70.0074 -31.4642 15.875
      vertex -49.1513 -24.5814 15.875
      vertex -69.7939 -31.0648 15.875
    endloop
  endfacet
  facet normal 0 0 1
    outer loop
      vertex -49.1513 -24.5814 15.875
      vertex -70.0074 -31.4642 15.875
      vertex -48.6782 -24.7958 15.875
    endloop
  endfacet
  facet normal 0 0 1
    outer loop
      vertex -70.2465 -31.8489 15.875
      vertex -48.6782 -24.7958 15.875
      vertex -70.0074 -31.4642 15.875
    endloop
  endfacet
  facet normal 0 0 1
    outer loop
      vertex -48.6782 -24.7958 15.875
      vertex -70.2465 -31.8489 15.875
      vertex -48.192 -24.9788 15.875
    endloop
  endfacet
  facet normal 0 0 1
    outer loop
      vertex -70.5104 -32.217 15.875
      vertex -48.192 -24.9788 15.875
      vertex -70.2465 -31.8489 15.875
    endloop
  endfacet
  facet normal 0 0 1
    outer loop
      vertex -48.192 -24.9788 15.875
      vertex -70.5104 -32.217 15.875
      vertex -47.695 -25.1295 15.875
    endloop
  endfacet
  facet normal 0 0 1
    outer loop
      vertex -70.7977 -32.5672 15.875
      vertex -47.695 -25.1295 15.875
      vertex -70.5104 -32.217 15.875
    endloop
  endfacet
  facet normal 0 0 1
    outer loop
      vertex -47.695 -25.1295 15.875
      vertex -70.7977 -32.5672 15.875
      vertex -47.1891 -25.2475 15.875
    endloop
  endfacet
  facet normal 0 0 1
    outer loop
      vertex -71.1073 -32.8977 15.875
      vertex -47.1891 -25.2475 15.875
      vertex -70.7977 -32.5672 15.875
    endloop
  endfacet
  facet normal 0 0 1
    outer loop
      vertex -46.6767 -25.3321 15.875
      vertex -71.1073 -32.8977 15.875
      vertex -71.4379 -33.2073 15.875
    endloop
  endfacet
  facet normal 0 0 1
    outer loop
      vertex -46.6767 -25.3321 15.875
      vertex -71.4379 -33.2073 15.875
      vertex -82.55 -50.8 15.875
    endloop
  endfacet
  facet normal 0 0 1
    outer loop
      vertex -82.55 -50.8 15.875
      vertex -71.4379 -33.2073 15.875
      vertex -71.788 -33.4947 15.875
    endloop
  endfacet
  facet normal 0 0 1
    outer loop
      vertex -82.55 -50.8 15.875
      vertex -71.788 -33.4947 15.875
      vertex -72.1562 -33.7585 15.875
    endloop
  endfacet
  facet normal 0 0 1
    outer loop
      vertex -82.55 -50.8 15.875
      vertex -72.1562 -33.7585 15.875
      vertex -72.5408 -33.9977 15.875
    endloop
  endfacet
  facet normal 0 0 1
    outer loop
      vertex -82.55 -50.8 15.875
      vertex -72.5408 -33.9977 15.875
      vertex -72.9402 -34.2112 15.875
    endloop
  endfacet
  facet normal 0 0 1
    outer loop
      vertex -82.55 -50.8 15.875
      vertex -72.9402 -34.2112 15.875
      vertex -73.3528 -34.3981 15.875
    endloop
  endfacet
  facet normal 0 0 1
    outer loop
      vertex -82.55 -50.8 15.875
      vertex -73.3528 -34.3981 15.875
      vertex -73.7767 -34.5577 15.875
    endloop
  endfacet
  facet normal 0 0 1
    outer loop
      vertex -82.55 -50.8 15.875
      vertex -73.7767 -34.5577 15.875
      vertex -74.2101 -34.6891 15.875
    endloop
  endfacet
  facet normal 0 0 1
    outer loop
      vertex -82.55 -50.8 15.875
      vertex -74.2101 -34.6891 15.875
      vertex -74.6512 -34.792 15.875
    endloop
  endfacet
  facet normal 0 0 1
    outer loop
      vertex -82.55 -50.8 15.875
      vertex -74.6512 -34.792 15.875
      vertex -75.0981 -34.8658 15.875
    endloop
  endfacet
  facet normal 0 0 1
    outer loop
      vertex -82.55 -50.8 15.875
      vertex -75.0981 -34.8658 15.875
      vertex -75.5489 -34.9102 15.875
    endloop
  endfacet
  facet normal 0 0 1
    outer loop
      vertex -82.55 -50.8 15.875
      vertex -75.5489 -34.9102 15.875
      vertex -76.0016 -34.925 15.875
    endloop
  endfacet
  facet normal 0 0 1
    outer loop
      vertex -82.55 -50.8 15.875
      vertex -76.0016 -34.925 15.875
      vertex -76.4542 -34.9102 15.875
    endloop
  endfacet
  facet normal 0 0 1
    outer loop
      vertex -82.55 -50.8 15.875
      vertex -76.4542 -34.9102 15.875
      vertex -76.905 -34.8658 15.875
    endloop
  endfacet
  facet normal 0 0 1
    outer loop
      vertex -45.6406 -25.4 15.875
      vertex -82.55 -50.8 15.875
      vertex 82.55 -50.8 15.875
    endloop
  endfacet
  facet normal 0 0 1
    outer loop
      vertex -77.3519 -34.792 15.875
      vertex -82.55 -50.8 15.875
      vertex -76.905 -34.8658 15.875
    endloop
  endfacet
  facet normal 0 0 1
    outer loop
      vertex -77.793 -34.6891 15.875
      vertex -82.55 -50.8 15.875
      vertex -77.3519 -34.792 15.875
    endloop
  endfacet
  facet normal 0 0 1
    outer loop
      vertex -78.2264 -34.5577 15.875
      vertex -82.55 -50.8 15.875
      vertex -77.793 -34.6891 15.875
    endloop
  endfacet
  facet normal 0 0 1
    outer loop
      vertex -88.9 -44.45 15.875
      vertex -78.2264 -34.5577 15.875
      vertex -78.6503 -34.3981 15.875
    endloop
  endfacet
  facet normal 0 0 1
    outer loop
      vertex -88.9 -44.45 15.875
      vertex -78.6503 -34.3981 15.875
      vertex -79.0629 -34.2112 15.875
    endloop
  endfacet
  facet normal 0 0 1
    outer loop
      vertex -88.9 -44.45 15.875
      vertex -79.0629 -34.2112 15.875
      vertex -79.4623 -33.9977 15.875
    endloop
  endfacet
  facet normal 0 0 1
    outer loop
      vertex -88.9 -44.45 15.875
      vertex -79.4623 -33.9977 15.875
      vertex -79.8469 -33.7585 15.875
    endloop
  endfacet
  facet normal 0 0 1
    outer loop
      vertex -88.9 -44.45 15.875
      vertex -79.8469 -33.7585 15.875
      vertex -80.2151 -33.4947 15.875
    endloop
  endfacet
  facet normal 0 0 1
    outer loop
      vertex -88.9 -44.45 15.875
      vertex -80.2151 -33.4947 15.875
      vertex -80.5652 -33.2073 15.875
    endloop
  endfacet
  facet normal 0 0 1
    outer loop
      vertex -88.9 -44.45 15.875
      vertex -80.5652 -33.2073 15.875
      vertex -80.8958 -32.8977 15.875
    endloop
  endfacet
  facet normal 0 0 1
    outer loop
      vertex -88.9 -44.45 15.875
      vertex -80.8958 -32.8977 15.875
      vertex -81.2054 -32.5672 15.875
    endloop
  endfacet
  facet normal 0 0 1
    outer loop
      vertex -88.9 -44.45 15.875
      vertex -81.2054 -32.5672 15.875
      vertex -81.4928 -32.217 15.875
    endloop
  endfacet
  facet normal 0 0 1
    outer loop
      vertex -88.9 -44.45 15.875
      vertex -81.4928 -32.217 15.875
      vertex -81.7566 -31.8489 15.875
    endloop
  endfacet
  facet normal 0 0 1
    outer loop
      vertex -88.9 -44.45 15.875
      vertex -81.7566 -31.8489 15.875
      vertex -81.9957 -31.4642 15.875
    endloop
  endfacet
  facet normal 0 0 1
    outer loop
      vertex -88.9 -44.45 15.875
      vertex -81.9957 -31.4642 15.875
      vertex -82.2093 -31.0648 15.875
    endloop
  endfacet
  facet normal 0 0 1
    outer loop
      vertex -88.9 -44.45 15.875
      vertex -82.2093 -31.0648 15.875
      vertex -82.3962 -30.6522 15.875
    endloop
  endfacet
  facet normal 0 0 1
    outer loop
      vertex -88.9 -44.45 15.875
      vertex -82.3962 -30.6522 15.875
      vertex -82.5557 -30.2283 15.875
    endloop
  endfacet
  facet normal 0 0 1
    outer loop
      vertex -88.9 -44.45 15.875
      vertex -82.5557 -30.2283 15.875
      vertex -82.6872 -29.7949 15.875
    endloop
  endfacet
  facet normal 0 0 1
    outer loop
      vertex -88.9 -44.45 15.875
      vertex -82.6872 -29.7949 15.875
      vertex -82.7901 -29.3538 15.875
    endloop
  endfacet
  facet normal 0 0 1
    outer loop
      vertex -88.9 -44.45 15.875
      vertex -82.7901 -29.3538 15.875
      vertex -82.8638 -28.9069 15.875
    endloop
  endfacet
  facet normal 0 0 1
    outer loop
      vertex -88.9 -44.45 15.875
      vertex -82.8638 -28.9069 15.875
      vertex -82.9082 -28.4562 15.875
    endloop
  endfacet
  facet normal 0 0 1
    outer loop
      vertex -88.9 -44.45 15.875
      vertex -82.9082 -28.4562 15.875
      vertex -82.923 -28.0035 15.875
    endloop
  endfacet
  facet normal 0 0 1
    outer loop
      vertex -78.2264 -34.5577 15.875
      vertex -88.9 -44.45 15.875
      vertex -82.55 -50.8 15.875
    endloop
  endfacet
  facet normal 0 0 1
    outer loop
      vertex -82.923 28.0035 15.875
      vertex -88.9 44.45 15.875
      vertex -82.923 -28.0035 15.875
    endloop
  endfacet
  facet normal 0 0 1
    outer loop
      vertex -88.9 44.45 15.875
      vertex -82.9653 50.7864 15.875
      vertex -83.3788 50.7457 15.875
    endloop
  endfacet
  facet normal 0 0 1
    outer loop
      vertex -88.9 -44.45 15.875
      vertex -82.923 -28.0035 15.875
      vertex -88.9 44.45 15.875
    endloop
  endfacet
  facet normal 0 0 1
    outer loop
      vertex -88.9 44.45 15.875
      vertex -83.3788 50.7457 15.875
      vertex -83.7888 50.678 15.875
    endloop
  endfacet
  facet normal 0 0 1
    outer loop
      vertex -82.55 -50.8 15.875
      vertex -88.9 -44.45 15.875
      vertex -82.9653 -50.7864 15.875
    endloop
  endfacet
  facet normal 0 0 1
    outer loop
      vertex -88.9 44.45 15.875
      vertex -83.7888 50.678 15.875
      vertex -84.1935 50.5836 15.875
    endloop
  endfacet
  facet normal 0 0 1
    outer loop
      vertex -82.9653 -50.7864 15.875
      vertex -88.9 -44.45 15.875
      vertex -83.3788 -50.7457 15.875
    endloop
  endfacet
  facet normal 0 0 1
    outer loop
      vertex -88.9 44.45 15.875
      vertex -84.1935 50.5836 15.875
      vertex -84.5911 50.463 15.875
    endloop
  endfacet
  facet normal 0 0 1
    outer loop
      vertex -83.3788 -50.7457 15.875
      vertex -88.9 -44.45 15.875
      vertex -83.7888 -50.678 15.875
    endloop
  endfacet
  facet normal 0 0 1
    outer loop
      vertex -88.9 44.45 15.875
      vertex -84.5911 50.463 15.875
      vertex -84.98 50.3166 15.875
    endloop
  endfacet
  facet normal 0 0 1
    outer loop
      vertex -83.7888 -50.678 15.875
      vertex -88.9 -44.45 15.875
      vertex -84.1935 -50.5836 15.875
    endloop
  endfacet
  facet normal 0 0 1
    outer loop
      vertex -88.9 44.45 15.875
      vertex -84.98 50.3166 15.875
      vertex -85.3585 50.1451 15.875
    endloop
  endfacet
  facet normal 0 0 1
    outer loop
      vertex -84.1935 -50.5836 15.875
      vertex -88.9 -44.45 15.875
      vertex -84.5911 -50.463 15.875
    endloop
  endfacet
  facet normal 0 0 1
    outer loop
      vertex -88.9 44.45 15.875
      vertex -85.3585 50.1451 15.875
      vertex -85.725 49.9493 15.875
    endloop
  endfacet
  facet normal 0 0 1
    outer loop
      vertex -84.5911 -50.463 15.875
      vertex -88.9 -44.45 15.875
      vertex -84.98 -50.3166 15.875
    endloop
  endfacet
  facet normal 0 0 1
    outer loop
      vertex -88.9 44.45 15.875
      vertex -85.725 49.9493 15.875
      vertex -86.0779 49.7298 15.875
    endloop
  endfacet
  facet normal 0 0 1
    outer loop
      vertex -84.98 -50.3166 15.875
      vertex -88.9 -44.45 15.875
      vertex -85.3585 -50.1451 15.875
    endloop
  endfacet
  facet normal 0 0 1
    outer loop
      vertex -88.9 44.45 15.875
      vertex -86.0779 49.7298 15.875
      vertex -86.4156 49.4878 15.875
    endloop
  endfacet
  facet normal 0 0 1
    outer loop
      vertex -85.3585 -50.1451 15.875
      vertex -88.9 -44.45 15.875
      vertex -85.725 -49.9493 15.875
    endloop
  endfacet
  facet normal 0 0 1
    outer loop
      vertex -88.9 44.45 15.875
      vertex -86.4156 49.4878 15.875
      vertex -86.7368 49.2242 15.875
    endloop
  endfacet
  facet normal 0 0 1
    outer loop
      vertex -85.725 -49.9493 15.875
      vertex -88.9 -44.45 15.875
      vertex -86.0779 -49.7298 15.875
    endloop
  endfacet
  facet normal 0 0 1
    outer loop
      vertex -88.9 44.45 15.875
      vertex -86.7368 49.2242 15.875
      vertex -87.0401 48.9401 15.875
    endloop
  endfacet
  facet normal 0 0 1
    outer loop
      vertex -86.0779 -49.7298 15.875
      vertex -88.9 -44.45 15.875
      vertex -86.4156 -49.4878 15.875
    endloop
  endfacet
  facet normal 0 0 1
    outer loop
      vertex -88.9 44.45 15.875
      vertex -87.0401 48.9401 15.875
      vertex -87.3242 48.6368 15.875
    endloop
  endfacet
  facet normal 0 0 1
    outer loop
      vertex -86.4156 -49.4878 15.875
      vertex -88.9 -44.45 15.875
      vertex -86.7368 -49.2242 15.875
    endloop
  endfacet
  facet normal 0 0 1
    outer loop
      vertex -88.9 44.45 15.875
      vertex -87.3242 48.6368 15.875
      vertex -87.5878 48.3156 15.875
    endloop
  endfacet
  facet normal 0 0 1
    outer loop
      vertex -86.7368 -49.2242 15.875
      vertex -88.9 -44.45 15.875
      vertex -87.0401 -48.9401 15.875
    endloop
  endfacet
  facet normal 0 0 1
    outer loop
      vertex -88.9 44.45 15.875
      vertex -87.5878 48.3156 15.875
      vertex -87.8298 47.9779 15.875
    endloop
  endfacet
  facet normal 0 0 1
    outer loop
      vertex -87.0401 -48.9401 15.875
      vertex -88.9 -44.45 15.875
      vertex -87.3242 -48.6368 15.875
    endloop
  endfacet
  facet normal 0 0 1
    outer loop
      vertex -88.9 44.45 15.875
      vertex -87.8298 47.9779 15.875
      vertex -88.0493 47.625 15.875
    endloop
  endfacet
  facet normal 0 0 1
    outer loop
      vertex -87.3242 -48.6368 15.875
      vertex -88.9 -44.45 15.875
      vertex -87.5878 -48.3156 15.875
    endloop
  endfacet
  facet normal 0 0 1
    outer loop
      vertex -88.9 44.45 15.875
      vertex -88.0493 47.625 15.875
      vertex -88.2451 47.2585 15.875
    endloop
  endfacet
  facet normal 0 0 1
    outer loop
      vertex -87.5878 -48.3156 15.875
      vertex -88.9 -44.45 15.875
      vertex -87.8298 -47.9779 15.875
    endloop
  endfacet
  facet normal 0 0 1
    outer loop
      vertex -88.9 44.45 15.875
      vertex -88.2451 47.2585 15.875
      vertex -88.4166 46.88 15.875
    endloop
  endfacet
  facet normal 0 0 1
    outer loop
      vertex -87.8298 -47.9779 15.875
      vertex -88.9 -44.45 15.875
      vertex -88.0493 -47.625 15.875
    endloop
  endfacet
  facet normal 0 0 1
    outer loop
      vertex -88.9 44.45 15.875
      vertex -88.4166 46.88 15.875
      vertex -88.563 46.4911 15.875
    endloop
  endfacet
  facet normal 0 0 1
    outer loop
      vertex -88.0493 -47.625 15.875
      vertex -88.9 -44.45 15.875
      vertex -88.2451 -47.2585 15.875
    endloop
  endfacet
  facet normal 0 0 1
    outer loop
      vertex -88.9 44.45 15.875
      vertex -88.563 46.4911 15.875
      vertex -88.6836 46.0935 15.875
    endloop
  endfacet
  facet normal 0 0 1
    outer loop
      vertex -88.2451 -47.2585 15.875
      vertex -88.9 -44.45 15.875
      vertex -88.4166 -46.88 15.875
    endloop
  endfacet
  facet normal 0 0 1
    outer loop
      vertex -88.9 44.45 15.875
      vertex -88.6836 46.0935 15.875
      vertex -88.778 45.6888 15.875
    endloop
  endfacet
  facet normal 0 0 1
    outer loop
      vertex -88.4166 -46.88 15.875
      vertex -88.9 -44.45 15.875
      vertex -88.563 -46.4911 15.875
    endloop
  endfacet
  facet normal 0 0 1
    outer loop
      vertex -88.9 44.45 15.875
      vertex -88.778 45.6888 15.875
      vertex -88.8457 45.2788 15.875
    endloop
  endfacet
  facet normal 0 0 1
    outer loop
      vertex -88.563 -46.4911 15.875
      vertex -88.9 -44.45 15.875
      vertex -88.6836 -46.0935 15.875
    endloop
  endfacet
  facet normal 0 0 1
    outer loop
      vertex -88.9 44.45 15.875
      vertex -88.8457 45.2788 15.875
      vertex -88.8864 44.8653 15.875
    endloop
  endfacet
  facet normal 0 0 1
    outer loop
      vertex -88.6836 -46.0935 15.875
      vertex -88.9 -44.45 15.875
      vertex -88.778 -45.6888 15.875
    endloop
  endfacet
  facet normal 0 0 1
    outer loop
      vertex -88.778 -45.6888 15.875
      vertex -88.9 -44.45 15.875
      vertex -88.8457 -45.2788 15.875
    endloop
  endfacet
  facet normal 0 0 1
    outer loop
      vertex -88.8457 -45.2788 15.875
      vertex -88.9 -44.45 15.875
      vertex -88.8864 -44.8653 15.875
    endloop
  endfacet
  facet normal -0.812838 0.58249 0
    outer loop
      vertex -87.8298 47.9779 0
      vertex -87.5878 48.3156 15.875
      vertex -87.5878 48.3156 0
    endloop
  endfacet
  facet normal -0.812838 0.58249 0
    outer loop
      vertex -87.5878 48.3156 15.875
      vertex -87.8298 47.9779 0
      vertex -87.8298 47.9779 15.875
    endloop
  endfacet
  facet normal 0.683629 0.72983 -0
    outer loop
      vertex 87.0401 48.9401 0
      vertex 86.7368 49.2242 15.875
      vertex 87.0401 48.9401 15.875
    endloop
  endfacet
  facet normal 0.683629 0.72983 0
    outer loop
      vertex 86.7368 49.2242 15.875
      vertex 87.0401 48.9401 0
      vertex 86.7368 49.2242 0
    endloop
  endfacet
  facet normal 1 -0 0
    outer loop
      vertex 88.9 -44.45 15.875
      vertex 88.9 44.45 0
      vertex 88.9 44.45 15.875
    endloop
  endfacet
  facet normal 1 0 0
    outer loop
      vertex 88.9 44.45 0
      vertex 88.9 -44.45 15.875
      vertex 88.9 -44.45 0
    endloop
  endfacet
  facet normal 0.290261 -0.956947 0
    outer loop
      vertex 84.1935 -50.5836 0
      vertex 84.5911 -50.463 15.875
      vertex 84.1935 -50.5836 15.875
    endloop
  endfacet
  facet normal 0.290261 -0.956947 0
    outer loop
      vertex 84.5911 -50.463 15.875
      vertex 84.1935 -50.5836 0
      vertex 84.5911 -50.463 0
    endloop
  endfacet
  facet normal -0.63439 0.773013 0
    outer loop
      vertex -86.4156 49.4878 0
      vertex -86.7368 49.2242 15.875
      vertex -86.4156 49.4878 15.875
    endloop
  endfacet
  facet normal -0.63439 0.773013 0
    outer loop
      vertex -86.7368 49.2242 15.875
      vertex -86.4156 49.4878 0
      vertex -86.7368 49.2242 0
    endloop
  endfacet
  facet normal -0.935883 0.35231 0
    outer loop
      vertex -88.563 46.4911 0
      vertex -88.4166 46.88 15.875
      vertex -88.4166 46.88 0
    endloop
  endfacet
  facet normal -0.935883 0.35231 0
    outer loop
      vertex -88.4166 46.88 15.875
      vertex -88.563 46.4911 0
      vertex -88.563 46.4911 15.875
    endloop
  endfacet
  facet normal -0.995191 0.0979547 0
    outer loop
      vertex -88.8864 44.8653 0
      vertex -88.8457 45.2788 15.875
      vertex -88.8457 45.2788 0
    endloop
  endfacet
  facet normal -0.995191 0.0979547 0
    outer loop
      vertex -88.8457 45.2788 15.875
      vertex -88.8864 44.8653 0
      vertex -88.8864 44.8653 15.875
    endloop
  endfacet
  facet normal 0.35231 0.935883 -0
    outer loop
      vertex 84.98 50.3166 0
      vertex 84.5911 50.463 15.875
      vertex 84.98 50.3166 15.875
    endloop
  endfacet
  facet normal 0.35231 0.935883 0
    outer loop
      vertex 84.5911 50.463 15.875
      vertex 84.98 50.3166 0
      vertex 84.5911 50.463 0
    endloop
  endfacet
  facet normal 0.88202 0.471213 0
    outer loop
      vertex 88.2451 47.2585 15.875
      vertex 88.0493 47.625 0
      vertex 88.0493 47.625 15.875
    endloop
  endfacet
  facet normal 0.88202 0.471213 0
    outer loop
      vertex 88.0493 47.625 0
      vertex 88.2451 47.2585 15.875
      vertex 88.2451 47.2585 0
    endloop
  endfacet
  facet normal -0.227161 0.973857 0
    outer loop
      vertex -83.7888 50.678 0
      vertex -84.1935 50.5836 15.875
      vertex -83.7888 50.678 15.875
    endloop
  endfacet
  facet normal -0.227161 0.973857 0
    outer loop
      vertex -84.1935 50.5836 15.875
      vertex -83.7888 50.678 0
      vertex -84.1935 50.5836 0
    endloop
  endfacet
  facet normal -0.290261 0.956947 0
    outer loop
      vertex -84.1935 50.5836 0
      vertex -84.5911 50.463 15.875
      vertex -84.1935 50.5836 15.875
    endloop
  endfacet
  facet normal -0.290261 0.956947 0
    outer loop
      vertex -84.5911 50.463 15.875
      vertex -84.1935 50.5836 0
      vertex -84.5911 50.463 0
    endloop
  endfacet
  facet normal -0.412715 0.91086 0
    outer loop
      vertex -84.98 50.3166 0
      vertex -85.3585 50.1451 15.875
      vertex -84.98 50.3166 15.875
    endloop
  endfacet
  facet normal -0.412715 0.91086 0
    outer loop
      vertex -85.3585 50.1451 15.875
      vertex -84.98 50.3166 0
      vertex -85.3585 50.1451 0
    endloop
  endfacet
  facet normal 0.995191 -0.0979547 0
    outer loop
      vertex 88.8457 -45.2788 15.875
      vertex 88.8864 -44.8653 0
      vertex 88.8864 -44.8653 15.875
    endloop
  endfacet
  facet normal 0.995191 -0.0979547 0
    outer loop
      vertex 88.8864 -44.8653 0
      vertex 88.8457 -45.2788 15.875
      vertex 88.8457 -45.2788 0
    endloop
  endfacet
  facet normal 0.162916 -0.98664 0
    outer loop
      vertex 83.3788 -50.7457 0
      vertex 83.7888 -50.678 15.875
      vertex 83.3788 -50.7457 15.875
    endloop
  endfacet
  facet normal 0.162916 -0.98664 0
    outer loop
      vertex 83.7888 -50.678 15.875
      vertex 83.3788 -50.7457 0
      vertex 83.7888 -50.678 0
    endloop
  endfacet
  facet normal -0.0979547 -0.995191 0
    outer loop
      vertex -83.3788 -50.7457 0
      vertex -82.9653 -50.7864 15.875
      vertex -83.3788 -50.7457 15.875
    endloop
  endfacet
  facet normal -0.0979547 -0.995191 -0
    outer loop
      vertex -82.9653 -50.7864 15.875
      vertex -83.3788 -50.7457 0
      vertex -82.9653 -50.7864 0
    endloop
  endfacet
  facet normal -0.72983 -0.683629 0
    outer loop
      vertex -87.0401 -48.9401 0
      vertex -87.3242 -48.6368 15.875
      vertex -87.3242 -48.6368 0
    endloop
  endfacet
  facet normal -0.72983 -0.683629 0
    outer loop
      vertex -87.3242 -48.6368 15.875
      vertex -87.0401 -48.9401 0
      vertex -87.0401 -48.9401 15.875
    endloop
  endfacet
  facet normal -0.812838 -0.58249 0
    outer loop
      vertex -87.5878 -48.3156 0
      vertex -87.8298 -47.9779 15.875
      vertex -87.8298 -47.9779 0
    endloop
  endfacet
  facet normal -0.812838 -0.58249 0
    outer loop
      vertex -87.8298 -47.9779 15.875
      vertex -87.5878 -48.3156 0
      vertex -87.5878 -48.3156 15.875
    endloop
  endfacet
  facet normal -0.773013 0.63439 0
    outer loop
      vertex -87.5878 48.3156 0
      vertex -87.3242 48.6368 15.875
      vertex -87.3242 48.6368 0
    endloop
  endfacet
  facet normal -0.773013 0.63439 0
    outer loop
      vertex -87.3242 48.6368 15.875
      vertex -87.5878 48.3156 0
      vertex -87.5878 48.3156 15.875
    endloop
  endfacet
  facet normal -0.72983 0.683629 0
    outer loop
      vertex -87.3242 48.6368 0
      vertex -87.0401 48.9401 15.875
      vertex -87.0401 48.9401 0
    endloop
  endfacet
  facet normal -0.72983 0.683629 0
    outer loop
      vertex -87.0401 48.9401 15.875
      vertex -87.3242 48.6368 0
      vertex -87.3242 48.6368 15.875
    endloop
  endfacet
  facet normal -0.683629 0.72983 0
    outer loop
      vertex -86.7368 49.2242 0
      vertex -87.0401 48.9401 15.875
      vertex -86.7368 49.2242 15.875
    endloop
  endfacet
  facet normal -0.683629 0.72983 0
    outer loop
      vertex -87.0401 48.9401 15.875
      vertex -86.7368 49.2242 0
      vertex -87.0401 48.9401 0
    endloop
  endfacet
  facet normal -0.58249 0.812838 0
    outer loop
      vertex -86.0779 49.7298 0
      vertex -86.4156 49.4878 15.875
      vertex -86.0779 49.7298 15.875
    endloop
  endfacet
  facet normal -0.58249 0.812838 0
    outer loop
      vertex -86.4156 49.4878 15.875
      vertex -86.0779 49.7298 0
      vertex -86.4156 49.4878 0
    endloop
  endfacet
  facet normal -0.528159 0.849145 0
    outer loop
      vertex -85.725 49.9493 0
      vertex -86.0779 49.7298 15.875
      vertex -85.725 49.9493 15.875
    endloop
  endfacet
  facet normal -0.528159 0.849145 0
    outer loop
      vertex -86.0779 49.7298 15.875
      vertex -85.725 49.9493 0
      vertex -86.0779 49.7298 0
    endloop
  endfacet
  facet normal -0.471213 0.88202 0
    outer loop
      vertex -85.3585 50.1451 0
      vertex -85.725 49.9493 15.875
      vertex -85.3585 50.1451 15.875
    endloop
  endfacet
  facet normal -0.471213 0.88202 0
    outer loop
      vertex -85.725 49.9493 15.875
      vertex -85.3585 50.1451 0
      vertex -85.725 49.9493 0
    endloop
  endfacet
  facet normal -0.91086 0.412715 0
    outer loop
      vertex -88.4166 46.88 0
      vertex -88.2451 47.2585 15.875
      vertex -88.2451 47.2585 0
    endloop
  endfacet
  facet normal -0.91086 0.412715 0
    outer loop
      vertex -88.2451 47.2585 15.875
      vertex -88.4166 46.88 0
      vertex -88.4166 46.88 15.875
    endloop
  endfacet
  facet normal -0.88202 0.471213 0
    outer loop
      vertex -88.2451 47.2585 0
      vertex -88.0493 47.625 15.875
      vertex -88.0493 47.625 0
    endloop
  endfacet
  facet normal -0.88202 0.471213 0
    outer loop
      vertex -88.0493 47.625 15.875
      vertex -88.2451 47.2585 0
      vertex -88.2451 47.2585 15.875
    endloop
  endfacet
  facet normal -0.849145 0.528159 0
    outer loop
      vertex -88.0493 47.625 0
      vertex -87.8298 47.9779 15.875
      vertex -87.8298 47.9779 0
    endloop
  endfacet
  facet normal -0.849145 0.528159 0
    outer loop
      vertex -87.8298 47.9779 15.875
      vertex -88.0493 47.625 0
      vertex -88.0493 47.625 15.875
    endloop
  endfacet
  facet normal -0.973857 0.227161 0
    outer loop
      vertex -88.778 45.6888 0
      vertex -88.6836 46.0935 15.875
      vertex -88.6836 46.0935 0
    endloop
  endfacet
  facet normal -0.973857 0.227161 0
    outer loop
      vertex -88.6836 46.0935 15.875
      vertex -88.778 45.6888 0
      vertex -88.778 45.6888 15.875
    endloop
  endfacet
  facet normal -0.956947 0.290261 0
    outer loop
      vertex -88.6836 46.0935 0
      vertex -88.563 46.4911 15.875
      vertex -88.563 46.4911 0
    endloop
  endfacet
  facet normal -0.956947 0.290261 0
    outer loop
      vertex -88.563 46.4911 15.875
      vertex -88.6836 46.0935 0
      vertex -88.6836 46.0935 15.875
    endloop
  endfacet
  facet normal -0.98664 0.162916 0
    outer loop
      vertex -88.8457 45.2788 0
      vertex -88.778 45.6888 15.875
      vertex -88.778 45.6888 0
    endloop
  endfacet
  facet normal -0.98664 0.162916 0
    outer loop
      vertex -88.778 45.6888 15.875
      vertex -88.8457 45.2788 0
      vertex -88.8457 45.2788 15.875
    endloop
  endfacet
  facet normal 0.956947 0.290261 0
    outer loop
      vertex 88.6836 46.0935 15.875
      vertex 88.563 46.4911 0
      vertex 88.563 46.4911 15.875
    endloop
  endfacet
  facet normal 0.956947 0.290261 0
    outer loop
      vertex 88.563 46.4911 0
      vertex 88.6836 46.0935 15.875
      vertex 88.6836 46.0935 0
    endloop
  endfacet
  facet normal 0.0979547 0.995191 -0
    outer loop
      vertex 83.3788 50.7457 0
      vertex 82.9653 50.7864 15.875
      vertex 83.3788 50.7457 15.875
    endloop
  endfacet
  facet normal 0.0979547 0.995191 0
    outer loop
      vertex 82.9653 50.7864 15.875
      vertex 83.3788 50.7457 0
      vertex 82.9653 50.7864 0
    endloop
  endfacet
  facet normal 0.290261 0.956947 -0
    outer loop
      vertex 84.5911 50.463 0
      vertex 84.1935 50.5836 15.875
      vertex 84.5911 50.463 15.875
    endloop
  endfacet
  facet normal 0.290261 0.956947 0
    outer loop
      vertex 84.1935 50.5836 15.875
      vertex 84.5911 50.463 0
      vertex 84.1935 50.5836 0
    endloop
  endfacet
  facet normal 0.162916 0.98664 -0
    outer loop
      vertex 83.7888 50.678 0
      vertex 83.3788 50.7457 15.875
      vertex 83.7888 50.678 15.875
    endloop
  endfacet
  facet normal 0.162916 0.98664 0
    outer loop
      vertex 83.3788 50.7457 15.875
      vertex 83.7888 50.678 0
      vertex 83.3788 50.7457 0
    endloop
  endfacet
  facet normal 0.528159 0.849145 -0
    outer loop
      vertex 86.0779 49.7298 0
      vertex 85.725 49.9493 15.875
      vertex 86.0779 49.7298 15.875
    endloop
  endfacet
  facet normal 0.528159 0.849145 0
    outer loop
      vertex 85.725 49.9493 15.875
      vertex 86.0779 49.7298 0
      vertex 85.725 49.9493 0
    endloop
  endfacet
  facet normal 0.63439 0.773013 -0
    outer loop
      vertex 86.7368 49.2242 0
      vertex 86.4156 49.4878 15.875
      vertex 86.7368 49.2242 15.875
    endloop
  endfacet
  facet normal 0.63439 0.773013 0
    outer loop
      vertex 86.4156 49.4878 15.875
      vertex 86.7368 49.2242 0
      vertex 86.4156 49.4878 0
    endloop
  endfacet
  facet normal 0.72983 0.683629 0
    outer loop
      vertex 87.3242 48.6368 15.875
      vertex 87.0401 48.9401 0
      vertex 87.0401 48.9401 15.875
    endloop
  endfacet
  facet normal 0.72983 0.683629 0
    outer loop
      vertex 87.0401 48.9401 0
      vertex 87.3242 48.6368 15.875
      vertex 87.3242 48.6368 0
    endloop
  endfacet
  facet normal 0.773013 0.63439 0
    outer loop
      vertex 87.5878 48.3156 15.875
      vertex 87.3242 48.6368 0
      vertex 87.3242 48.6368 15.875
    endloop
  endfacet
  facet normal 0.773013 0.63439 0
    outer loop
      vertex 87.3242 48.6368 0
      vertex 87.5878 48.3156 15.875
      vertex 87.5878 48.3156 0
    endloop
  endfacet
  facet normal 0.935883 0.35231 0
    outer loop
      vertex 88.563 46.4911 15.875
      vertex 88.4166 46.88 0
      vertex 88.4166 46.88 15.875
    endloop
  endfacet
  facet normal 0.935883 0.35231 0
    outer loop
      vertex 88.4166 46.88 0
      vertex 88.563 46.4911 15.875
      vertex 88.563 46.4911 0
    endloop
  endfacet
  facet normal -0.162916 0.98664 0
    outer loop
      vertex -83.3788 50.7457 0
      vertex -83.7888 50.678 15.875
      vertex -83.3788 50.7457 15.875
    endloop
  endfacet
  facet normal -0.162916 0.98664 0
    outer loop
      vertex -83.7888 50.678 15.875
      vertex -83.3788 50.7457 0
      vertex -83.7888 50.678 0
    endloop
  endfacet
  facet normal -0.0979547 0.995191 0
    outer loop
      vertex -82.9653 50.7864 0
      vertex -83.3788 50.7457 15.875
      vertex -82.9653 50.7864 15.875
    endloop
  endfacet
  facet normal -0.0979547 0.995191 0
    outer loop
      vertex -83.3788 50.7457 15.875
      vertex -82.9653 50.7864 0
      vertex -83.3788 50.7457 0
    endloop
  endfacet
  facet normal -0.0327299 0.999464 0
    outer loop
      vertex -82.55 50.8 0
      vertex -82.9653 50.7864 15.875
      vertex -82.55 50.8 15.875
    endloop
  endfacet
  facet normal -0.0327299 0.999464 0
    outer loop
      vertex -82.9653 50.7864 15.875
      vertex -82.55 50.8 0
      vertex -82.9653 50.7864 0
    endloop
  endfacet
  facet normal -0.35231 0.935883 0
    outer loop
      vertex -84.5911 50.463 0
      vertex -84.98 50.3166 15.875
      vertex -84.5911 50.463 15.875
    endloop
  endfacet
  facet normal -0.35231 0.935883 0
    outer loop
      vertex -84.98 50.3166 15.875
      vertex -84.5911 50.463 0
      vertex -84.98 50.3166 0
    endloop
  endfacet
  facet normal 0.773013 -0.63439 0
    outer loop
      vertex 87.3242 -48.6368 15.875
      vertex 87.5878 -48.3156 0
      vertex 87.5878 -48.3156 15.875
    endloop
  endfacet
  facet normal 0.773013 -0.63439 0
    outer loop
      vertex 87.5878 -48.3156 0
      vertex 87.3242 -48.6368 15.875
      vertex 87.3242 -48.6368 0
    endloop
  endfacet
  facet normal 0.91086 -0.412715 0
    outer loop
      vertex 88.2451 -47.2585 15.875
      vertex 88.4166 -46.88 0
      vertex 88.4166 -46.88 15.875
    endloop
  endfacet
  facet normal 0.91086 -0.412715 0
    outer loop
      vertex 88.4166 -46.88 0
      vertex 88.2451 -47.2585 15.875
      vertex 88.2451 -47.2585 0
    endloop
  endfacet
  facet normal -0.0327299 -0.999464 0
    outer loop
      vertex -82.9653 -50.7864 0
      vertex -82.55 -50.8 15.875
      vertex -82.9653 -50.7864 15.875
    endloop
  endfacet
  facet normal -0.0327299 -0.999464 -0
    outer loop
      vertex -82.55 -50.8 15.875
      vertex -82.9653 -50.7864 0
      vertex -82.55 -50.8 0
    endloop
  endfacet
  facet normal -0.162916 -0.98664 0
    outer loop
      vertex -83.7888 -50.678 0
      vertex -83.3788 -50.7457 15.875
      vertex -83.7888 -50.678 15.875
    endloop
  endfacet
  facet normal -0.162916 -0.98664 -0
    outer loop
      vertex -83.3788 -50.7457 15.875
      vertex -83.7888 -50.678 0
      vertex -83.3788 -50.7457 0
    endloop
  endfacet
  facet normal -0.290261 -0.956947 0
    outer loop
      vertex -84.5911 -50.463 0
      vertex -84.1935 -50.5836 15.875
      vertex -84.5911 -50.463 15.875
    endloop
  endfacet
  facet normal -0.290261 -0.956947 -0
    outer loop
      vertex -84.1935 -50.5836 15.875
      vertex -84.5911 -50.463 0
      vertex -84.1935 -50.5836 0
    endloop
  endfacet
  facet normal 0.227161 0.973857 -0
    outer loop
      vertex 84.1935 50.5836 0
      vertex 83.7888 50.678 15.875
      vertex 84.1935 50.5836 15.875
    endloop
  endfacet
  facet normal 0.227161 0.973857 0
    outer loop
      vertex 83.7888 50.678 15.875
      vertex 84.1935 50.5836 0
      vertex 83.7888 50.678 0
    endloop
  endfacet
  facet normal 0.58249 0.812838 -0
    outer loop
      vertex 86.4156 49.4878 0
      vertex 86.0779 49.7298 15.875
      vertex 86.4156 49.4878 15.875
    endloop
  endfacet
  facet normal 0.58249 0.812838 0
    outer loop
      vertex 86.0779 49.7298 15.875
      vertex 86.4156 49.4878 0
      vertex 86.0779 49.7298 0
    endloop
  endfacet
  facet normal 0.412715 0.91086 -0
    outer loop
      vertex 85.3585 50.1451 0
      vertex 84.98 50.3166 15.875
      vertex 85.3585 50.1451 15.875
    endloop
  endfacet
  facet normal 0.412715 0.91086 0
    outer loop
      vertex 84.98 50.3166 15.875
      vertex 85.3585 50.1451 0
      vertex 84.98 50.3166 0
    endloop
  endfacet
  facet normal 0.471213 0.88202 -0
    outer loop
      vertex 85.725 49.9493 0
      vertex 85.3585 50.1451 15.875
      vertex 85.725 49.9493 15.875
    endloop
  endfacet
  facet normal 0.471213 0.88202 0
    outer loop
      vertex 85.3585 50.1451 15.875
      vertex 85.725 49.9493 0
      vertex 85.3585 50.1451 0
    endloop
  endfacet
  facet normal 0.812838 0.58249 0
    outer loop
      vertex 87.8298 47.9779 15.875
      vertex 87.5878 48.3156 0
      vertex 87.5878 48.3156 15.875
    endloop
  endfacet
  facet normal 0.812838 0.58249 0
    outer loop
      vertex 87.5878 48.3156 0
      vertex 87.8298 47.9779 15.875
      vertex 87.8298 47.9779 0
    endloop
  endfacet
  facet normal 0.849145 0.528159 0
    outer loop
      vertex 88.0493 47.625 15.875
      vertex 87.8298 47.9779 0
      vertex 87.8298 47.9779 15.875
    endloop
  endfacet
  facet normal 0.849145 0.528159 0
    outer loop
      vertex 87.8298 47.9779 0
      vertex 88.0493 47.625 15.875
      vertex 88.0493 47.625 0
    endloop
  endfacet
  facet normal 0.91086 0.412715 0
    outer loop
      vertex 88.4166 46.88 15.875
      vertex 88.2451 47.2585 0
      vertex 88.2451 47.2585 15.875
    endloop
  endfacet
  facet normal 0.91086 0.412715 0
    outer loop
      vertex 88.2451 47.2585 0
      vertex 88.4166 46.88 15.875
      vertex 88.4166 46.88 0
    endloop
  endfacet
  facet normal 0.973857 0.227161 0
    outer loop
      vertex 88.778 45.6888 15.875
      vertex 88.6836 46.0935 0
      vertex 88.6836 46.0935 15.875
    endloop
  endfacet
  facet normal 0.973857 0.227161 0
    outer loop
      vertex 88.6836 46.0935 0
      vertex 88.778 45.6888 15.875
      vertex 88.778 45.6888 0
    endloop
  endfacet
  facet normal 0.98664 0.162916 0
    outer loop
      vertex 88.8457 45.2788 15.875
      vertex 88.778 45.6888 0
      vertex 88.778 45.6888 15.875
    endloop
  endfacet
  facet normal 0.98664 0.162916 0
    outer loop
      vertex 88.778 45.6888 0
      vertex 88.8457 45.2788 15.875
      vertex 88.8457 45.2788 0
    endloop
  endfacet
  facet normal 0.63439 -0.773013 0
    outer loop
      vertex 86.4156 -49.4878 0
      vertex 86.7368 -49.2242 15.875
      vertex 86.4156 -49.4878 15.875
    endloop
  endfacet
  facet normal 0.63439 -0.773013 0
    outer loop
      vertex 86.7368 -49.2242 15.875
      vertex 86.4156 -49.4878 0
      vertex 86.7368 -49.2242 0
    endloop
  endfacet
  facet normal 0.683629 -0.72983 0
    outer loop
      vertex 86.7368 -49.2242 0
      vertex 87.0401 -48.9401 15.875
      vertex 86.7368 -49.2242 15.875
    endloop
  endfacet
  facet normal 0.683629 -0.72983 0
    outer loop
      vertex 87.0401 -48.9401 15.875
      vertex 86.7368 -49.2242 0
      vertex 87.0401 -48.9401 0
    endloop
  endfacet
  facet normal 0.98664 -0.162916 0
    outer loop
      vertex 88.778 -45.6888 15.875
      vertex 88.8457 -45.2788 0
      vertex 88.8457 -45.2788 15.875
    endloop
  endfacet
  facet normal 0.98664 -0.162916 0
    outer loop
      vertex 88.8457 -45.2788 0
      vertex 88.778 -45.6888 15.875
      vertex 88.778 -45.6888 0
    endloop
  endfacet
  facet normal 0.973857 -0.227161 0
    outer loop
      vertex 88.6836 -46.0935 15.875
      vertex 88.778 -45.6888 0
      vertex 88.778 -45.6888 15.875
    endloop
  endfacet
  facet normal 0.973857 -0.227161 0
    outer loop
      vertex 88.778 -45.6888 0
      vertex 88.6836 -46.0935 15.875
      vertex 88.6836 -46.0935 0
    endloop
  endfacet
  facet normal 0.956947 -0.290261 0
    outer loop
      vertex 88.563 -46.4911 15.875
      vertex 88.6836 -46.0935 0
      vertex 88.6836 -46.0935 15.875
    endloop
  endfacet
  facet normal 0.956947 -0.290261 0
    outer loop
      vertex 88.6836 -46.0935 0
      vertex 88.563 -46.4911 15.875
      vertex 88.563 -46.4911 0
    endloop
  endfacet
  facet normal 0.935883 -0.35231 0
    outer loop
      vertex 88.4166 -46.88 15.875
      vertex 88.563 -46.4911 0
      vertex 88.563 -46.4911 15.875
    endloop
  endfacet
  facet normal 0.935883 -0.35231 0
    outer loop
      vertex 88.563 -46.4911 0
      vertex 88.4166 -46.88 15.875
      vertex 88.4166 -46.88 0
    endloop
  endfacet
  facet normal 0.412715 -0.91086 0
    outer loop
      vertex 84.98 -50.3166 0
      vertex 85.3585 -50.1451 15.875
      vertex 84.98 -50.3166 15.875
    endloop
  endfacet
  facet normal 0.412715 -0.91086 0
    outer loop
      vertex 85.3585 -50.1451 15.875
      vertex 84.98 -50.3166 0
      vertex 85.3585 -50.1451 0
    endloop
  endfacet
  facet normal 0.35231 -0.935883 0
    outer loop
      vertex 84.5911 -50.463 0
      vertex 84.98 -50.3166 15.875
      vertex 84.5911 -50.463 15.875
    endloop
  endfacet
  facet normal 0.35231 -0.935883 0
    outer loop
      vertex 84.98 -50.3166 15.875
      vertex 84.5911 -50.463 0
      vertex 84.98 -50.3166 0
    endloop
  endfacet
  facet normal 0.227161 -0.973857 0
    outer loop
      vertex 83.7888 -50.678 0
      vertex 84.1935 -50.5836 15.875
      vertex 83.7888 -50.678 15.875
    endloop
  endfacet
  facet normal 0.227161 -0.973857 0
    outer loop
      vertex 84.1935 -50.5836 15.875
      vertex 83.7888 -50.678 0
      vertex 84.1935 -50.5836 0
    endloop
  endfacet
  facet normal 0.0979547 -0.995191 0
    outer loop
      vertex 82.9653 -50.7864 0
      vertex 83.3788 -50.7457 15.875
      vertex 82.9653 -50.7864 15.875
    endloop
  endfacet
  facet normal 0.0979547 -0.995191 0
    outer loop
      vertex 83.3788 -50.7457 15.875
      vertex 82.9653 -50.7864 0
      vertex 83.3788 -50.7457 0
    endloop
  endfacet
  facet normal 0.0327299 -0.999464 0
    outer loop
      vertex 82.55 -50.8 0
      vertex 82.9653 -50.7864 15.875
      vertex 82.55 -50.8 15.875
    endloop
  endfacet
  facet normal 0.0327299 -0.999464 0
    outer loop
      vertex 82.9653 -50.7864 15.875
      vertex 82.55 -50.8 0
      vertex 82.9653 -50.7864 0
    endloop
  endfacet
  facet normal -0.227161 -0.973857 0
    outer loop
      vertex -84.1935 -50.5836 0
      vertex -83.7888 -50.678 15.875
      vertex -84.1935 -50.5836 15.875
    endloop
  endfacet
  facet normal -0.227161 -0.973857 -0
    outer loop
      vertex -83.7888 -50.678 15.875
      vertex -84.1935 -50.5836 0
      vertex -83.7888 -50.678 0
    endloop
  endfacet
  facet normal -0.35231 -0.935883 0
    outer loop
      vertex -84.98 -50.3166 0
      vertex -84.5911 -50.463 15.875
      vertex -84.98 -50.3166 15.875
    endloop
  endfacet
  facet normal -0.35231 -0.935883 -0
    outer loop
      vertex -84.5911 -50.463 15.875
      vertex -84.98 -50.3166 0
      vertex -84.5911 -50.463 0
    endloop
  endfacet
  facet normal -0.58249 -0.812838 0
    outer loop
      vertex -86.4156 -49.4878 0
      vertex -86.0779 -49.7298 15.875
      vertex -86.4156 -49.4878 15.875
    endloop
  endfacet
  facet normal -0.58249 -0.812838 -0
    outer loop
      vertex -86.0779 -49.7298 15.875
      vertex -86.4156 -49.4878 0
      vertex -86.0779 -49.7298 0
    endloop
  endfacet
  facet normal 0.72983 -0.683629 0
    outer loop
      vertex 87.0401 -48.9401 15.875
      vertex 87.3242 -48.6368 0
      vertex 87.3242 -48.6368 15.875
    endloop
  endfacet
  facet normal 0.72983 -0.683629 0
    outer loop
      vertex 87.3242 -48.6368 0
      vertex 87.0401 -48.9401 15.875
      vertex 87.0401 -48.9401 0
    endloop
  endfacet
  facet normal 0.812838 -0.58249 0
    outer loop
      vertex 87.5878 -48.3156 15.875
      vertex 87.8298 -47.9779 0
      vertex 87.8298 -47.9779 15.875
    endloop
  endfacet
  facet normal 0.812838 -0.58249 0
    outer loop
      vertex 87.8298 -47.9779 0
      vertex 87.5878 -48.3156 15.875
      vertex 87.5878 -48.3156 0
    endloop
  endfacet
  facet normal 0.849145 -0.528159 0
    outer loop
      vertex 87.8298 -47.9779 15.875
      vertex 88.0493 -47.625 0
      vertex 88.0493 -47.625 15.875
    endloop
  endfacet
  facet normal 0.849145 -0.528159 0
    outer loop
      vertex 88.0493 -47.625 0
      vertex 87.8298 -47.9779 15.875
      vertex 87.8298 -47.9779 0
    endloop
  endfacet
  facet normal 0.471213 -0.88202 0
    outer loop
      vertex 85.3585 -50.1451 0
      vertex 85.725 -49.9493 15.875
      vertex 85.3585 -50.1451 15.875
    endloop
  endfacet
  facet normal 0.471213 -0.88202 0
    outer loop
      vertex 85.725 -49.9493 15.875
      vertex 85.3585 -50.1451 0
      vertex 85.725 -49.9493 0
    endloop
  endfacet
  facet normal -0.471213 -0.88202 0
    outer loop
      vertex -85.725 -49.9493 0
      vertex -85.3585 -50.1451 15.875
      vertex -85.725 -49.9493 15.875
    endloop
  endfacet
  facet normal -0.471213 -0.88202 -0
    outer loop
      vertex -85.3585 -50.1451 15.875
      vertex -85.725 -49.9493 0
      vertex -85.3585 -50.1451 0
    endloop
  endfacet
  facet normal -0.683629 -0.72983 0
    outer loop
      vertex -87.0401 -48.9401 0
      vertex -86.7368 -49.2242 15.875
      vertex -87.0401 -48.9401 15.875
    endloop
  endfacet
  facet normal -0.683629 -0.72983 -0
    outer loop
      vertex -86.7368 -49.2242 15.875
      vertex -87.0401 -48.9401 0
      vertex -86.7368 -49.2242 0
    endloop
  endfacet
  facet normal 0.88202 -0.471213 0
    outer loop
      vertex 88.0493 -47.625 15.875
      vertex 88.2451 -47.2585 0
      vertex 88.2451 -47.2585 15.875
    endloop
  endfacet
  facet normal 0.88202 -0.471213 0
    outer loop
      vertex 88.2451 -47.2585 0
      vertex 88.0493 -47.625 15.875
      vertex 88.0493 -47.625 0
    endloop
  endfacet
  facet normal 0.58249 -0.812838 0
    outer loop
      vertex 86.0779 -49.7298 0
      vertex 86.4156 -49.4878 15.875
      vertex 86.0779 -49.7298 15.875
    endloop
  endfacet
  facet normal 0.58249 -0.812838 0
    outer loop
      vertex 86.4156 -49.4878 15.875
      vertex 86.0779 -49.7298 0
      vertex 86.4156 -49.4878 0
    endloop
  endfacet
  facet normal 0.528159 -0.849145 0
    outer loop
      vertex 85.725 -49.9493 0
      vertex 86.0779 -49.7298 15.875
      vertex 85.725 -49.9493 15.875
    endloop
  endfacet
  facet normal 0.528159 -0.849145 0
    outer loop
      vertex 86.0779 -49.7298 15.875
      vertex 85.725 -49.9493 0
      vertex 86.0779 -49.7298 0
    endloop
  endfacet
  facet normal -0.412715 -0.91086 0
    outer loop
      vertex -85.3585 -50.1451 0
      vertex -84.98 -50.3166 15.875
      vertex -85.3585 -50.1451 15.875
    endloop
  endfacet
  facet normal -0.412715 -0.91086 -0
    outer loop
      vertex -84.98 -50.3166 15.875
      vertex -85.3585 -50.1451 0
      vertex -84.98 -50.3166 0
    endloop
  endfacet
  facet normal -0.528159 -0.849145 0
    outer loop
      vertex -86.0779 -49.7298 0
      vertex -85.725 -49.9493 15.875
      vertex -86.0779 -49.7298 15.875
    endloop
  endfacet
  facet normal -0.528159 -0.849145 -0
    outer loop
      vertex -85.725 -49.9493 15.875
      vertex -86.0779 -49.7298 0
      vertex -85.725 -49.9493 0
    endloop
  endfacet
  facet normal -0.849145 -0.528159 0
    outer loop
      vertex -87.8298 -47.9779 0
      vertex -88.0493 -47.625 15.875
      vertex -88.0493 -47.625 0
    endloop
  endfacet
  facet normal -0.849145 -0.528159 0
    outer loop
      vertex -88.0493 -47.625 15.875
      vertex -87.8298 -47.9779 0
      vertex -87.8298 -47.9779 15.875
    endloop
  endfacet
  facet normal -0.88202 -0.471213 0
    outer loop
      vertex -88.0493 -47.625 0
      vertex -88.2451 -47.2585 15.875
      vertex -88.2451 -47.2585 0
    endloop
  endfacet
  facet normal -0.88202 -0.471213 0
    outer loop
      vertex -88.2451 -47.2585 15.875
      vertex -88.0493 -47.625 0
      vertex -88.0493 -47.625 15.875
    endloop
  endfacet
  facet normal -0.91086 -0.412715 0
    outer loop
      vertex -88.2451 -47.2585 0
      vertex -88.4166 -46.88 15.875
      vertex -88.4166 -46.88 0
    endloop
  endfacet
  facet normal -0.91086 -0.412715 0
    outer loop
      vertex -88.4166 -46.88 15.875
      vertex -88.2451 -47.2585 0
      vertex -88.2451 -47.2585 15.875
    endloop
  endfacet
  facet normal -0.956947 -0.290261 0
    outer loop
      vertex -88.563 -46.4911 0
      vertex -88.6836 -46.0935 15.875
      vertex -88.6836 -46.0935 0
    endloop
  endfacet
  facet normal -0.956947 -0.290261 0
    outer loop
      vertex -88.6836 -46.0935 15.875
      vertex -88.563 -46.4911 0
      vertex -88.563 -46.4911 15.875
    endloop
  endfacet
  facet normal -0.973857 -0.227161 0
    outer loop
      vertex -88.6836 -46.0935 0
      vertex -88.778 -45.6888 15.875
      vertex -88.778 -45.6888 0
    endloop
  endfacet
  facet normal -0.973857 -0.227161 0
    outer loop
      vertex -88.778 -45.6888 15.875
      vertex -88.6836 -46.0935 0
      vertex -88.6836 -46.0935 15.875
    endloop
  endfacet
  facet normal 0.995187 0.0979977 0
    outer loop
      vertex -53.5102 -18.4985 15.875
      vertex -53.5611 -17.9816 0
      vertex -53.5611 -17.9816 15.875
    endloop
  endfacet
  facet normal 0.995187 0.0979977 0
    outer loop
      vertex -53.5611 -17.9816 0
      vertex -53.5102 -18.4985 15.875
      vertex -53.5102 -18.4985 0
    endloop
  endfacet
  facet normal 1 -0 0
    outer loop
      vertex -53.5781 -17.4625 15.875
      vertex -53.5781 17.4625 0
      vertex -53.5781 17.4625 15.875
    endloop
  endfacet
  facet normal 1 0 0
    outer loop
      vertex -53.5781 17.4625 0
      vertex -53.5781 -17.4625 15.875
      vertex -53.5781 -17.4625 0
    endloop
  endfacet
  facet normal 0.999464 0.0327314 0
    outer loop
      vertex -53.5611 -17.9816 15.875
      vertex -53.5781 -17.4625 0
      vertex -53.5781 -17.4625 15.875
    endloop
  endfacet
  facet normal 0.999464 0.0327314 0
    outer loop
      vertex -53.5781 -17.4625 0
      vertex -53.5611 -17.9816 15.875
      vertex -53.5611 -17.9816 0
    endloop
  endfacet
  facet normal -0.0327251 -0.999464 0
    outer loop
      vertex 45.6406 25.4 0
      vertex 46.1598 25.383 15.875
      vertex 45.6406 25.4 15.875
    endloop
  endfacet
  facet normal -0.0327251 -0.999464 -0
    outer loop
      vertex 46.1598 25.383 15.875
      vertex 45.6406 25.4 0
      vertex 46.1598 25.383 0
    endloop
  endfacet
  facet normal -0.352262 0.935901 0
    outer loop
      vertex 48.6782 -24.7958 0
      vertex 48.192 -24.9788 15.875
      vertex 48.6782 -24.7958 15.875
    endloop
  endfacet
  facet normal -0.352262 0.935901 0
    outer loop
      vertex 48.192 -24.9788 15.875
      vertex 48.6782 -24.7958 0
      vertex 48.192 -24.9788 0
    endloop
  endfacet
  facet normal 0.910867 -0.4127 0
    outer loop
      vertex -52.9739 20.5 15.875
      vertex -52.7595 20.9732 0
      vertex -52.7595 20.9732 15.875
    endloop
  endfacet
  facet normal 0.910867 -0.4127 0
    outer loop
      vertex -52.7595 20.9732 0
      vertex -52.9739 20.5 15.875
      vertex -52.9739 20.5 0
    endloop
  endfacet
  facet normal 0.999464 -0.0327314 0
    outer loop
      vertex -53.5781 17.4625 15.875
      vertex -53.5611 17.9816 0
      vertex -53.5611 17.9816 15.875
    endloop
  endfacet
  facet normal 0.999464 -0.0327314 0
    outer loop
      vertex -53.5611 17.9816 0
      vertex -53.5781 17.4625 15.875
      vertex -53.5781 17.4625 0
    endloop
  endfacet
  facet normal -1 0 0
    outer loop
      vertex 53.5781 -17.4625 0
      vertex 53.5781 17.4625 15.875
      vertex 53.5781 17.4625 0
    endloop
  endfacet
  facet normal -1 -0 0
    outer loop
      vertex 53.5781 17.4625 15.875
      vertex 53.5781 -17.4625 0
      vertex 53.5781 -17.4625 15.875
    endloop
  endfacet
  facet normal -0.849197 -0.528077 0
    outer loop
      vertex 52.5147 21.4312 0
      vertex 52.2404 21.8723 15.875
      vertex 52.2404 21.8723 0
    endloop
  endfacet
  facet normal -0.849197 -0.528077 0
    outer loop
      vertex 52.2404 21.8723 15.875
      vertex 52.5147 21.4312 0
      vertex 52.5147 21.4312 15.875
    endloop
  endfacet
  facet normal 0 -1 0
    outer loop
      vertex -45.6406 25.4 0
      vertex 45.6406 25.4 15.875
      vertex -45.6406 25.4 15.875
    endloop
  endfacet
  facet normal 0 -1 -0
    outer loop
      vertex 45.6406 25.4 15.875
      vertex -45.6406 25.4 0
      vertex 45.6406 25.4 0
    endloop
  endfacet
  facet normal 0.227151 -0.97386 0
    outer loop
      vertex -47.695 25.1295 0
      vertex -47.1891 25.2475 15.875
      vertex -47.695 25.1295 15.875
    endloop
  endfacet
  facet normal 0.227151 -0.97386 0
    outer loop
      vertex -47.1891 25.2475 15.875
      vertex -47.695 25.1295 0
      vertex -47.1891 25.2475 0
    endloop
  endfacet
  facet normal 0.772918 -0.634505 0
    outer loop
      vertex -51.9379 22.2945 15.875
      vertex -51.6083 22.696 0
      vertex -51.6083 22.696 15.875
    endloop
  endfacet
  facet normal 0.772918 -0.634505 0
    outer loop
      vertex -51.6083 22.696 0
      vertex -51.9379 22.2945 15.875
      vertex -51.9379 22.2945 0
    endloop
  endfacet
  facet normal 0.995187 -0.0979977 0
    outer loop
      vertex -53.5611 17.9816 15.875
      vertex -53.5102 18.4985 0
      vertex -53.5102 18.4985 15.875
    endloop
  endfacet
  facet normal 0.995187 -0.0979977 0
    outer loop
      vertex -53.5102 18.4985 0
      vertex -53.5611 17.9816 15.875
      vertex -53.5611 17.9816 0
    endloop
  endfacet
  facet normal -0.999464 -0.0327314 0
    outer loop
      vertex 53.5781 17.4625 0
      vertex 53.5611 17.9816 15.875
      vertex 53.5611 17.9816 0
    endloop
  endfacet
  facet normal -0.999464 -0.0327314 0
    outer loop
      vertex 53.5611 17.9816 15.875
      vertex 53.5781 17.4625 0
      vertex 53.5781 17.4625 15.875
    endloop
  endfacet
  facet normal -0.910867 0.4127 0
    outer loop
      vertex 52.7595 -20.9732 0
      vertex 52.9739 -20.5 15.875
      vertex 52.9739 -20.5 0
    endloop
  endfacet
  facet normal -0.910867 0.4127 0
    outer loop
      vertex 52.9739 -20.5 15.875
      vertex 52.7595 -20.9732 0
      vertex 52.7595 -20.9732 15.875
    endloop
  endfacet
  facet normal -0.995187 0.0979977 0
    outer loop
      vertex 53.5102 -18.4985 0
      vertex 53.5611 -17.9816 15.875
      vertex 53.5611 -17.9816 0
    endloop
  endfacet
  facet normal -0.995187 0.0979977 0
    outer loop
      vertex 53.5611 -17.9816 15.875
      vertex 53.5102 -18.4985 0
      vertex 53.5102 -18.4985 15.875
    endloop
  endfacet
  facet normal 0.881926 0.471388 0
    outer loop
      vertex -52.5147 -21.4312 15.875
      vertex -52.7595 -20.9732 0
      vertex -52.7595 -20.9732 15.875
    endloop
  endfacet
  facet normal 0.881926 0.471388 0
    outer loop
      vertex -52.7595 -20.9732 0
      vertex -52.5147 -21.4312 15.875
      vertex -52.5147 -21.4312 0
    endloop
  endfacet
  facet normal 0.0327251 0.999464 -0
    outer loop
      vertex -45.6406 -25.4 0
      vertex -46.1598 -25.383 15.875
      vertex -45.6406 -25.4 15.875
    endloop
  endfacet
  facet normal 0.0327251 0.999464 0
    outer loop
      vertex -46.1598 -25.383 15.875
      vertex -45.6406 -25.4 0
      vertex -46.1598 -25.383 0
    endloop
  endfacet
  facet normal 0.290173 -0.956974 0
    outer loop
      vertex -48.192 24.9788 0
      vertex -47.695 25.1295 15.875
      vertex -48.192 24.9788 15.875
    endloop
  endfacet
  facet normal 0.290173 -0.956974 0
    outer loop
      vertex -47.695 25.1295 15.875
      vertex -48.192 24.9788 0
      vertex -47.695 25.1295 0
    endloop
  endfacet
  facet normal 0.0327251 -0.999464 0
    outer loop
      vertex -46.1598 25.383 0
      vertex -45.6406 25.4 15.875
      vertex -46.1598 25.383 15.875
    endloop
  endfacet
  facet normal 0.0327251 -0.999464 0
    outer loop
      vertex -45.6406 25.4 15.875
      vertex -46.1598 25.383 0
      vertex -45.6406 25.4 0
    endloop
  endfacet
  facet normal 0.1629 -0.986643 0
    outer loop
      vertex -47.1891 25.2475 0
      vertex -46.6767 25.3321 15.875
      vertex -47.1891 25.2475 15.875
    endloop
  endfacet
  facet normal 0.1629 -0.986643 0
    outer loop
      vertex -46.6767 25.3321 15.875
      vertex -47.1891 25.2475 0
      vertex -46.6767 25.3321 0
    endloop
  endfacet
  facet normal 0.58264 -0.812731 0
    outer loop
      vertex -50.4726 23.7597 0
      vertex -50.0505 24.0623 15.875
      vertex -50.4726 23.7597 15.875
    endloop
  endfacet
  facet normal 0.58264 -0.812731 0
    outer loop
      vertex -50.0505 24.0623 15.875
      vertex -50.4726 23.7597 0
      vertex -50.0505 24.0623 0
    endloop
  endfacet
  facet normal 0.956974 -0.290173 0
    outer loop
      vertex -53.3076 19.5169 15.875
      vertex -53.1569 20.0139 0
      vertex -53.1569 20.0139 15.875
    endloop
  endfacet
  facet normal 0.956974 -0.290173 0
    outer loop
      vertex -53.1569 20.0139 0
      vertex -53.3076 19.5169 15.875
      vertex -53.3076 19.5169 0
    endloop
  endfacet
  facet normal 0.849197 -0.528077 0
    outer loop
      vertex -52.5147 21.4312 15.875
      vertex -52.2404 21.8723 0
      vertex -52.2404 21.8723 15.875
    endloop
  endfacet
  facet normal 0.849197 -0.528077 0
    outer loop
      vertex -52.2404 21.8723 0
      vertex -52.5147 21.4312 15.875
      vertex -52.5147 21.4312 0
    endloop
  endfacet
  facet normal -0.999464 0.0327314 0
    outer loop
      vertex 53.5611 -17.9816 0
      vertex 53.5781 -17.4625 15.875
      vertex 53.5781 -17.4625 0
    endloop
  endfacet
  facet normal -0.999464 0.0327314 0
    outer loop
      vertex 53.5781 -17.4625 15.875
      vertex 53.5611 -17.9816 0
      vertex 53.5611 -17.9816 15.875
    endloop
  endfacet
  facet normal 0.956974 0.290173 0
    outer loop
      vertex -53.1569 -20.0139 15.875
      vertex -53.3076 -19.5169 0
      vertex -53.3076 -19.5169 15.875
    endloop
  endfacet
  facet normal 0.956974 0.290173 0
    outer loop
      vertex -53.3076 -19.5169 0
      vertex -53.1569 -20.0139 15.875
      vertex -53.1569 -20.0139 0
    endloop
  endfacet
  facet normal 0 1 -0
    outer loop
      vertex 45.6406 -25.4 0
      vertex -45.6406 -25.4 15.875
      vertex 45.6406 -25.4 15.875
    endloop
  endfacet
  facet normal 0 1 0
    outer loop
      vertex -45.6406 -25.4 15.875
      vertex 45.6406 -25.4 0
      vertex -45.6406 -25.4 0
    endloop
  endfacet
  facet normal -0.1629 0.986643 0
    outer loop
      vertex 47.1891 -25.2475 0
      vertex 46.6767 -25.3321 15.875
      vertex 47.1891 -25.2475 15.875
    endloop
  endfacet
  facet normal -0.1629 0.986643 0
    outer loop
      vertex 46.6767 -25.3321 15.875
      vertex 47.1891 -25.2475 0
      vertex 46.6767 -25.3321 0
    endloop
  endfacet
  facet normal -0.227151 0.97386 0
    outer loop
      vertex 47.695 -25.1295 0
      vertex 47.1891 -25.2475 15.875
      vertex 47.695 -25.1295 15.875
    endloop
  endfacet
  facet normal -0.227151 0.97386 0
    outer loop
      vertex 47.1891 -25.2475 15.875
      vertex 47.695 -25.1295 0
      vertex 47.1891 -25.2475 0
    endloop
  endfacet
  facet normal -0.0327251 0.999464 0
    outer loop
      vertex 46.1598 -25.383 0
      vertex 45.6406 -25.4 15.875
      vertex 46.1598 -25.383 15.875
    endloop
  endfacet
  facet normal -0.0327251 0.999464 0
    outer loop
      vertex 45.6406 -25.4 15.875
      vertex 46.1598 -25.383 0
      vertex 45.6406 -25.4 0
    endloop
  endfacet
  facet normal 0.0979977 -0.995187 0
    outer loop
      vertex -46.6767 25.3321 0
      vertex -46.1598 25.383 15.875
      vertex -46.6767 25.3321 15.875
    endloop
  endfacet
  facet normal 0.0979977 -0.995187 0
    outer loop
      vertex -46.1598 25.383 15.875
      vertex -46.6767 25.3321 0
      vertex -46.1598 25.383 0
    endloop
  endfacet
  facet normal 0.471308 -0.881969 0
    outer loop
      vertex -49.6094 24.3366 0
      vertex -49.1513 24.5814 15.875
      vertex -49.6094 24.3366 15.875
    endloop
  endfacet
  facet normal 0.471308 -0.881969 0
    outer loop
      vertex -49.1513 24.5814 15.875
      vertex -49.6094 24.3366 0
      vertex -49.1513 24.5814 0
    endloop
  endfacet
  facet normal 0.528077 -0.849197 0
    outer loop
      vertex -50.0505 24.0623 0
      vertex -49.6094 24.3366 15.875
      vertex -50.0505 24.0623 15.875
    endloop
  endfacet
  facet normal 0.528077 -0.849197 0
    outer loop
      vertex -49.6094 24.3366 15.875
      vertex -50.0505 24.0623 0
      vertex -49.6094 24.3366 0
    endloop
  endfacet
  facet normal 0.683627 -0.729831 0
    outer loop
      vertex -51.2533 23.0751 0
      vertex -50.8742 23.4302 15.875
      vertex -51.2533 23.0751 15.875
    endloop
  endfacet
  facet normal 0.683627 -0.729831 0
    outer loop
      vertex -50.8742 23.4302 15.875
      vertex -51.2533 23.0751 0
      vertex -50.8742 23.4302 0
    endloop
  endfacet
  facet normal 0.729927 -0.683525 0
    outer loop
      vertex -51.6083 22.696 15.875
      vertex -51.2533 23.0751 0
      vertex -51.2533 23.0751 15.875
    endloop
  endfacet
  facet normal 0.729927 -0.683525 0
    outer loop
      vertex -51.2533 23.0751 0
      vertex -51.6083 22.696 15.875
      vertex -51.6083 22.696 0
    endloop
  endfacet
  facet normal 0.634296 -0.77309 0
    outer loop
      vertex -50.8742 23.4302 0
      vertex -50.4726 23.7597 15.875
      vertex -50.8742 23.4302 15.875
    endloop
  endfacet
  facet normal 0.634296 -0.77309 0
    outer loop
      vertex -50.4726 23.7597 15.875
      vertex -50.8742 23.4302 0
      vertex -50.4726 23.7597 0
    endloop
  endfacet
  facet normal 0.986648 -0.162869 0
    outer loop
      vertex -53.5102 18.4985 15.875
      vertex -53.4256 19.011 0
      vertex -53.4256 19.011 15.875
    endloop
  endfacet
  facet normal 0.986648 -0.162869 0
    outer loop
      vertex -53.4256 19.011 0
      vertex -53.5102 18.4985 15.875
      vertex -53.5102 18.4985 0
    endloop
  endfacet
  facet normal 0.935877 -0.352326 0
    outer loop
      vertex -53.1569 20.0139 15.875
      vertex -52.9739 20.5 0
      vertex -52.9739 20.5 15.875
    endloop
  endfacet
  facet normal 0.935877 -0.352326 0
    outer loop
      vertex -52.9739 20.5 0
      vertex -53.1569 20.0139 15.875
      vertex -53.1569 20.0139 0
    endloop
  endfacet
  facet normal 0.97386 -0.227151 0
    outer loop
      vertex -53.4256 19.011 15.875
      vertex -53.3076 19.5169 0
      vertex -53.3076 19.5169 15.875
    endloop
  endfacet
  facet normal 0.97386 -0.227151 0
    outer loop
      vertex -53.3076 19.5169 0
      vertex -53.4256 19.011 15.875
      vertex -53.4256 19.011 0
    endloop
  endfacet
  facet normal 0.881926 -0.471388 0
    outer loop
      vertex -52.7595 20.9732 15.875
      vertex -52.5147 21.4312 0
      vertex -52.5147 21.4312 15.875
    endloop
  endfacet
  facet normal 0.881926 -0.471388 0
    outer loop
      vertex -52.5147 21.4312 0
      vertex -52.7595 20.9732 15.875
      vertex -52.7595 20.9732 0
    endloop
  endfacet
  facet normal 0.812887 -0.582421 0
    outer loop
      vertex -52.2404 21.8723 15.875
      vertex -51.9379 22.2945 0
      vertex -51.9379 22.2945 15.875
    endloop
  endfacet
  facet normal 0.812887 -0.582421 0
    outer loop
      vertex -51.9379 22.2945 0
      vertex -52.2404 21.8723 15.875
      vertex -52.2404 21.8723 0
    endloop
  endfacet
  facet normal -0.528077 0.849197 0
    outer loop
      vertex 50.0505 -24.0623 0
      vertex 49.6094 -24.3366 15.875
      vertex 50.0505 -24.0623 15.875
    endloop
  endfacet
  facet normal -0.528077 0.849197 0
    outer loop
      vertex 49.6094 -24.3366 15.875
      vertex 50.0505 -24.0623 0
      vertex 49.6094 -24.3366 0
    endloop
  endfacet
  facet normal -0.729927 0.683525 0
    outer loop
      vertex 51.2533 -23.0751 0
      vertex 51.6083 -22.696 15.875
      vertex 51.6083 -22.696 0
    endloop
  endfacet
  facet normal -0.729927 0.683525 0
    outer loop
      vertex 51.6083 -22.696 15.875
      vertex 51.2533 -23.0751 0
      vertex 51.2533 -23.0751 15.875
    endloop
  endfacet
  facet normal -0.634296 0.77309 0
    outer loop
      vertex 50.8742 -23.4302 0
      vertex 50.4726 -23.7597 15.875
      vertex 50.8742 -23.4302 15.875
    endloop
  endfacet
  facet normal -0.634296 0.77309 0
    outer loop
      vertex 50.4726 -23.7597 15.875
      vertex 50.8742 -23.4302 0
      vertex 50.4726 -23.7597 0
    endloop
  endfacet
  facet normal -0.935877 0.352326 0
    outer loop
      vertex 52.9739 -20.5 0
      vertex 53.1569 -20.0139 15.875
      vertex 53.1569 -20.0139 0
    endloop
  endfacet
  facet normal -0.935877 0.352326 0
    outer loop
      vertex 53.1569 -20.0139 15.875
      vertex 52.9739 -20.5 0
      vertex 52.9739 -20.5 15.875
    endloop
  endfacet
  facet normal -0.97386 0.227151 0
    outer loop
      vertex 53.3076 -19.5169 0
      vertex 53.4256 -19.011 15.875
      vertex 53.4256 -19.011 0
    endloop
  endfacet
  facet normal -0.97386 0.227151 0
    outer loop
      vertex 53.4256 -19.011 15.875
      vertex 53.3076 -19.5169 0
      vertex 53.3076 -19.5169 15.875
    endloop
  endfacet
  facet normal -0.881926 0.471388 0
    outer loop
      vertex 52.5147 -21.4312 0
      vertex 52.7595 -20.9732 15.875
      vertex 52.7595 -20.9732 0
    endloop
  endfacet
  facet normal -0.881926 0.471388 0
    outer loop
      vertex 52.7595 -20.9732 15.875
      vertex 52.5147 -21.4312 0
      vertex 52.5147 -21.4312 15.875
    endloop
  endfacet
  facet normal -0.812887 0.582421 0
    outer loop
      vertex 51.9379 -22.2945 0
      vertex 52.2404 -21.8723 15.875
      vertex 52.2404 -21.8723 0
    endloop
  endfacet
  facet normal -0.812887 0.582421 0
    outer loop
      vertex 52.2404 -21.8723 15.875
      vertex 51.9379 -22.2945 0
      vertex 51.9379 -22.2945 15.875
    endloop
  endfacet
  facet normal 0.528077 0.849197 -0
    outer loop
      vertex -49.6094 -24.3366 0
      vertex -50.0505 -24.0623 15.875
      vertex -49.6094 -24.3366 15.875
    endloop
  endfacet
  facet normal 0.528077 0.849197 0
    outer loop
      vertex -50.0505 -24.0623 15.875
      vertex -49.6094 -24.3366 0
      vertex -50.0505 -24.0623 0
    endloop
  endfacet
  facet normal 0.634296 0.77309 -0
    outer loop
      vertex -50.4726 -23.7597 0
      vertex -50.8742 -23.4302 15.875
      vertex -50.4726 -23.7597 15.875
    endloop
  endfacet
  facet normal 0.634296 0.77309 0
    outer loop
      vertex -50.8742 -23.4302 15.875
      vertex -50.4726 -23.7597 0
      vertex -50.8742 -23.4302 0
    endloop
  endfacet
  facet normal 0.471308 0.881969 -0
    outer loop
      vertex -49.1513 -24.5814 0
      vertex -49.6094 -24.3366 15.875
      vertex -49.1513 -24.5814 15.875
    endloop
  endfacet
  facet normal 0.471308 0.881969 0
    outer loop
      vertex -49.6094 -24.3366 15.875
      vertex -49.1513 -24.5814 0
      vertex -49.6094 -24.3366 0
    endloop
  endfacet
  facet normal 0.352262 0.935901 -0
    outer loop
      vertex -48.192 -24.9788 0
      vertex -48.6782 -24.7958 15.875
      vertex -48.192 -24.9788 15.875
    endloop
  endfacet
  facet normal 0.352262 0.935901 0
    outer loop
      vertex -48.6782 -24.7958 15.875
      vertex -48.192 -24.9788 0
      vertex -48.6782 -24.7958 0
    endloop
  endfacet
  facet normal 0.227151 0.97386 -0
    outer loop
      vertex -47.1891 -25.2475 0
      vertex -47.695 -25.1295 15.875
      vertex -47.1891 -25.2475 15.875
    endloop
  endfacet
  facet normal 0.227151 0.97386 0
    outer loop
      vertex -47.695 -25.1295 15.875
      vertex -47.1891 -25.2475 0
      vertex -47.695 -25.1295 0
    endloop
  endfacet
  facet normal 0.849197 0.528077 0
    outer loop
      vertex -52.2404 -21.8723 15.875
      vertex -52.5147 -21.4312 0
      vertex -52.5147 -21.4312 15.875
    endloop
  endfacet
  facet normal 0.849197 0.528077 0
    outer loop
      vertex -52.5147 -21.4312 0
      vertex -52.2404 -21.8723 15.875
      vertex -52.2404 -21.8723 0
    endloop
  endfacet
  facet normal 0.772918 0.634505 0
    outer loop
      vertex -51.6083 -22.696 15.875
      vertex -51.9379 -22.2945 0
      vertex -51.9379 -22.2945 15.875
    endloop
  endfacet
  facet normal 0.772918 0.634505 0
    outer loop
      vertex -51.9379 -22.2945 0
      vertex -51.6083 -22.696 15.875
      vertex -51.6083 -22.696 0
    endloop
  endfacet
  facet normal 0.986648 0.162869 0
    outer loop
      vertex -53.4256 -19.011 15.875
      vertex -53.5102 -18.4985 0
      vertex -53.5102 -18.4985 15.875
    endloop
  endfacet
  facet normal 0.986648 0.162869 0
    outer loop
      vertex -53.5102 -18.4985 0
      vertex -53.4256 -19.011 15.875
      vertex -53.4256 -19.011 0
    endloop
  endfacet
  facet normal -0.0979977 0.995187 0
    outer loop
      vertex 46.6767 -25.3321 0
      vertex 46.1598 -25.383 15.875
      vertex 46.6767 -25.3321 15.875
    endloop
  endfacet
  facet normal -0.0979977 0.995187 0
    outer loop
      vertex 46.1598 -25.383 15.875
      vertex 46.6767 -25.3321 0
      vertex 46.1598 -25.383 0
    endloop
  endfacet
  facet normal -0.290173 0.956974 0
    outer loop
      vertex 48.192 -24.9788 0
      vertex 47.695 -25.1295 15.875
      vertex 48.192 -24.9788 15.875
    endloop
  endfacet
  facet normal -0.290173 0.956974 0
    outer loop
      vertex 47.695 -25.1295 15.875
      vertex 48.192 -24.9788 0
      vertex 47.695 -25.1295 0
    endloop
  endfacet
  facet normal -0.995187 -0.0979977 0
    outer loop
      vertex 53.5611 17.9816 0
      vertex 53.5102 18.4985 15.875
      vertex 53.5102 18.4985 0
    endloop
  endfacet
  facet normal -0.995187 -0.0979977 0
    outer loop
      vertex 53.5102 18.4985 15.875
      vertex 53.5611 17.9816 0
      vertex 53.5611 17.9816 15.875
    endloop
  endfacet
  facet normal -0.471308 -0.881969 0
    outer loop
      vertex 49.1513 24.5814 0
      vertex 49.6094 24.3366 15.875
      vertex 49.1513 24.5814 15.875
    endloop
  endfacet
  facet normal -0.471308 -0.881969 -0
    outer loop
      vertex 49.6094 24.3366 15.875
      vertex 49.1513 24.5814 0
      vertex 49.6094 24.3366 0
    endloop
  endfacet
  facet normal -0.290173 -0.956974 0
    outer loop
      vertex 47.695 25.1295 0
      vertex 48.192 24.9788 15.875
      vertex 47.695 25.1295 15.875
    endloop
  endfacet
  facet normal -0.290173 -0.956974 -0
    outer loop
      vertex 48.192 24.9788 15.875
      vertex 47.695 25.1295 0
      vertex 48.192 24.9788 0
    endloop
  endfacet
  facet normal -0.227151 -0.97386 0
    outer loop
      vertex 47.1891 25.2475 0
      vertex 47.695 25.1295 15.875
      vertex 47.1891 25.2475 15.875
    endloop
  endfacet
  facet normal -0.227151 -0.97386 -0
    outer loop
      vertex 47.695 25.1295 15.875
      vertex 47.1891 25.2475 0
      vertex 47.695 25.1295 0
    endloop
  endfacet
  facet normal -0.0979977 -0.995187 0
    outer loop
      vertex 46.1598 25.383 0
      vertex 46.6767 25.3321 15.875
      vertex 46.1598 25.383 15.875
    endloop
  endfacet
  facet normal -0.0979977 -0.995187 -0
    outer loop
      vertex 46.6767 25.3321 15.875
      vertex 46.1598 25.383 0
      vertex 46.6767 25.3321 0
    endloop
  endfacet
  facet normal -0.986648 -0.162869 0
    outer loop
      vertex 53.5102 18.4985 0
      vertex 53.4256 19.011 15.875
      vertex 53.4256 19.011 0
    endloop
  endfacet
  facet normal -0.986648 -0.162869 0
    outer loop
      vertex 53.4256 19.011 15.875
      vertex 53.5102 18.4985 0
      vertex 53.5102 18.4985 15.875
    endloop
  endfacet
  facet normal -0.97386 -0.227151 0
    outer loop
      vertex 53.4256 19.011 0
      vertex 53.3076 19.5169 15.875
      vertex 53.3076 19.5169 0
    endloop
  endfacet
  facet normal -0.97386 -0.227151 0
    outer loop
      vertex 53.3076 19.5169 15.875
      vertex 53.4256 19.011 0
      vertex 53.4256 19.011 15.875
    endloop
  endfacet
  facet normal -0.956974 -0.290173 0
    outer loop
      vertex 53.3076 19.5169 0
      vertex 53.1569 20.0139 15.875
      vertex 53.1569 20.0139 0
    endloop
  endfacet
  facet normal -0.956974 -0.290173 0
    outer loop
      vertex 53.1569 20.0139 15.875
      vertex 53.3076 19.5169 0
      vertex 53.3076 19.5169 15.875
    endloop
  endfacet
  facet normal -0.881926 -0.471388 0
    outer loop
      vertex 52.7595 20.9732 0
      vertex 52.5147 21.4312 15.875
      vertex 52.5147 21.4312 0
    endloop
  endfacet
  facet normal -0.881926 -0.471388 0
    outer loop
      vertex 52.5147 21.4312 15.875
      vertex 52.7595 20.9732 0
      vertex 52.7595 20.9732 15.875
    endloop
  endfacet
  facet normal 0.412773 -0.910834 0
    outer loop
      vertex -49.1513 24.5814 0
      vertex -48.6782 24.7958 15.875
      vertex -49.1513 24.5814 15.875
    endloop
  endfacet
  facet normal 0.412773 -0.910834 0
    outer loop
      vertex -48.6782 24.7958 15.875
      vertex -49.1513 24.5814 0
      vertex -48.6782 24.7958 0
    endloop
  endfacet
  facet normal 0.352262 -0.935901 0
    outer loop
      vertex -48.6782 24.7958 0
      vertex -48.192 24.9788 15.875
      vertex -48.6782 24.7958 15.875
    endloop
  endfacet
  facet normal 0.352262 -0.935901 0
    outer loop
      vertex -48.192 24.9788 15.875
      vertex -48.6782 24.7958 0
      vertex -48.192 24.9788 0
    endloop
  endfacet
  facet normal -0.471308 0.881969 0
    outer loop
      vertex 49.6094 -24.3366 0
      vertex 49.1513 -24.5814 15.875
      vertex 49.6094 -24.3366 15.875
    endloop
  endfacet
  facet normal -0.471308 0.881969 0
    outer loop
      vertex 49.1513 -24.5814 15.875
      vertex 49.6094 -24.3366 0
      vertex 49.1513 -24.5814 0
    endloop
  endfacet
  facet normal -0.58264 0.812731 0
    outer loop
      vertex 50.4726 -23.7597 0
      vertex 50.0505 -24.0623 15.875
      vertex 50.4726 -23.7597 15.875
    endloop
  endfacet
  facet normal -0.58264 0.812731 0
    outer loop
      vertex 50.0505 -24.0623 15.875
      vertex 50.4726 -23.7597 0
      vertex 50.0505 -24.0623 0
    endloop
  endfacet
  facet normal -0.772918 0.634505 0
    outer loop
      vertex 51.6083 -22.696 0
      vertex 51.9379 -22.2945 15.875
      vertex 51.9379 -22.2945 0
    endloop
  endfacet
  facet normal -0.772918 0.634505 0
    outer loop
      vertex 51.9379 -22.2945 15.875
      vertex 51.6083 -22.696 0
      vertex 51.6083 -22.696 15.875
    endloop
  endfacet
  facet normal -0.683627 0.729831 0
    outer loop
      vertex 51.2533 -23.0751 0
      vertex 50.8742 -23.4302 15.875
      vertex 51.2533 -23.0751 15.875
    endloop
  endfacet
  facet normal -0.683627 0.729831 0
    outer loop
      vertex 50.8742 -23.4302 15.875
      vertex 51.2533 -23.0751 0
      vertex 50.8742 -23.4302 0
    endloop
  endfacet
  facet normal -0.956974 0.290173 0
    outer loop
      vertex 53.1569 -20.0139 0
      vertex 53.3076 -19.5169 15.875
      vertex 53.3076 -19.5169 0
    endloop
  endfacet
  facet normal -0.956974 0.290173 0
    outer loop
      vertex 53.3076 -19.5169 15.875
      vertex 53.1569 -20.0139 0
      vertex 53.1569 -20.0139 15.875
    endloop
  endfacet
  facet normal -0.986648 0.162869 0
    outer loop
      vertex 53.4256 -19.011 0
      vertex 53.5102 -18.4985 15.875
      vertex 53.5102 -18.4985 0
    endloop
  endfacet
  facet normal -0.986648 0.162869 0
    outer loop
      vertex 53.5102 -18.4985 15.875
      vertex 53.4256 -19.011 0
      vertex 53.4256 -19.011 15.875
    endloop
  endfacet
  facet normal -0.849197 0.528077 0
    outer loop
      vertex 52.2404 -21.8723 0
      vertex 52.5147 -21.4312 15.875
      vertex 52.5147 -21.4312 0
    endloop
  endfacet
  facet normal -0.849197 0.528077 0
    outer loop
      vertex 52.5147 -21.4312 15.875
      vertex 52.2404 -21.8723 0
      vertex 52.2404 -21.8723 15.875
    endloop
  endfacet
  facet normal 0.58264 0.812731 -0
    outer loop
      vertex -50.0505 -24.0623 0
      vertex -50.4726 -23.7597 15.875
      vertex -50.0505 -24.0623 15.875
    endloop
  endfacet
  facet normal 0.58264 0.812731 0
    outer loop
      vertex -50.4726 -23.7597 15.875
      vertex -50.0505 -24.0623 0
      vertex -50.4726 -23.7597 0
    endloop
  endfacet
  facet normal 0.412773 0.910834 -0
    outer loop
      vertex -48.6782 -24.7958 0
      vertex -49.1513 -24.5814 15.875
      vertex -48.6782 -24.7958 15.875
    endloop
  endfacet
  facet normal 0.412773 0.910834 0
    outer loop
      vertex -49.1513 -24.5814 15.875
      vertex -48.6782 -24.7958 0
      vertex -49.1513 -24.5814 0
    endloop
  endfacet
  facet normal 0.290173 0.956974 -0
    outer loop
      vertex -47.695 -25.1295 0
      vertex -48.192 -24.9788 15.875
      vertex -47.695 -25.1295 15.875
    endloop
  endfacet
  facet normal 0.290173 0.956974 0
    outer loop
      vertex -48.192 -24.9788 15.875
      vertex -47.695 -25.1295 0
      vertex -48.192 -24.9788 0
    endloop
  endfacet
  facet normal 0.1629 0.986643 -0
    outer loop
      vertex -46.6767 -25.3321 0
      vertex -47.1891 -25.2475 15.875
      vertex -46.6767 -25.3321 15.875
    endloop
  endfacet
  facet normal 0.1629 0.986643 0
    outer loop
      vertex -47.1891 -25.2475 15.875
      vertex -46.6767 -25.3321 0
      vertex -47.1891 -25.2475 0
    endloop
  endfacet
  facet normal 0.812887 0.582421 0
    outer loop
      vertex -51.9379 -22.2945 15.875
      vertex -52.2404 -21.8723 0
      vertex -52.2404 -21.8723 15.875
    endloop
  endfacet
  facet normal 0.812887 0.582421 0
    outer loop
      vertex -52.2404 -21.8723 0
      vertex -51.9379 -22.2945 15.875
      vertex -51.9379 -22.2945 0
    endloop
  endfacet
  facet normal 0.729927 0.683525 0
    outer loop
      vertex -51.2533 -23.0751 15.875
      vertex -51.6083 -22.696 0
      vertex -51.6083 -22.696 15.875
    endloop
  endfacet
  facet normal 0.729927 0.683525 0
    outer loop
      vertex -51.6083 -22.696 0
      vertex -51.2533 -23.0751 15.875
      vertex -51.2533 -23.0751 0
    endloop
  endfacet
  facet normal 0.935877 0.352326 0
    outer loop
      vertex -52.9739 -20.5 15.875
      vertex -53.1569 -20.0139 0
      vertex -53.1569 -20.0139 15.875
    endloop
  endfacet
  facet normal 0.935877 0.352326 0
    outer loop
      vertex -53.1569 -20.0139 0
      vertex -52.9739 -20.5 15.875
      vertex -52.9739 -20.5 0
    endloop
  endfacet
  facet normal 0.97386 0.227151 0
    outer loop
      vertex -53.3076 -19.5169 15.875
      vertex -53.4256 -19.011 0
      vertex -53.4256 -19.011 15.875
    endloop
  endfacet
  facet normal 0.97386 0.227151 0
    outer loop
      vertex -53.4256 -19.011 0
      vertex -53.3076 -19.5169 15.875
      vertex -53.3076 -19.5169 0
    endloop
  endfacet
  facet normal -0.634296 -0.77309 0
    outer loop
      vertex 50.4726 23.7597 0
      vertex 50.8742 23.4302 15.875
      vertex 50.4726 23.7597 15.875
    endloop
  endfacet
  facet normal -0.634296 -0.77309 -0
    outer loop
      vertex 50.8742 23.4302 15.875
      vertex 50.4726 23.7597 0
      vertex 50.8742 23.4302 0
    endloop
  endfacet
  facet normal -0.683627 -0.729831 0
    outer loop
      vertex 50.8742 23.4302 0
      vertex 51.2533 23.0751 15.875
      vertex 50.8742 23.4302 15.875
    endloop
  endfacet
  facet normal -0.683627 -0.729831 -0
    outer loop
      vertex 51.2533 23.0751 15.875
      vertex 50.8742 23.4302 0
      vertex 51.2533 23.0751 0
    endloop
  endfacet
  facet normal -0.729927 -0.683525 0
    outer loop
      vertex 51.6083 22.696 0
      vertex 51.2533 23.0751 15.875
      vertex 51.2533 23.0751 0
    endloop
  endfacet
  facet normal -0.729927 -0.683525 0
    outer loop
      vertex 51.2533 23.0751 15.875
      vertex 51.6083 22.696 0
      vertex 51.6083 22.696 15.875
    endloop
  endfacet
  facet normal -0.352262 -0.935901 0
    outer loop
      vertex 48.192 24.9788 0
      vertex 48.6782 24.7958 15.875
      vertex 48.192 24.9788 15.875
    endloop
  endfacet
  facet normal -0.352262 -0.935901 -0
    outer loop
      vertex 48.6782 24.7958 15.875
      vertex 48.192 24.9788 0
      vertex 48.6782 24.7958 0
    endloop
  endfacet
  facet normal -0.412773 -0.910834 0
    outer loop
      vertex 48.6782 24.7958 0
      vertex 49.1513 24.5814 15.875
      vertex 48.6782 24.7958 15.875
    endloop
  endfacet
  facet normal -0.412773 -0.910834 -0
    outer loop
      vertex 49.1513 24.5814 15.875
      vertex 48.6782 24.7958 0
      vertex 49.1513 24.5814 0
    endloop
  endfacet
  facet normal -0.1629 -0.986643 0
    outer loop
      vertex 46.6767 25.3321 0
      vertex 47.1891 25.2475 15.875
      vertex 46.6767 25.3321 15.875
    endloop
  endfacet
  facet normal -0.1629 -0.986643 -0
    outer loop
      vertex 47.1891 25.2475 15.875
      vertex 46.6767 25.3321 0
      vertex 47.1891 25.2475 0
    endloop
  endfacet
  facet normal -0.910867 -0.4127 0
    outer loop
      vertex 52.9739 20.5 0
      vertex 52.7595 20.9732 15.875
      vertex 52.7595 20.9732 0
    endloop
  endfacet
  facet normal -0.910867 -0.4127 0
    outer loop
      vertex 52.7595 20.9732 15.875
      vertex 52.9739 20.5 0
      vertex 52.9739 20.5 15.875
    endloop
  endfacet
  facet normal -0.812887 -0.582421 0
    outer loop
      vertex 52.2404 21.8723 0
      vertex 51.9379 22.2945 15.875
      vertex 51.9379 22.2945 0
    endloop
  endfacet
  facet normal -0.812887 -0.582421 0
    outer loop
      vertex 51.9379 22.2945 15.875
      vertex 52.2404 21.8723 0
      vertex 52.2404 21.8723 15.875
    endloop
  endfacet
  facet normal -0.412773 0.910834 0
    outer loop
      vertex 49.1513 -24.5814 0
      vertex 48.6782 -24.7958 15.875
      vertex 49.1513 -24.5814 15.875
    endloop
  endfacet
  facet normal -0.412773 0.910834 0
    outer loop
      vertex 48.6782 -24.7958 15.875
      vertex 49.1513 -24.5814 0
      vertex 48.6782 -24.7958 0
    endloop
  endfacet
  facet normal 0.0979977 0.995187 -0
    outer loop
      vertex -46.1598 -25.383 0
      vertex -46.6767 -25.3321 15.875
      vertex -46.1598 -25.383 15.875
    endloop
  endfacet
  facet normal 0.0979977 0.995187 0
    outer loop
      vertex -46.6767 -25.3321 15.875
      vertex -46.1598 -25.383 0
      vertex -46.6767 -25.3321 0
    endloop
  endfacet
  facet normal 0.683627 0.729831 -0
    outer loop
      vertex -50.8742 -23.4302 0
      vertex -51.2533 -23.0751 15.875
      vertex -50.8742 -23.4302 15.875
    endloop
  endfacet
  facet normal 0.683627 0.729831 0
    outer loop
      vertex -51.2533 -23.0751 15.875
      vertex -50.8742 -23.4302 0
      vertex -51.2533 -23.0751 0
    endloop
  endfacet
  facet normal 0.910867 0.4127 0
    outer loop
      vertex -52.7595 -20.9732 15.875
      vertex -52.9739 -20.5 0
      vertex -52.9739 -20.5 15.875
    endloop
  endfacet
  facet normal 0.910867 0.4127 0
    outer loop
      vertex -52.9739 -20.5 0
      vertex -52.7595 -20.9732 15.875
      vertex -52.7595 -20.9732 0
    endloop
  endfacet
  facet normal -0.528077 -0.849197 0
    outer loop
      vertex 49.6094 24.3366 0
      vertex 50.0505 24.0623 15.875
      vertex 49.6094 24.3366 15.875
    endloop
  endfacet
  facet normal -0.528077 -0.849197 -0
    outer loop
      vertex 50.0505 24.0623 15.875
      vertex 49.6094 24.3366 0
      vertex 50.0505 24.0623 0
    endloop
  endfacet
  facet normal -0.58264 -0.812731 0
    outer loop
      vertex 50.0505 24.0623 0
      vertex 50.4726 23.7597 15.875
      vertex 50.0505 24.0623 15.875
    endloop
  endfacet
  facet normal -0.58264 -0.812731 -0
    outer loop
      vertex 50.4726 23.7597 15.875
      vertex 50.0505 24.0623 0
      vertex 50.4726 23.7597 0
    endloop
  endfacet
  facet normal -0.772918 -0.634505 0
    outer loop
      vertex 51.9379 22.2945 0
      vertex 51.6083 22.696 15.875
      vertex 51.6083 22.696 0
    endloop
  endfacet
  facet normal -0.772918 -0.634505 0
    outer loop
      vertex 51.6083 22.696 15.875
      vertex 51.9379 22.2945 0
      vertex 51.9379 22.2945 15.875
    endloop
  endfacet
  facet normal -0.935877 -0.352326 0
    outer loop
      vertex 53.1569 20.0139 0
      vertex 52.9739 20.5 15.875
      vertex 52.9739 20.5 0
    endloop
  endfacet
  facet normal -0.935877 -0.352326 0
    outer loop
      vertex 52.9739 20.5 15.875
      vertex 53.1569 20.0139 0
      vertex 53.1569 20.0139 15.875
    endloop
  endfacet
endsolid OpenSCAD_Model
